family,technique,corpus_or_scope,seeds,blocked_total,requests_total,fp_pct
sqli,CG-Adaptive,bwapp_login,5,0,5000,0.0000
sqli,CG-Adaptive,bwapp_search,5,0,5000,0.0000
sqli,CG-Adaptive,csic,5,4305,41815,10.2953
sqli,CG-Adaptive,customapp,5,11,10000,0.1100
sqli,CG-Adaptive,juice_login,5,0,5000,0.0000
sqli,CG-Adaptive,juice_search,5,0,5000,0.0000
sqli,CG-Static,bwapp_login,5,0,5000,0.0000
sqli,CG-Static,bwapp_search,5,0,5000,0.0000
sqli,CG-Static,csic,5,4305,41815,10.2953
sqli,CG-Static,customapp,5,18,10000,0.1800
sqli,CG-Static,juice_login,5,0,5000,0.0000
sqli,CG-Static,juice_search,5,0,5000,0.0000
sqli,CRS-only,bwapp_login,1,0,1000,0.0000
sqli,CRS-only,bwapp_search,1,0,1000,0.0000
sqli,CRS-only,csic,1,861,8363,10.2953
sqli,CRS-only,customapp,1,0,2000,0.0000
sqli,CRS-only,juice_login,1,0,1000,0.0000
sqli,CRS-only,juice_search,1,0,1000,0.0000
xss,CG-Adaptive,bwapp_calc,5,0,10000,0.0000
xss,CG-Adaptive,csic,5,4305,41815,10.2953
xss,CG-Adaptive,customapp,5,0,10000,0.0000
xss,CG-Static,bwapp_calc,5,0,10000,0.0000
xss,CG-Static,csic,5,4305,41815,10.2953
xss,CG-Static,customapp,5,0,10000,0.0000
xss,CRS-only,bwapp_calc,1,0,2000,0.0000
xss,CRS-only,csic,1,861,8363,10.2953
xss,CRS-only,customapp,1,0,2000,0.0000
