family,page,strategy,epsilon,seed,iter,generated,valid_n,bypassed_n,num_clusters,retries,rules_added,num_rules,num_hard,block_after_pct_byp,added_fp_pct,uniqueness_pct,attack_in_tokens,attack_out_tokens,defense_in_tokens,defense_out_tokens,rule_eval_s
SQLi,login,PP,,1,0,46,38,33,0,0,12,12,0,100.0,0.00,12.1,2367,339,107135,9061,56.64
SQLi,login,PP,,2,0,50,44,40,0,0,11,11,0,100.0,0.00,27.5,2367,364,130900,11270,54.99
SQLi,login,PP,,3,0,46,34,31,0,0,6,6,0,100.0,0.00,19.4,2367,349,114522,9530,32.99
SQLi,login,PP,,4,0,48,34,28,0,0,6,6,0,100.0,0.00,14.3,2367,365,101705,9287,30.82
SQLi,login,PP,,5,0,50,34,27,0,0,4,4,0,100.0,0.00,33.3,2367,406,102670,8381,24.54
SQLi,login,PP,,6,0,47,43,39,0,0,8,8,0,100.0,0.00,7.7,2367,354,141329,12756,45.17
SQLi,login,PP,,7,0,47,42,39,0,0,11,11,0,100.0,0.00,25.6,2367,385,133598,11183,61.92
SQLi,login,PP,,8,0,48,39,34,0,0,13,13,0,100.0,0.00,38.2,2367,396,107852,8844,69.02
SQLi,login,PP,,9,0,45,34,29,0,0,12,12,0,100.0,0.00,24.1,2367,341,98974,9383,61.44
SQLi,login,PP,,10,0,42,31,27,0,0,12,12,0,100.0,0.05,18.5,2367,344,83376,7338,58.74
SQLi,login,CG,0.3,1,0,44,41,37,1,3,1,1,33,10.8,0.55,10.8,2367,336,3765,267,12.23
SQLi,login,CG,0.3,1,1,50,40,37,4,2,2,3,0,100.0,0.55,37.8,3465,482,2357,180,19.35
SQLi,login,CG,0.3,2,0,49,36,26,2,3,1,1,20,23.1,0.00,26.9,2367,357,3785,284,13.43
SQLi,login,CG,0.3,2,1,50,47,47,4,1,1,2,0,100.0,0.00,29.8,3120,462,1262,101,10.13
SQLi,login,CG,0.3,3,0,46,40,38,2,2,2,2,0,100.0,0.00,18.4,2367,357,2475,185,19.50
SQLi,login,CG,0.3,4,0,47,36,31,2,3,2,2,0,100.0,0.00,35.5,2367,344,3780,300,17.70
SQLi,login,CG,0.3,5,0,46,37,31,3,9,1,1,25,19.4,0.00,9.7,2367,369,10916,902,20.18
SQLi,login,CG,0.3,5,1,50,45,45,4,3,1,2,0,100.0,0.00,24.4,3309,508,4051,275,15.90
SQLi,login,CG,0.3,6,0,47,33,28,2,6,1,1,22,21.4,0.55,21.4,2367,359,7228,590,17.10
SQLi,login,CG,0.3,6,1,50,39,33,5,5,1,2,0,100.0,0.55,66.7,3201,500,6254,644,16.64
SQLi,login,CG,0.3,7,0,43,32,27,1,3,1,1,24,11.1,0.55,7.4,2367,328,3775,312,13.70
SQLi,login,CG,0.3,7,1,50,45,45,3,9,0,1,45,0.0,0.55,15.6,3228,502,10914,864,13.89
SQLi,login,CG,0.3,7,2,50,21,18,2,6,0,1,18,0.0,0.55,66.7,4203,636,7731,621,12.02
SQLi,login,CG,0.3,7,3,51,41,39,12,36,0,1,39,0.0,0.55,76.9,3375,737,42408,3365,48.04
SQLi,login,CG,0.3,7,4,50,50,50,10,9,1,2,0,100.0,0.55,80.0,4584,805,11208,897,20.91
SQLi,login,CG,0.3,8,0,51,35,28,1,3,1,1,25,10.7,0.55,14.3,2367,376,3804,264,13.38
SQLi,login,CG,0.3,8,1,50,31,31,2,6,0,1,31,0.0,0.55,16.1,3327,509,7499,579,11.51
SQLi,login,CG,0.3,8,2,50,45,44,2,2,2,3,0,100.0,0.55,22.7,3726,521,2357,198,18.94
SQLi,login,CG,0.3,9,0,48,30,25,1,3,1,1,17,32.0,0.00,28.0,2367,385,3790,280,12.63
SQLi,login,CG,0.3,9,1,51,41,41,4,1,1,2,0,100.0,0.00,31.7,3060,517,1283,91,10.34
SQLi,login,CG,0.3,10,0,44,38,34,2,3,1,1,19,44.1,0.55,14.7,2367,313,3753,311,17.34
SQLi,login,CG,0.3,10,1,50,46,44,2,1,1,2,0,100.0,0.55,9.1,3066,439,1263,95,12.82
SQLi,search,PP,,1,0,49,49,48,0,0,40,40,0,100.0,0.55,0.0,2487,1977,94018,10531,198.32
SQLi,search,PP,,2,0,50,43,43,0,0,35,35,0,100.0,0.55,2.3,2487,1815,104051,11997,171.10
SQLi,search,PP,,3,0,61,38,38,0,0,26,26,0,100.0,0.55,5.3,2487,2095,103852,11996,131.30
SQLi,search,PP,,4,0,50,49,48,0,0,33,33,0,100.0,0.55,6.2,2487,1867,138366,16053,165.56
SQLi,search,PP,,5,0,50,46,45,0,0,33,33,0,100.0,0.55,20.0,2487,1864,121171,13756,163.89
SQLi,search,PP,,6,0,50,50,49,0,0,37,37,0,100.0,0.55,44.9,2487,1931,113059,12988,186.38
SQLi,search,PP,,7,0,51,49,49,0,0,39,39,0,100.0,0.55,2.0,2487,1989,111371,12763,190.16
SQLi,search,PP,,8,0,51,48,48,0,0,25,25,0,100.0,0.55,14.6,2487,2074,141673,14045,125.03
SQLi,search,PP,,9,0,50,46,46,0,0,30,30,0,100.0,0.55,15.2,2487,1778,125608,12649,152.58
SQLi,search,PP,,10,0,61,47,45,0,0,29,29,0,100.0,0.55,8.9,2487,2026,126377,12826,147.61
SQLi,search,CG,0.3,1,0,55,42,42,3,1,1,1,0,100.0,0.00,21.4,2487,1712,1684,122,12.07
SQLi,search,CG,0.3,2,0,51,47,47,2,1,1,1,0,100.0,0.00,19.1,2487,1813,1663,138,11.43
SQLi,search,CG,0.3,3,0,50,48,48,2,1,1,1,0,100.0,0.00,14.6,2487,1648,1624,117,12.14
SQLi,search,CG,0.3,4,0,50,49,48,1,2,2,2,0,100.0,0.00,14.6,2487,1946,2978,244,16.92
SQLi,search,CG,0.3,5,0,50,49,48,6,1,1,1,0,100.0,0.00,20.8,2487,1890,1713,124,12.81
SQLi,search,CG,0.3,6,0,49,47,46,1,2,2,2,0,100.0,0.00,8.7,2487,1948,2819,237,17.59
SQLi,search,CG,0.3,6,2,50,45,1,1,1,1,3,0,100.0,0.55,100.0,2586,1959,1094,101,11.86
SQLi,search,CG,0.3,7,0,50,46,45,2,1,1,1,0,100.0,0.00,17.8,2487,1954,1707,122,7.96
SQLi,search,CG,0.3,8,0,50,50,49,2,1,1,1,0,100.0,0.00,20.4,2487,1772,1640,138,11.71
SQLi,search,CG,0.3,9,0,50,50,50,2,1,1,1,0,100.0,0.00,10.0,2487,1688,1675,123,11.82
SQLi,search,CG,0.3,10,0,50,45,45,5,1,1,1,0,100.0,0.00,20.0,2487,2008,1719,120,11.71
SQLi,product,PP,,1,0,50,42,41,0,0,21,21,0,100.0,0.55,24.4,2448,1900,125464,13479,112.04
SQLi,product,PP,,2,0,50,48,47,0,0,19,19,0,100.0,0.55,4.3,2448,1846,147038,14929,99.63
SQLi,product,PP,,3,0,52,48,46,0,0,23,23,0,100.0,0.55,15.2,2448,2064,151988,16150,119.56
SQLi,product,PP,,4,0,50,46,46,0,0,23,23,0,100.0,0.55,4.3,2448,2002,146526,15708,127.93
SQLi,product,PP,,5,0,50,43,43,0,0,15,15,0,100.0,0.55,2.3,2448,2019,141423,14972,78.35
SQLi,product,PP,,6,0,49,47,45,0,0,18,18,0,100.0,0.55,4.4,2448,2083,152713,15995,92.37
SQLi,product,PP,,7,0,50,49,49,0,0,29,29,0,100.0,0.55,12.2,2448,2109,131603,14144,147.35
SQLi,product,PP,,8,0,50,49,47,0,0,19,19,0,100.0,0.55,6.4,2448,2094,149055,15350,97.01
SQLi,product,PP,,9,0,50,45,44,0,0,22,22,0,100.0,0.55,15.9,2448,1994,145647,15401,111.62
SQLi,product,PP,,10,0,49,39,37,0,0,10,10,0,100.0,0.55,13.5,2448,2044,129521,13360,54.37
SQLi,product,CG,0.3,1,0,50,40,39,4,2,2,2,0,100.0,0.00,25.6,2448,1859,2804,241,11.11
SQLi,product,CG,0.3,2,0,50,48,48,2,1,1,1,0,100.0,0.00,4.2,2448,1868,1668,120,11.79
SQLi,product,CG,0.3,3,0,50,39,36,6,1,1,1,0,100.0,0.00,22.2,2448,2021,1700,138,11.84
SQLi,product,CG,0.3,4,0,50,47,47,2,1,1,1,0,100.0,0.00,21.3,2448,2000,1332,120,11.13
SQLi,product,CG,0.3,5,0,50,45,44,3,1,1,1,0,100.0,0.00,11.4,2448,2061,1733,122,11.84
SQLi,product,CG,0.3,6,0,49,42,42,3,1,1,1,0,100.0,0.00,16.7,2448,2008,1726,124,11.33
SQLi,product,CG,0.3,7,0,50,40,40,2,1,1,1,0,100.0,0.00,12.5,2448,2161,1759,124,11.59
SQLi,product,CG,0.3,8,0,50,43,42,7,1,1,1,0,100.0,0.00,21.4,2448,2105,1764,136,11.18
SQLi,product,CG,0.3,9,0,50,46,44,2,1,1,1,0,100.0,0.00,9.1,2448,2293,1794,133,11.65
SQLi,product,CG,0.3,10,0,50,40,39,3,2,2,2,0,100.0,0.00,23.1,2448,2179,2916,245,17.13
SQLi,product,CG,0.3,10,3,50,47,0,0,,0,2,0,100.0,0.00,0.0,2544,1410,0,0,5.65
SQLi,filter,PP,,1,0,48,48,48,0,0,34,34,0,100.0,0.55,0.0,2403,1841,142809,13605,171.29
SQLi,filter,PP,,2,0,49,47,45,0,0,26,26,0,100.0,0.00,6.7,2403,1866,137761,12885,133.29
SQLi,filter,PP,,3,0,49,48,48,0,0,34,34,0,100.0,0.00,6.2,2403,1868,146870,13736,174.64
SQLi,filter,PP,,3,2,50,44,22,0,0,0,34,22,0.0,0.00,40.9,2823,2001,89930,8175,8.05
SQLi,filter,PP,,3,3,50,41,29,0,0,1,35,0,100.0,0.00,48.3,5166,2171,118832,10810,14.42
SQLi,filter,PP,,4,0,48,45,40,0,0,29,29,0,100.0,0.00,0.0,2403,1875,115956,11028,144.80
SQLi,filter,PP,,4,2,50,43,20,0,0,0,29,20,0.0,0.00,5.0,2487,1386,81127,7506,8.55
SQLi,filter,PP,,4,3,50,43,23,0,0,0,29,23,0.0,0.00,17.4,4128,1456,93260,8523,8.70
SQLi,filter,PP,,4,4,50,44,42,0,0,0,29,42,0.0,0.00,21.4,4470,1461,170371,15705,13.24
SQLi,filter,PP,,4,5,50,44,43,0,0,0,29,43,0.0,0.00,16.3,6159,1508,174590,15897,13.88
SQLi,filter,PP,,4,6,50,45,45,0,0,0,29,45,0.0,0.00,20.0,6465,1556,182785,16653,15.01
SQLi,filter,PP,,4,7,50,48,48,0,0,0,29,48,0.0,0.00,18.8,6843,1622,195094,17763,15.96
SQLi,filter,PP,,4,8,50,50,46,0,0,0,29,46,0.0,0.00,10.9,7320,1626,187023,17003,16.22
SQLi,filter,PP,,4,9,50,42,36,0,0,0,29,36,0.0,0.00,2.8,7158,1622,146365,13336,13.12
SQLi,filter,PP,,4,10,50,46,46,0,0,0,29,46,0.0,0.00,4.3,6093,1607,186936,16970,17.02
SQLi,filter,PP,,5,0,48,47,47,0,0,28,28,1,97.9,0.00,17.0,2403,1922,154520,14408,143.99
SQLi,filter,PP,,5,1,50,47,24,0,0,0,28,24,0.0,0.00,20.8,2541,1800,97907,9020,11.52
SQLi,filter,PP,,5,2,50,46,46,0,0,1,29,0,100.0,0.55,6.5,5016,1860,185033,17149,21.78
SQLi,filter,PP,,6,0,49,42,41,0,0,25,25,0,100.0,0.00,4.9,2403,2166,123246,11746,129.61
SQLi,filter,PP,,6,2,50,43,1,0,0,0,25,1,0.0,0.00,100.0,2514,2106,4166,450,3.64
SQLi,filter,PP,,6,3,50,41,3,0,0,0,25,3,0.0,0.00,33.3,2508,1880,12491,1346,4.16
SQLi,filter,PP,,6,4,50,39,10,0,0,0,25,10,0.0,0.00,10.0,2754,2038,41305,4439,5.86
SQLi,filter,PP,,6,5,50,50,35,0,0,3,28,0,100.0,0.55,5.7,3585,2014,138528,14124,31.04
SQLi,filter,PP,,6,8,50,43,1,0,0,0,28,1,0.0,0.55,100.0,2574,2336,4196,432,3.31
SQLi,filter,PP,,6,9,50,37,0,0,0,0,28,0,100.0,0.55,0.0,2583,1975,0,0,2.64
SQLi,filter,PP,,6,11,50,43,1,0,0,0,28,1,0.0,0.55,100.0,2550,2032,4092,362,2.56
SQLi,filter,PP,,6,12,50,40,0,0,0,0,28,0,100.0,0.55,0.0,2550,1644,0,0,2.98
SQLi,filter,PP,,6,14,50,43,14,0,0,0,28,14,0.0,0.55,7.1,3612,2853,58299,5689,8.70
SQLi,filter,PP,,7,0,50,46,46,0,0,30,30,0,100.0,0.00,10.9,2403,1711,142843,13346,159.87
SQLi,filter,PP,,7,3,50,45,42,0,0,0,30,42,0.0,0.00,2.4,2508,1639,171104,16012,15.66
SQLi,filter,PP,,7,4,50,47,31,0,0,0,30,31,0.0,0.00,19.4,6669,1890,126668,11924,13.24
SQLi,filter,PP,,7,5,50,46,45,0,0,1,31,0,100.0,0.55,13.3,5841,1811,180912,16770,24.30
SQLi,filter,PP,,8,0,50,48,47,0,0,31,31,0,100.0,0.55,4.3,2403,1932,145942,13752,164.36
SQLi,filter,PP,,9,0,49,46,43,0,0,35,35,0,100.0,0.55,2.3,2403,1845,124989,11846,184.39
SQLi,filter,PP,,10,0,50,45,44,0,0,28,28,2,95.5,0.00,0.0,2403,1975,132530,12528,148.71
SQLi,filter,PP,,10,1,50,40,34,0,0,1,29,0,100.0,0.05,23.5,2622,1916,136104,12635,20.16
SQLi,filter,CG,0.3,1,0,50,48,48,2,1,1,1,0,100.0,0.00,4.2,2403,1872,1658,122,13.25
SQLi,filter,CG,0.3,2,0,50,48,45,1,1,1,1,0,100.0,0.00,2.2,2403,1938,1696,117,10.54
SQLi,filter,CG,0.3,3,0,50,48,48,1,1,1,1,0,100.0,0.00,8.3,2403,1892,1678,120,11.61
SQLi,filter,CG,0.3,4,0,48,38,37,1,1,1,1,0,100.0,0.00,5.4,2403,1955,1676,124,11.84
SQLi,filter,CG,0.3,5,0,50,49,48,2,1,1,1,0,100.0,0.00,0.0,2403,1879,1672,120,11.90
SQLi,filter,CG,0.3,6,0,50,44,43,1,1,1,1,0,100.0,0.00,0.0,2403,1863,1673,120,11.71
SQLi,filter,CG,0.3,7,0,50,46,46,1,1,1,1,0,100.0,0.00,2.2,2403,1886,1667,124,11.70
SQLi,filter,CG,0.3,8,0,53,43,42,1,1,1,1,0,100.0,0.00,9.5,2403,1942,1678,124,12.36
SQLi,filter,CG,0.3,9,0,47,37,37,1,1,1,1,0,100.0,0.00,5.4,2403,1881,1679,122,11.67
SQLi,filter,CG,0.3,10,0,49,47,46,1,1,1,1,0,100.0,0.00,0.0,2403,1907,1694,118,13.45
XSS,search,PP,,1,0,46,40,16,0,0,16,16,0,100.0,0.00,68.8,1485,687,25994,2712,58.83
XSS,search,PP,,2,0,48,30,16,0,0,15,15,0,100.0,0.00,37.5,1485,710,29850,3157,50.20
XSS,search,PP,,3,0,49,19,8,0,0,8,8,0,100.0,0.00,50.0,1485,788,12980,1400,27.79
XSS,search,PP,,4,0,47,36,18,0,0,17,17,0,100.0,0.00,44.4,1485,731,33100,3468,58.45
XSS,search,PP,,5,0,48,38,14,0,0,13,13,0,100.0,0.00,50.0,1485,721,28524,3042,48.62
XSS,search,PP,,6,0,52,26,10,0,0,10,10,0,100.0,0.00,40.0,1485,955,16237,1684,34.32
XSS,search,PP,,7,0,48,23,8,0,0,7,7,0,100.0,0.00,50.0,1485,720,16846,1777,27.70
XSS,search,PP,,8,0,46,35,17,0,0,17,17,0,100.0,0.00,64.7,1485,651,27573,2924,57.68
XSS,search,PP,,9,0,50,24,14,0,0,13,13,0,100.0,0.00,57.1,1485,803,26566,2802,45.05
XSS,search,PP,,10,0,47,35,19,0,0,18,18,0,100.0,0.00,36.8,1485,910,34673,3646,66.95
XSS,search,CG,0.3,1,0,48,40,22,9,2,1,1,0,100.0,0.00,22.7,1485,750,3751,310,4.55
XSS,search,CG,0.3,2,0,43,40,24,9,2,2,2,0,100.0,0.00,41.7,1485,643,3416,362,15.13
XSS,search,CG,0.3,3,0,45,32,14,8,4,2,2,0,100.0,0.00,35.7,1485,835,7173,874,16.56
XSS,search,CG,0.3,4,0,47,25,12,6,4,2,2,0,100.0,0.00,50.0,1485,694,7155,1083,17.16
XSS,search,CG,0.3,5,0,50,15,6,6,2,1,1,0,100.0,0.00,100.0,1485,792,3467,356,10.14
XSS,search,CG,0.3,6,0,49,39,15,6,2,1,1,0,100.0,0.00,40.0,1485,809,3817,575,11.07
XSS,search,CG,0.3,6,2,49,31,10,1,1,1,2,0,100.0,0.00,40.0,1257,675,1832,143,8.00
XSS,search,CG,0.3,7,0,47,32,10,5,3,1,1,1,90.0,0.00,80.0,1485,744,5450,606,11.23
XSS,search,CG,0.3,7,1,49,33,10,3,2,1,2,0,100.0,0.00,20.0,1269,953,3555,358,10.41
XSS,search,CG,0.3,8,0,46,27,11,4,2,1,1,0,100.0,0.00,36.4,1485,827,3481,267,10.38
XSS,search,CG,0.3,8,3,50,30,2,2,1,1,2,0,100.0,0.00,100.0,1491,831,1700,257,8.98
XSS,search,CG,0.3,9,0,44,32,20,10,1,1,1,0,100.0,0.00,50.0,1485,678,1855,203,7.88
XSS,search,CG,0.3,10,0,49,25,11,7,3,2,2,0,100.0,0.00,81.8,1485,732,5254,462,16.14
XSS,calc,PP,,1,0,50,23,8,0,0,8,8,0,100.0,0.00,100.0,1440,702,14781,1532,28.88
XSS,calc,PP,,2,0,68,25,7,0,0,7,7,0,100.0,0.00,71.4,1440,965,11336,1264,26.72
XSS,calc,PP,,3,0,50,25,12,0,0,12,12,0,100.0,0.00,83.3,1440,655,19446,2069,41.51
XSS,calc,PP,,4,0,48,17,7,0,0,7,7,0,100.0,0.00,100.0,1440,716,11340,1276,24.97
XSS,calc,PP,,5,0,49,15,5,0,0,5,5,0,100.0,0.00,100.0,1440,755,8116,875,18.27
XSS,calc,PP,,6,0,51,25,12,0,0,9,9,0,100.0,0.00,83.3,1440,831,30675,2837,33.50
XSS,calc,PP,,7,0,50,9,8,0,0,8,8,0,100.0,0.00,75.0,1440,804,12965,1473,27.79
XSS,calc,PP,,8,0,50,15,8,0,0,7,7,0,100.0,0.00,100.0,1440,729,16879,1934,25.31
XSS,calc,PP,,9,0,49,7,3,0,0,3,3,0,100.0,0.00,100.0,1440,1165,4860,454,12.00
XSS,calc,PP,,10,0,46,15,4,0,0,4,4,0,100.0,0.00,100.0,1440,876,6613,690,17.08
XSS,calc,CG,0.3,1,0,48,11,3,3,1,1,1,0,100.0,0.00,100.0,1440,820,1701,256,12.27
XSS,calc,CG,0.3,1,3,48,19,2,2,1,1,2,0,100.0,0.00,100.0,1266,643,1693,106,7.60
XSS,calc,CG,0.3,2,0,51,18,4,4,1,1,1,0,100.0,0.00,100.0,1440,800,1713,262,8.95
XSS,calc,CG,0.3,2,3,50,19,12,4,3,2,3,0,100.0,0.00,50.0,1344,583,5430,448,13.75
XSS,calc,CG,0.3,3,0,56,23,10,6,1,1,1,0,100.0,0.00,80.0,1440,781,1699,188,9.04
XSS,calc,CG,0.3,3,2,47,31,3,1,2,2,3,0,100.0,0.00,33.3,1266,580,3409,252,11.63
XSS,calc,CG,0.3,4,0,51,27,12,7,3,2,2,0,100.0,0.00,66.7,1440,791,5305,565,13.58
XSS,calc,CG,0.3,5,0,49,12,4,3,3,2,2,0,100.0,0.00,100.0,1440,719,5245,2338,14.88
XSS,calc,CG,0.3,6,0,47,7,2,2,1,1,1,0,100.0,0.00,100.0,1440,1011,1698,206,7.90
XSS,calc,CG,0.3,7,0,50,21,6,5,3,1,1,0,100.0,0.00,66.7,1440,818,5455,705,14.63
XSS,calc,CG,0.3,8,0,49,15,9,8,2,2,2,0,100.0,0.00,100.0,1440,954,3426,347,14.72
XSS,calc,CG,0.3,8,2,49,20,7,1,1,1,3,0,100.0,0.00,28.6,1272,597,1768,149,8.19
XSS,calc,CG,0.3,8,6,50,25,0,0,4,0,3,0,100.0,0.00,0.0,1290,617,0,0,2.71
XSS,calc,CG,0.3,8,8,50,18,0,0,,0,3,0,100.0,0.00,0.0,1281,1285,0,0,2.71
XSS,calc,CG,0.3,8,10,51,33,7,2,,1,4,0,100.0,0.00,42.9,1524,914,7427,1053,14.96
XSS,calc,CG,0.3,9,0,48,12,7,6,1,1,1,4,42.9,0.00,71.4,1440,785,1697,269,12.90
XSS,calc,CG,0.3,9,1,48,13,1,1,2,1,2,0,100.0,0.00,100.0,1398,787,3561,475,11.37
XSS,calc,CG,0.3,10,0,51,21,5,3,1,1,1,0,100.0,0.00,60.0,1440,881,1711,194,9.38
XSS,calc,CG,0.3,10,2,50,14,5,4,2,1,2,0,100.0,0.00,60.0,1293,711,3487,269,10.16
SQLi,login,CG,0.1,1,0,49,37,32,20,9,1,1,0,100.0,0.55,18.8,2367,347,10683,896,8.00
SQLi,login,CG,0.1,2,0,46,35,33,20,57,1,1,31,6.1,0.55,21.2,2367,394,65647,5690,15.46
SQLi,login,CG,0.1,2,1,49,27,25,17,2,1,2,0,100.0,0.55,36.0,3546,527,2390,180,6.89
SQLi,login,CG,0.1,3,0,47,39,33,22,16,2,2,0,100.0,0.55,27.3,2367,328,18266,1517,14.01
SQLi,login,CG,0.1,4,0,49,31,26,15,16,2,2,0,100.0,0.55,23.1,2367,392,18432,1521,14.24
SQLi,login,CG,0.1,5,0,47,34,29,13,1,1,1,0,100.0,0.00,13.8,2367,324,1085,88,6.75
SQLi,login,CG,0.1,6,0,46,32,27,11,13,2,2,3,88.9,0.55,11.1,2367,330,15074,1256,12.91
SQLi,login,CG,0.1,6,1,50,41,7,7,21,0,2,7,0.0,0.55,28.6,2655,465,24058,2056,5.77
SQLi,login,CG,0.1,6,2,50,30,19,19,57,0,2,19,0.0,0.55,42.1,2787,484,65377,5498,11.80
SQLi,login,CG,0.1,6,3,50,41,26,24,72,0,2,26,0.0,0.55,42.3,3234,560,82764,6876,14.56
SQLi,login,CG,0.1,6,4,50,45,40,39,45,1,3,0,100.0,0.55,75.0,3579,675,51843,4310,14.70
SQLi,login,CG,0.1,7,0,49,37,31,19,1,1,1,0,100.0,0.00,32.3,2367,345,1111,88,7.58
SQLi,login,CG,0.1,8,0,50,39,36,27,2,2,2,0,100.0,0.00,30.6,2367,358,2295,180,12.71
SQLi,login,CG,0.1,9,0,42,30,27,15,7,2,2,0,100.0,0.55,18.5,2367,302,7965,674,12.02
SQLi,login,CG,0.1,10,0,44,34,30,19,13,2,2,0,100.0,0.55,16.7,2367,326,14895,1246,13.14
SQLi,login,CG,0.2,1,0,55,36,29,5,3,2,2,0,100.0,0.00,34.5,2367,392,3793,288,16.37
SQLi,login,CG,0.2,2,0,50,30,25,6,3,2,2,0,100.0,0.55,12.0,2367,377,3805,327,15.99
SQLi,login,CG,0.2,3,0,50,40,36,8,18,1,1,28,22.2,0.00,16.7,2367,359,20995,1701,25.69
SQLi,login,CG,0.2,3,1,50,50,45,19,15,0,1,35,22.2,0.00,28.9,3381,518,17897,1452,18.13
SQLi,login,CG,0.2,3,2,50,44,44,31,49,1,2,0,100.0,0.05,50.0,3876,575,56813,4872,53.84
SQLi,login,CG,0.2,4,0,47,29,26,2,6,1,1,23,11.5,0.00,3.8,2367,349,7234,560,13.98
SQLi,login,CG,0.2,4,1,50,47,46,4,1,1,2,0,100.0,0.00,4.3,3204,457,1260,95,10.19
SQLi,login,CG,0.2,5,0,50,36,30,8,1,1,1,0,100.0,0.00,20.0,2367,397,1223,96,11.23
SQLi,login,CG,0.2,6,0,42,35,28,4,6,1,1,22,21.4,0.55,10.7,2367,294,7183,567,14.29
SQLi,login,CG,0.2,6,1,50,42,41,13,1,1,2,0,100.0,0.55,26.8,3144,467,1263,100,10.63
SQLi,login,CG,0.2,7,0,49,37,33,9,2,2,2,0,100.0,0.55,21.2,2367,379,2483,197,17.85
SQLi,login,CG,0.2,8,0,52,33,31,8,21,1,1,28,9.7,0.50,22.6,2367,392,24519,2038,28.56
SQLi,login,CG,0.2,8,1,50,47,46,12,36,0,1,46,0.0,0.50,28.3,3372,484,41922,3479,38.45
SQLi,login,CG,0.2,8,2,50,48,46,24,9,0,1,28,39.1,0.50,43.5,4197,581,10389,867,13.18
SQLi,login,CG,0.2,8,3,50,40,39,20,60,0,1,39,0.0,0.50,30.8,3705,631,70095,5762,61.16
SQLi,login,CG,0.2,8,4,50,48,48,38,45,0,1,48,0.0,0.50,50.0,4314,747,51858,4241,49.59
SQLi,login,CG,0.2,8,5,50,44,43,33,4,1,2,0,100.0,0.50,69.8,5010,799,4833,378,13.16
SQLi,login,CG,0.2,9,0,49,37,31,12,26,2,2,0,100.0,0.00,32.3,2367,373,30105,2548,42.03
SQLi,login,CG,0.2,10,0,49,27,20,6,1,1,1,0,100.0,0.00,25.0,2367,348,1225,102,10.12
SQLi,login,CG,0.4,1,0,47,31,27,2,2,2,2,0,100.0,0.00,33.3,2367,370,2479,176,17.96
SQLi,login,CG,0.4,2,0,50,41,33,1,3,1,1,29,12.1,0.00,24.2,2367,383,3818,318,16.24
SQLi,login,CG,0.4,2,1,50,39,35,1,3,0,1,35,0.0,0.00,91.4,3459,567,4096,294,8.59
SQLi,login,CG,0.4,2,2,50,45,45,1,3,0,1,45,0.0,0.00,95.6,4014,686,4189,286,13.01
SQLi,login,CG,0.4,2,3,50,47,44,1,3,0,1,44,0.0,0.00,88.6,4680,752,4273,304,9.48
SQLi,login,CG,0.4,2,4,50,50,50,1,3,0,1,50,0.0,0.00,84.0,4809,856,4448,351,11.56
SQLi,login,CG,0.4,2,5,50,50,50,1,3,0,1,50,0.0,0.00,80.0,5454,875,4378,269,12.05
SQLi,login,CG,0.4,2,6,50,45,45,1,3,0,1,45,0.0,0.00,88.9,5508,953,4432,288,12.27
SQLi,login,CG,0.4,2,7,50,50,50,1,3,0,1,50,0.0,0.00,92.0,5400,920,4399,285,11.00
SQLi,login,CG,0.4,2,8,50,50,50,1,3,0,1,50,0.0,0.00,74.0,5631,910,4393,274,12.02
SQLi,login,CG,0.4,2,9,50,45,45,1,3,0,1,45,0.0,0.00,75.6,5613,895,4393,300,12.45
SQLi,login,CG,0.4,3,0,44,27,22,1,3,1,1,18,18.2,0.55,13.6,2367,310,3745,283,15.54
SQLi,login,CG,0.4,3,1,49,37,37,1,1,1,2,0,100.0,0.55,10.8,3033,458,1259,99,12.82
SQLi,login,CG,0.4,4,0,48,37,34,1,2,2,2,0,100.0,0.45,8.8,2367,372,2324,209,17.56
SQLi,login,CG,0.4,5,0,44,35,32,1,3,1,1,15,53.1,0.00,18.8,2367,316,3773,299,17.72
SQLi,login,CG,0.4,5,1,51,42,36,1,1,1,2,0,100.0,0.45,50.0,2988,476,1275,106,12.32
SQLi,login,CG,0.4,6,0,44,32,29,1,3,1,1,27,6.9,0.00,20.7,2367,351,3760,280,13.18
SQLi,login,CG,0.4,6,1,47,41,39,1,1,1,2,0,100.0,0.00,30.8,3318,472,1278,95,11.91
SQLi,login,CG,0.4,7,0,45,37,30,1,2,2,2,0,100.0,0.55,36.7,2367,371,2484,192,20.54
SQLi,login,CG,0.4,8,0,47,38,34,1,2,2,2,0,100.0,0.00,8.8,2367,339,2467,207,19.81
SQLi,login,CG,0.4,9,0,45,36,34,1,1,1,1,0,100.0,0.00,11.8,2367,340,1227,95,13.39
SQLi,login,CG,0.4,10,0,51,41,37,1,3,1,1,33,10.8,0.55,16.2,2367,391,3798,294,13.03
SQLi,login,CG,0.4,10,1,50,40,37,1,3,0,1,37,0.0,0.55,86.5,3540,511,4051,290,8.98
SQLi,login,CG,0.4,10,2,50,39,39,3,9,0,1,39,0.0,0.55,89.7,3957,655,11085,884,15.96
SQLi,login,CG,0.4,10,3,50,49,49,2,6,0,1,49,0.0,0.55,87.8,4374,763,7715,572,13.52
SQLi,login,CG,0.4,10,4,50,49,48,2,6,0,1,48,0.0,0.55,100.0,5112,855,7829,576,13.82
SQLi,login,CG,0.4,10,5,50,50,49,1,3,0,1,49,0.0,0.55,95.9,5325,931,4411,275,12.64
SQLi,login,CG,0.4,10,6,50,50,50,1,3,0,1,0,100.0,0.60,100.0,5613,1041,4522,312,9.48
SQLi,login,CG,0.4,10,8,50,46,46,1,3,0,1,46,0.0,0.55,95.7,5439,1175,4666,290,12.22
SQLi,login,CG,0.4,10,9,50,50,50,1,3,0,1,50,0.0,0.55,100.0,6072,1109,4585,290,12.14
SQLi,login,CG,0.4,10,10,50,46,46,1,3,0,1,46,0.0,0.55,95.7,6198,1016,4483,291,12.50
SQLi,login,CG,0.5,1,0,46,33,29,1,3,1,1,19,34.5,0.00,13.8,2367,353,3777,281,7.18
SQLi,login,CG,0.5,1,1,51,10,8,1,3,0,1,8,0.0,0.00,75.0,3111,562,3730,302,2.74
SQLi,login,CG,0.5,1,2,50,38,38,1,1,1,2,0,100.0,0.00,47.4,2853,601,1304,93,7.65
SQLi,login,CG,0.5,2,0,46,36,30,1,3,1,1,27,10.0,0.55,26.7,2367,338,3796,284,7.33
SQLi,login,CG,0.5,2,1,50,42,39,1,1,1,2,0,100.0,0.55,64.1,3363,516,1284,102,6.70
SQLi,login,CG,0.5,3,0,49,38,33,1,1,1,1,0,100.0,0.00,24.2,2367,361,1238,94,6.82
SQLi,login,CG,0.5,4,0,47,33,29,1,1,1,1,0,100.0,0.00,10.3,2367,356,1231,91,7.53
SQLi,login,CG,0.5,5,0,47,38,33,1,2,2,2,0,100.0,0.00,18.2,2367,384,2497,189,11.28
SQLi,login,CG,0.5,6,0,48,39,34,1,3,1,1,29,14.7,0.55,11.8,2367,342,3787,292,7.01
SQLi,login,CG,0.5,6,1,50,20,19,1,3,0,1,19,0.0,0.55,21.1,3390,488,4000,294,2.95
SQLi,login,CG,0.5,6,2,50,31,31,1,2,1,2,0,100.0,0.55,22.6,3216,589,2690,191,6.99
SQLi,login,CG,0.5,7,0,48,35,30,1,2,2,2,0,100.0,0.00,20.0,2367,362,2474,203,11.54
SQLi,login,CG,0.5,8,0,46,38,36,1,3,1,1,26,27.8,0.55,22.2,2367,324,3765,291,7.17
SQLi,login,CG,0.5,8,1,50,45,42,1,1,1,2,0,100.0,0.55,38.1,3267,482,1274,94,6.68
SQLi,login,CG,0.5,9,0,46,35,28,1,1,1,1,0,100.0,0.55,3.6,2367,341,1230,96,7.32
SQLi,login,CG,0.5,10,0,44,32,30,1,2,2,2,0,100.0,0.55,10.0,2367,332,2466,206,10.94
SQLi,search,CG,0.1,1,0,50,45,45,38,1,1,1,0,100.0,0.00,20.0,2487,2038,1112,117,8.64
SQLi,search,CG,0.1,2,0,50,48,48,40,1,1,1,0,100.0,0.00,31.2,2487,1854,1158,117,10.29
SQLi,search,CG,0.1,3,0,50,49,47,37,1,1,1,0,100.0,0.00,8.5,2487,1890,1193,124,8.59
SQLi,search,CG,0.1,4,0,50,45,44,38,1,1,1,0,100.0,0.00,9.1,2487,1827,1112,117,8.63
SQLi,search,CG,0.1,5,0,50,46,45,42,1,1,1,0,100.0,0.00,11.1,2487,1753,1113,113,8.71
SQLi,search,CG,0.1,5,4,50,44,16,16,2,1,2,0,100.0,0.00,100.0,2634,2246,2314,241,10.40
SQLi,search,CG,0.1,6,0,50,45,45,29,1,1,1,0,100.0,0.00,11.1,2487,1730,1422,133,10.24
SQLi,search,CG,0.1,7,0,50,46,46,43,1,1,1,0,100.0,0.00,21.7,2487,1773,1116,119,8.89
SQLi,search,CG,0.1,8,0,51,50,48,24,1,1,1,0,100.0,0.00,8.3,2487,2086,1762,124,8.91
SQLi,search,CG,0.1,9,0,50,46,45,41,1,1,1,0,100.0,0.00,13.3,2487,1897,1157,120,8.89
SQLi,search,CG,0.1,9,4,50,48,1,1,1,1,2,0,100.0,0.00,100.0,2571,1410,1097,134,9.04
SQLi,search,CG,0.1,10,0,66,41,41,35,4,1,1,1,97.6,0.00,19.5,2487,1912,4635,427,10.74
SQLi,search,CG,0.1,10,1,49,48,2,1,1,1,2,0,100.0,0.00,0.0,2514,877,1098,91,8.85
SQLi,search,CG,0.1,10,3,51,42,32,32,23,3,5,2,93.8,0.00,46.9,2724,1920,26941,2923,32.68
SQLi,search,CG,0.1,10,4,50,49,8,8,24,0,5,8,0.0,0.00,50.0,2691,1459,27962,3032,18.05
SQLi,search,CG,0.1,10,5,56,44,25,25,75,0,5,25,0.0,0.00,56.0,3198,1533,88127,9679,49.19
SQLi,search,CG,0.1,10,6,50,37,37,37,111,0,5,37,0.0,0.00,37.8,5061,1687,130291,14188,73.66
SQLi,search,CG,0.1,10,7,50,46,45,45,135,0,5,45,0.0,0.00,37.8,6453,1788,158654,16932,92.27
SQLi,search,CG,0.1,10,8,50,49,49,49,147,0,5,49,0.0,0.00,34.7,7668,1755,172569,18520,105.26
SQLi,search,CG,0.1,10,9,50,43,43,43,129,0,5,43,0.0,0.00,41.9,7959,1811,151478,16086,95.27
SQLi,search,CG,0.1,10,10,50,45,45,45,135,0,5,45,0.0,0.00,60.0,7401,1884,158940,17095,104.28
SQLi,search,CG,0.2,1,0,51,49,48,7,1,1,1,0,100.0,0.00,8.3,2487,1998,1737,122,10.43
SQLi,search,CG,0.2,2,0,50,50,50,11,1,1,1,0,100.0,0.00,2.0,2487,1853,1676,133,10.35
SQLi,search,CG,0.2,3,0,50,45,45,11,1,1,1,0,100.0,0.00,22.2,2487,1969,1689,124,10.50
SQLi,search,CG,0.2,4,0,50,49,49,10,1,1,1,0,100.0,0.00,14.3,2487,2022,1711,140,10.65
SQLi,search,CG,0.2,5,0,50,34,34,2,1,1,1,0,100.0,0.00,0.0,2487,1920,1706,126,10.63
SQLi,search,CG,0.2,6,0,49,44,42,20,1,1,1,0,100.0,0.00,33.3,2487,1947,1698,117,11.08
SQLi,search,CG,0.2,7,0,51,44,42,12,1,1,1,0,100.0,0.00,19.0,2487,1918,1681,122,11.10
SQLi,search,CG,0.2,7,3,50,41,1,1,3,0,1,1,0.0,0.00,100.0,2823,2308,3671,457,8.69
SQLi,search,CG,0.2,7,4,52,38,0,0,16,0,1,0,100.0,0.00,0.0,2649,2022,0,0,4.77
SQLi,search,CG,0.2,7,7,50,36,14,13,84,1,2,0,100.0,0.55,28.6,2631,2335,19058,2155,24.94
SQLi,search,CG,0.2,7,10,50,42,34,28,75,0,2,34,0.0,0.55,50.0,2889,1997,100240,11142,87.01
SQLi,search,CG,0.2,7,11,50,48,32,25,93,0,2,32,0.0,0.55,59.4,6720,2056,89439,9603,80.72
SQLi,search,CG,0.2,7,12,50,50,50,31,90,0,2,50,0.0,0.55,34.0,6531,2109,112677,11930,99.80
SQLi,search,CG,0.2,7,13,50,49,47,30,72,0,2,47,0.0,0.55,29.8,9261,2387,109486,11486,100.40
SQLi,search,CG,0.2,7,14,50,47,29,24,78,0,2,29,0.0,0.55,48.3,9588,2435,86484,9345,79.61
SQLi,search,CG,0.2,7,15,50,50,34,26,,0,2,34,0.0,0.55,47.1,6894,2445,93782,9923,89.65
SQLi,search,CG,0.2,8,0,49,49,46,8,1,1,1,0,100.0,0.00,6.5,2487,1913,1433,136,10.62
SQLi,search,CG,0.2,9,0,52,44,44,17,4,1,1,1,97.7,0.00,29.5,2487,1992,5208,518,13.98
SQLi,search,CG,0.2,9,1,50,46,0,0,,0,1,0,100.0,0.00,0.0,2619,1765,0,0,4.93
SQLi,search,CG,0.2,10,0,50,49,49,4,1,1,1,0,100.0,0.00,6.1,2487,1730,1641,122,12.64
SQLi,search,CG,0.4,1,0,54,43,43,2,1,1,1,0,100.0,0.00,9.3,2487,2026,1678,122,12.42
SQLi,search,CG,0.4,2,0,52,41,38,1,1,1,1,0,100.0,0.00,5.3,2487,2140,1746,134,12.05
SQLi,search,CG,0.4,3,0,50,47,47,1,1,1,1,0,100.0,0.00,19.1,2487,1853,1679,122,11.51
SQLi,search,CG,0.4,4,0,50,48,47,1,1,1,1,0,100.0,0.00,2.1,2487,1950,1702,122,12.18
SQLi,search,CG,0.4,5,0,49,45,45,1,1,1,1,0,100.0,0.00,13.3,2487,1842,1689,117,13.02
SQLi,search,CG,0.4,5,2,50,44,0,0,3,0,1,0,100.0,0.00,0.0,2610,1825,0,0,5.05
SQLi,search,CG,0.4,5,5,50,46,24,1,3,0,1,24,0.0,0.00,8.3,2679,1493,4849,418,7.96
SQLi,search,CG,0.4,5,6,50,49,48,1,3,0,1,48,0.0,0.00,8.3,4662,1566,5029,406,12.40
SQLi,search,CG,0.4,5,7,50,44,36,1,3,0,1,36,0.0,0.00,38.9,7389,1688,5032,407,9.22
SQLi,search,CG,0.4,5,8,50,45,43,1,3,0,1,43,0.0,0.00,30.2,6348,1717,5179,397,9.63
SQLi,search,CG,0.4,5,9,50,47,47,1,3,0,1,47,0.0,0.00,21.3,7221,1695,5110,416,9.67
SQLi,search,CG,0.4,5,10,50,46,46,1,3,0,1,46,0.0,0.00,17.4,7677,1800,5227,371,9.05
SQLi,search,CG,0.4,5,11,50,49,48,1,3,0,1,48,0.0,0.00,27.1,7833,1894,5299,369,10.03
SQLi,search,CG,0.4,5,12,50,48,48,1,,1,2,0,100.0,0.00,20.8,8271,1975,5407,390,15.07
SQLi,search,CG,0.4,6,0,50,44,44,1,1,1,1,0,100.0,0.00,13.6,2487,1933,1694,140,11.63
SQLi,search,CG,0.4,7,0,50,49,49,1,1,1,1,0,100.0,0.00,10.2,2487,1964,1729,133,11.85
SQLi,search,CG,0.4,8,0,49,43,43,2,1,1,1,0,100.0,0.00,7.0,2487,2085,1708,124,12.06
SQLi,search,CG,0.4,9,0,50,47,47,2,1,1,1,0,100.0,0.00,6.4,2487,1909,1693,136,6.87
SQLi,search,CG,0.4,10,0,50,49,49,1,1,1,1,0,100.0,0.00,12.2,2487,1962,1738,133,6.87
SQLi,search,CG,0.4,10,3,50,43,0,0,3,0,1,0,100.0,0.00,0.0,2721,1557,0,0,2.46
SQLi,search,CG,0.4,10,5,51,47,47,1,4,0,1,47,0.0,0.00,34.0,3759,1903,5290,380,3.50
SQLi,search,CG,0.4,10,6,50,44,44,3,3,1,2,27,38.6,0.00,34.1,8274,2237,6702,554,8.72
SQLi,search,CG,0.4,10,7,51,51,51,1,3,0,2,51,0.0,0.00,0.0,6075,2163,5530,387,3.56
SQLi,search,CG,0.4,10,8,50,47,47,1,3,0,2,47,0.0,0.00,8.5,9432,2206,5617,388,3.39
SQLi,search,CG,0.4,10,9,50,47,46,1,3,0,2,46,0.0,0.00,13.0,9129,2275,5644,392,3.15
SQLi,search,CG,0.4,10,10,82,36,36,1,3,0,2,36,0.0,0.00,8.3,9153,2882,5695,385,3.14
SQLi,search,CG,0.4,10,11,50,46,46,1,3,0,2,46,0.0,0.00,6.5,7674,2280,5683,367,3.16
SQLi,search,CG,0.4,10,12,50,46,46,1,,0,2,46,0.0,0.00,21.7,9150,2378,5770,406,3.26
SQLi,search,CG,0.5,1,0,50,47,47,1,1,1,1,0,100.0,0.00,4.3,2487,1953,1713,122,7.15
SQLi,search,CG,0.5,1,2,50,50,2,2,4,1,2,0,100.0,0.55,100.0,2586,1208,4586,461,7.49
SQLi,search,CG,0.5,2,0,50,48,46,1,1,1,1,0,100.0,0.00,2.2,2487,1746,1671,118,7.12
SQLi,search,CG,0.5,3,0,48,42,42,1,1,1,1,0,100.0,0.00,16.7,2487,1689,1641,140,7.52
SQLi,search,CG,0.5,4,0,52,39,37,1,1,1,1,0,100.0,0.00,8.1,2487,1977,1720,117,7.05
SQLi,search,CG,0.5,4,3,50,48,1,1,3,0,1,1,0.0,0.00,100.0,2592,1305,3517,363,3.01
SQLi,search,CG,0.5,4,4,50,50,2,1,3,0,1,2,0.0,0.00,0.0,2595,1347,3616,369,3.16
SQLi,search,CG,0.5,4,5,50,50,33,1,3,0,1,33,0.0,0.00,0.0,2688,1552,5074,390,3.15
SQLi,search,CG,0.5,4,6,50,50,35,1,3,0,1,35,0.0,0.00,0.0,5979,1597,5104,402,3.30
SQLi,search,CG,0.5,4,7,50,50,50,1,3,0,1,50,0.0,0.00,0.0,6273,1658,5089,399,3.81
SQLi,search,CG,0.5,4,8,50,50,50,1,3,0,1,50,0.0,0.00,0.0,7899,1725,5146,409,3.91
SQLi,search,CG,0.5,4,9,50,50,50,1,3,0,1,50,0.0,0.00,0.0,8100,1710,5152,395,3.38
SQLi,search,CG,0.5,4,10,50,50,50,1,3,0,1,50,0.0,0.00,0.0,8007,1680,5146,379,3.57
SQLi,search,CG,0.5,4,11,50,50,50,1,3,0,1,50,0.0,0.00,0.0,7965,1714,5200,404,3.40
SQLi,search,CG,0.5,5,0,50,49,47,1,1,1,1,0,100.0,0.00,0.0,2487,1843,1691,133,8.71
SQLi,search,CG,0.5,6,0,50,50,49,1,1,1,1,0,100.0,0.00,8.2,2487,1938,1715,122,8.82
SQLi,search,CG,0.5,7,0,50,49,48,1,1,1,1,0,100.0,0.00,0.0,2487,1999,1726,122,8.52
SQLi,search,CG,0.5,8,0,50,46,45,1,1,1,1,0,100.0,0.00,11.1,2487,1957,1712,122,8.44
SQLi,search,CG,0.5,8,4,50,50,1,1,1,1,2,0,100.0,0.55,100.0,2568,1313,1089,88,7.05
SQLi,search,CG,0.5,9,0,51,43,42,1,1,1,1,0,100.0,0.00,19.0,2487,2138,1733,123,7.18
SQLi,search,CG,0.5,10,0,50,48,46,1,1,1,1,0,100.0,0.00,0.0,2487,1997,1715,124,7.27
SQLi,search,CG,0.5,10,2,50,36,2,1,3,1,2,1,50.0,0.05,100.0,2550,1294,3653,693,7.69
SQLi,search,CG,0.5,10,3,50,50,1,1,3,0,2,1,0.0,0.05,100.0,2577,1398,3505,483,3.22
SQLi,search,CG,0.5,10,4,50,48,3,1,3,1,3,0,100.0,0.05,33.3,2583,1368,3726,584,7.83
SQLi,search,CG,0.5,10,6,50,46,6,1,1,1,4,0,100.0,0.05,100.0,2763,1479,1255,98,8.72
SQLi,product,CG,0.1,1,0,50,44,43,25,1,1,1,0,100.0,0.00,9.3,2448,2066,1736,117,6.98
SQLi,product,CG,0.1,2,0,47,46,44,32,1,1,1,0,100.0,0.00,22.7,2448,2038,1193,124,7.00
SQLi,product,CG,0.1,3,0,50,46,46,46,1,1,1,0,100.0,0.00,30.4,2448,2083,1126,109,8.74
SQLi,product,CG,0.1,4,0,50,44,44,38,2,1,1,0,100.0,0.00,6.8,2448,1801,2298,248,10.74
SQLi,product,CG,0.1,5,0,47,47,47,43,1,1,1,0,100.0,0.00,38.3,2448,2056,1251,117,8.52
SQLi,product,CG,0.1,6,0,50,44,43,27,1,1,1,0,100.0,0.00,0.0,2448,1922,1203,120,8.59
SQLi,product,CG,0.1,7,0,50,46,43,40,1,1,1,0,100.0,0.00,9.3,2448,2108,1117,118,8.46
SQLi,product,CG,0.1,7,2,50,42,9,9,1,1,2,0,100.0,0.00,100.0,2835,2166,1121,117,8.68
SQLi,product,CG,0.1,8,0,50,49,49,31,1,1,1,0,100.0,0.00,4.1,2448,2067,1200,124,8.90
SQLi,product,CG,0.1,9,0,50,44,43,41,3,2,2,0,100.0,0.00,9.3,2448,1684,3393,338,14.21
SQLi,product,CG,0.1,10,0,50,43,42,33,1,1,1,0,100.0,0.00,23.8,2448,1966,1259,120,8.71
SQLi,product,CG,0.1,10,4,50,41,27,26,1,1,2,0,100.0,0.00,29.6,2685,1893,1107,119,8.87
SQLi,product,CG,0.2,1,0,50,47,47,9,1,1,1,0,100.0,0.00,8.5,2448,1926,1689,122,11.18
SQLi,product,CG,0.2,2,0,50,44,44,25,1,1,1,0,100.0,0.00,27.3,2448,1932,1142,122,10.27
SQLi,product,CG,0.2,3,0,50,46,44,19,1,1,1,0,100.0,0.00,11.4,2448,2082,1190,118,10.47
SQLi,product,CG,0.2,4,0,53,40,39,10,1,1,1,0,100.0,0.00,17.9,2448,2146,1746,138,10.67
SQLi,product,CG,0.2,5,0,50,45,45,12,1,1,1,0,100.0,0.00,20.0,2448,2016,1686,120,10.37
SQLi,product,CG,0.2,6,0,50,47,46,5,1,1,1,0,100.0,0.00,10.9,2448,1850,1670,133,10.51
SQLi,product,CG,0.2,7,0,50,41,40,17,1,1,1,0,100.0,0.00,30.0,2448,1987,1685,117,10.41
SQLi,product,CG,0.2,8,0,50,48,46,12,1,1,1,0,100.0,0.00,17.4,2448,2201,1756,122,12.07
SQLi,product,CG,0.2,9,0,50,46,46,9,1,1,1,0,100.0,0.00,13.0,2448,2086,1749,122,10.56
SQLi,product,CG,0.2,10,0,50,38,37,11,1,1,1,0,100.0,0.00,21.6,2448,2167,1730,117,10.34
SQLi,product,CG,0.4,1,0,50,46,46,1,1,1,1,0,100.0,0.00,23.9,2448,2021,1716,122,13.54
SQLi,product,CG,0.4,2,0,50,42,40,1,1,1,1,0,100.0,0.00,17.5,2448,2003,1716,133,13.60
SQLi,product,CG,0.4,3,0,50,48,48,1,1,1,1,0,100.0,0.00,4.2,2448,1915,1714,118,11.92
SQLi,product,CG,0.4,3,3,50,43,39,2,1,1,2,0,100.0,0.00,23.1,3096,2030,1700,117,13.14
SQLi,product,CG,0.4,3,7,50,47,0,0,,0,2,0,100.0,0.00,0.0,2574,1911,0,0,7.86
SQLi,product,CG,0.4,4,0,50,44,43,2,1,1,1,0,100.0,0.00,25.6,2448,1913,1763,117,12.13
SQLi,product,CG,0.4,5,0,50,47,47,1,1,1,1,0,100.0,0.00,2.1,2448,1997,1736,122,12.64
SQLi,product,CG,0.4,6,0,49,46,45,1,1,1,1,0,100.0,0.00,0.0,2448,1963,1716,122,11.95
SQLi,product,CG,0.4,7,0,50,45,45,1,1,1,1,0,100.0,0.00,13.3,2448,2025,1732,124,12.29
SQLi,product,CG,0.4,8,0,50,43,41,1,1,1,1,0,100.0,0.00,19.5,2448,2052,1728,133,13.00
SQLi,product,CG,0.4,9,0,50,42,40,1,1,1,1,0,100.0,0.00,22.5,2448,2104,1707,117,14.13
SQLi,product,CG,0.4,10,0,51,32,31,1,1,1,1,0,100.0,0.00,19.4,2448,2156,1731,117,12.11
SQLi,product,CG,0.5,1,0,50,39,39,1,2,2,2,0,100.0,0.00,10.3,2448,2025,2930,239,12.21
SQLi,product,CG,0.5,2,0,69,35,35,1,1,1,1,0,100.0,0.00,5.7,2448,2280,1784,122,7.18
SQLi,product,CG,0.5,3,0,50,45,45,1,1,1,1,0,100.0,0.00,6.7,2448,2030,1727,122,8.10
SQLi,product,CG,0.5,4,0,50,44,43,1,1,1,1,0,100.0,0.00,9.3,2448,2003,1711,138,8.56
SQLi,product,CG,0.5,5,0,50,47,43,1,1,1,1,0,100.0,0.00,7.0,2448,2051,1743,113,7.23
SQLi,product,CG,0.5,6,0,49,40,39,1,1,1,1,0,100.0,0.00,25.6,2448,1933,1679,133,7.02
SQLi,product,CG,0.5,7,0,50,39,38,1,1,1,1,0,100.0,0.00,15.8,2448,1977,1717,122,7.10
SQLi,product,CG,0.5,7,3,50,46,1,1,1,1,2,0,100.0,0.00,100.0,2496,934,1083,95,8.81
SQLi,product,CG,0.5,7,5,50,49,4,2,6,1,3,3,25.0,0.55,50.0,2634,1040,7065,688,7.64
SQLi,product,CG,0.5,7,6,53,43,2,1,3,0,3,2,0.0,0.55,100.0,2610,944,3520,285,2.95
SQLi,product,CG,0.5,7,7,50,50,7,1,3,1,4,1,85.7,0.55,100.0,2553,873,3799,313,7.24
SQLi,product,CG,0.5,7,8,50,46,2,2,6,0,4,2,0.0,0.55,100.0,2496,951,6941,666,3.35
SQLi,product,CG,0.5,7,9,53,46,4,1,3,1,5,3,25.0,0.55,25.0,2574,959,3664,315,7.52
SQLi,product,CG,0.5,7,10,50,39,1,1,3,0,5,1,0.0,0.55,100.0,2622,1230,3487,419,2.92
SQLi,product,CG,0.5,7,11,50,42,1,1,3,0,5,1,0.0,0.55,100.0,2526,1231,3490,367,2.81
SQLi,product,CG,0.5,7,12,50,48,3,1,3,0,5,3,0.0,0.55,100.0,2529,1444,3729,480,3.75
SQLi,product,CG,0.5,8,0,49,44,44,1,1,1,1,0,100.0,0.00,13.6,2448,2072,1729,133,7.11
SQLi,product,CG,0.5,9,0,48,44,44,1,1,1,1,0,100.0,0.00,13.6,2448,1967,1699,124,7.17
SQLi,product,CG,0.5,10,0,50,45,45,1,1,1,1,0,100.0,0.00,26.7,2448,2090,1734,138,7.22
SQLi,filter,CG,0.1,1,0,50,46,46,31,1,1,1,0,100.0,0.00,21.7,2403,1910,1633,122,9.32
SQLi,filter,CG,0.1,2,0,49,48,46,41,1,1,1,0,100.0,0.00,30.4,2403,1888,1118,117,9.48
SQLi,filter,CG,0.1,3,0,50,50,50,43,1,1,1,0,100.0,0.00,2.0,2403,1900,1155,120,9.67
SQLi,filter,CG,0.1,4,0,49,36,35,30,1,1,1,0,100.0,0.00,8.6,2403,2007,1109,119,9.57
SQLi,filter,CG,0.1,4,4,50,46,44,34,2,2,3,0,100.0,0.00,20.5,2535,2204,2457,307,16.10
SQLi,filter,CG,0.1,5,0,50,46,45,39,1,1,1,0,100.0,0.00,8.9,2403,1775,1198,117,9.11
SQLi,filter,CG,0.1,6,0,49,47,44,37,1,1,1,0,100.0,0.00,2.3,2403,1889,1111,119,9.54
SQLi,filter,CG,0.1,6,3,50,45,0,0,51,0,1,0,100.0,0.00,0.0,2676,2204,0,0,3.07
SQLi,filter,CG,0.1,6,5,50,45,17,17,117,0,1,17,0.0,0.00,52.9,2643,1946,60383,6521,44.02
SQLi,filter,CG,0.1,6,6,51,40,40,39,135,0,1,40,0.0,0.00,37.5,4584,2197,138493,14709,93.07
SQLi,filter,CG,0.1,6,7,50,45,45,45,109,0,1,45,0.0,0.00,48.9,7656,2192,160208,17225,112.77
SQLi,filter,CG,0.1,6,8,50,38,38,38,,1,2,0,100.0,0.00,47.4,8541,2287,129402,13947,97.56
SQLi,filter,CG,0.1,7,0,49,41,38,37,2,1,1,0,100.0,0.00,18.4,2403,1942,2296,240,9.99
SQLi,filter,CG,0.1,8,0,50,43,43,35,1,1,1,0,100.0,0.00,18.6,2403,1927,1110,135,10.23
SQLi,filter,CG,0.1,9,0,47,46,46,24,1,1,1,0,100.0,0.00,6.5,2403,1868,1197,122,10.27
SQLi,filter,CG,0.1,10,0,48,43,38,29,1,1,1,0,100.0,0.00,0.0,2403,1883,1111,119,11.39
SQLi,filter,CG,0.2,1,0,49,46,45,7,1,1,1,0,100.0,0.55,13.3,2403,1906,1693,192,12.66
SQLi,filter,CG,0.2,2,0,50,49,47,1,1,1,1,0,100.0,0.00,0.0,2403,1705,1624,122,11.66
SQLi,filter,CG,0.2,3,0,50,47,46,4,1,1,1,0,100.0,0.00,6.5,2403,1878,1679,117,9.99
SQLi,filter,CG,0.2,4,0,50,46,43,6,1,1,1,0,100.0,0.00,9.3,2403,1923,1675,133,11.07
SQLi,filter,CG,0.2,5,0,50,46,44,13,1,1,1,0,100.0,0.00,25.0,2403,1950,1725,133,11.47
SQLi,filter,CG,0.2,6,0,49,43,42,5,1,1,1,0,100.0,0.00,2.4,2403,1905,1670,122,11.19
SQLi,filter,CG,0.2,7,0,56,44,43,13,1,1,1,0,100.0,0.00,20.9,2403,1965,1691,133,11.44
SQLi,filter,CG,0.2,8,0,49,49,48,4,1,1,1,0,100.0,0.00,4.2,2403,1862,1664,119,11.25
SQLi,filter,CG,0.2,9,0,50,47,46,6,1,1,1,0,100.0,0.00,4.3,2403,1853,1661,120,12.60
SQLi,filter,CG,0.2,10,0,49,46,46,3,1,1,1,0,100.0,0.00,0.0,2403,1902,1664,122,11.31
SQLi,filter,CG,0.4,1,0,50,47,47,2,1,1,1,0,100.0,0.00,6.4,2403,1882,1674,124,7.56
SQLi,filter,CG,0.4,2,0,44,43,43,1,1,1,1,0,100.0,0.00,0.0,2403,1846,1685,122,7.25
SQLi,filter,CG,0.4,3,0,50,47,47,1,1,1,1,0,100.0,0.00,0.0,2403,1882,1699,124,7.24
SQLi,filter,CG,0.4,4,0,50,40,40,1,1,1,1,0,100.0,0.00,0.0,2403,1926,1684,120,7.19
SQLi,filter,CG,0.4,5,0,48,45,43,1,1,1,1,0,100.0,0.00,0.0,2403,1883,1681,133,7.38
SQLi,filter,CG,0.4,6,0,50,48,46,1,1,1,1,0,100.0,0.00,4.3,2403,1882,1678,122,7.33
SQLi,filter,CG,0.4,7,0,50,48,47,1,1,1,1,0,100.0,0.00,4.3,2403,1895,1704,133,7.38
SQLi,filter,CG,0.4,8,0,50,49,49,1,1,1,1,0,100.0,0.00,0.0,2403,1891,1697,124,6.98
SQLi,filter,CG,0.4,9,0,50,44,42,1,1,1,1,0,100.0,0.00,7.1,2403,1871,1660,115,7.26
SQLi,filter,CG,0.4,10,0,50,48,48,1,1,1,1,0,100.0,0.00,6.2,2403,1906,1680,133,7.13
SQLi,filter,CG,0.5,1,0,50,43,43,1,1,1,1,0,100.0,0.00,11.6,2403,1951,1703,118,7.22
SQLi,filter,CG,0.5,2,0,49,47,47,1,1,1,1,0,100.0,0.00,2.1,2403,1885,1660,122,7.37
SQLi,filter,CG,0.5,3,0,51,40,38,1,1,1,1,0,100.0,0.00,2.6,2403,1856,1653,124,7.13
SQLi,filter,CG,0.5,4,0,50,38,37,1,2,2,2,0,100.0,0.00,2.7,2403,2006,2788,233,11.60
SQLi,filter,CG,0.5,5,0,49,47,47,1,1,1,1,0,100.0,0.00,8.5,2403,1882,1652,122,8.42
SQLi,filter,CG,0.5,6,0,46,38,38,1,1,1,1,0,100.0,0.00,10.5,2403,1912,1675,133,7.15
SQLi,filter,CG,0.5,6,2,50,30,13,1,3,0,1,13,0.0,0.00,23.1,2532,2181,5152,364,3.01
SQLi,filter,CG,0.5,6,3,50,41,41,1,3,0,1,41,0.0,0.00,29.3,4077,2154,5467,384,3.86
SQLi,filter,CG,0.5,6,4,50,47,47,1,3,0,1,47,0.0,0.00,36.2,7788,2138,5521,385,3.37
SQLi,filter,CG,0.5,6,5,50,42,42,1,3,0,1,42,0.0,0.00,21.4,8742,2176,5530,388,3.42
SQLi,filter,CG,0.5,6,6,50,49,49,1,3,0,1,49,0.0,0.00,18.4,8097,2155,5419,364,3.35
SQLi,filter,CG,0.5,6,7,50,38,38,1,3,0,1,38,0.0,0.00,18.4,9027,2231,5521,383,3.33
SQLi,filter,CG,0.5,6,8,50,43,43,1,3,0,1,43,0.0,0.00,18.6,7578,2260,5602,404,3.36
SQLi,filter,CG,0.5,6,9,50,43,43,1,3,0,1,43,0.0,0.00,27.9,8409,2192,5458,382,3.90
SQLi,filter,CG,0.5,6,10,50,48,48,1,3,0,1,48,0.0,0.00,18.8,8280,2209,5631,475,4.07
SQLi,filter,CG,0.5,7,0,51,38,38,1,1,1,1,0,100.0,0.00,15.8,2403,2068,1684,124,8.74
SQLi,filter,CG,0.5,8,0,50,46,46,1,1,1,1,0,100.0,0.00,21.7,2403,1927,1687,124,7.21
SQLi,filter,CG,0.5,9,0,50,49,48,1,1,1,1,0,100.0,0.00,14.6,2403,1914,1670,124,7.20
SQLi,filter,CG,0.5,9,2,50,46,2,2,6,0,1,2,0.0,0.00,100.0,2487,1314,6980,766,3.60
SQLi,filter,CG,0.5,9,3,50,45,0,0,3,0,1,0,100.0,0.00,0.0,2571,1339,0,0,2.51
SQLi,filter,CG,0.5,9,5,49,47,45,1,3,0,1,45,0.0,0.00,2.2,3864,1419,4837,417,3.25
SQLi,filter,CG,0.5,9,6,50,47,16,1,3,0,1,16,0.0,0.00,0.0,6453,1421,4828,401,3.79
SQLi,filter,CG,0.5,9,7,49,46,46,1,3,0,1,46,0.0,0.00,0.0,3828,1416,4861,412,3.93
SQLi,filter,CG,0.5,9,8,49,47,46,1,3,0,1,46,0.0,0.00,0.0,6567,1487,4873,368,3.48
SQLi,filter,CG,0.5,9,9,50,48,48,1,3,0,1,48,0.0,0.00,2.1,6732,1466,4918,386,3.48
SQLi,filter,CG,0.5,9,10,49,43,43,1,3,0,1,43,0.0,0.00,2.3,6906,1531,4903,422,3.52
SQLi,filter,CG,0.5,9,11,50,45,44,1,,0,1,44,0.0,0.00,6.8,6534,1685,5143,418,3.49
SQLi,filter,CG,0.5,10,0,50,49,47,1,1,1,1,0,100.0,0.00,10.6,2403,1931,1698,132,7.33
SQLi,filter,CG,0.5,10,2,50,42,41,1,1,1,2,0,100.0,0.00,22.0,4098,1826,1662,122,7.11
XSS,search,CG,0.1,1,0,47,32,13,10,2,1,1,0,100.0,0.00,30.8,1485,730,3544,402,9.05
XSS,search,CG,0.1,2,0,48,39,18,17,1,1,1,0,100.0,0.00,50.0,1485,833,1705,209,7.22
XSS,search,CG,0.1,3,0,48,42,16,14,1,1,1,0,100.0,0.00,37.5,1485,712,1700,215,7.36
XSS,search,CG,0.1,4,0,47,33,13,13,1,1,1,0,100.0,0.00,61.5,1485,676,1700,157,7.43
XSS,search,CG,0.1,5,0,46,37,14,12,6,2,2,0,100.0,0.00,28.6,1485,714,10467,959,14.92
XSS,search,CG,0.1,6,0,47,36,17,14,3,2,2,0,100.0,0.00,35.3,1485,730,5178,518,11.56
XSS,search,CG,0.1,7,0,50,22,11,11,5,2,2,0,100.0,0.00,63.6,1485,937,8781,993,13.38
XSS,search,CG,0.1,8,0,49,38,17,15,1,1,1,0,100.0,0.00,35.3,1485,694,1698,156,7.98
XSS,search,CG,0.1,9,0,48,41,17,14,2,2,2,0,100.0,0.00,58.8,1485,761,3412,286,11.73
XSS,search,CG,0.1,10,0,46,28,11,11,1,1,1,0,100.0,0.00,63.6,1485,666,1700,198,8.18
XSS,search,CG,0.2,1,0,43,33,21,15,2,2,2,0,100.0,0.00,61.9,1485,738,3418,357,12.94
XSS,search,CG,0.2,2,0,49,32,13,10,2,2,2,0,100.0,0.00,53.8,1485,772,3419,383,13.71
XSS,search,CG,0.2,3,0,49,36,18,11,3,2,2,0,100.0,0.00,27.8,1485,676,5202,457,13.91
XSS,search,CG,0.2,4,0,44,36,17,12,1,1,1,0,100.0,0.00,47.1,1485,694,1731,175,8.46
XSS,search,CG,0.2,5,0,48,38,18,14,2,2,2,0,100.0,0.00,55.6,1485,717,3411,309,14.63
XSS,search,CG,0.2,6,0,49,34,13,11,2,1,1,0,100.0,0.00,53.8,1485,761,3557,516,9.51
XSS,search,CG,0.2,7,0,49,28,18,13,1,1,1,0,100.0,0.00,50.0,1485,718,1733,224,9.13
XSS,search,CG,0.2,8,0,44,34,20,11,1,1,1,0,100.0,0.00,25.0,1485,725,1730,240,9.54
XSS,search,CG,0.2,9,0,48,37,20,15,4,2,2,0,100.0,0.00,50.0,1485,702,7073,621,14.98
XSS,search,CG,0.2,10,0,46,30,14,7,2,2,2,0,100.0,0.00,35.7,1485,838,3571,461,14.39
XSS,search,CG,0.4,1,0,46,35,18,3,1,1,1,0,100.0,0.00,55.6,1485,668,1940,205,4.40
XSS,search,CG,0.4,2,0,47,40,19,1,2,1,1,0,100.0,0.00,15.8,1485,707,3925,480,4.73
XSS,search,CG,0.4,3,0,48,33,18,2,1,1,1,0,100.0,0.00,50.0,1485,753,1936,218,4.29
XSS,search,CG,0.4,4,0,47,34,16,4,1,1,1,0,100.0,0.00,68.8,1485,687,1883,257,4.44
XSS,search,CG,0.4,5,0,35,27,14,4,1,1,1,0,100.0,0.00,57.1,990,439,1821,200,4.31
XSS,search,CG,0.4,6,0,49,29,9,2,1,2,2,0,100.0,0.00,55.6,1485,669,1817,319,7.37
XSS,search,CG,0.4,7,0,47,34,17,4,1,1,1,0,100.0,0.00,23.5,1485,727,1910,334,5.46
XSS,search,CG,0.4,8,0,48,38,19,5,1,1,1,0,100.0,0.00,47.4,1485,666,1933,158,4.28
XSS,search,CG,0.4,9,0,48,36,16,3,1,1,1,0,100.0,0.00,62.5,1485,691,1907,203,5.24
XSS,search,CG,0.4,10,0,42,32,14,2,1,1,1,0,100.0,0.00,42.9,1485,705,1879,233,4.88
XSS,search,CG,0.5,1,0,48,41,18,1,1,1,1,0,100.0,0.00,44.4,1485,681,1939,176,5.28
XSS,search,CG,0.5,2,0,45,36,17,1,1,2,2,0,100.0,0.00,41.2,1485,698,1936,316,7.66
XSS,search,CG,0.5,3,0,45,39,22,1,1,1,1,0,100.0,0.00,36.4,1485,735,1946,213,4.68
XSS,search,CG,0.5,4,0,49,38,12,1,1,1,1,0,100.0,0.00,50.0,1485,734,1891,232,5.34
XSS,search,CG,0.5,5,0,47,36,14,1,1,1,1,0,100.0,0.00,57.1,1485,778,1920,157,4.67
XSS,search,CG,0.5,6,0,47,37,21,1,1,2,2,0,100.0,0.00,23.8,1485,696,1935,461,7.87
XSS,search,CG,0.5,7,0,50,38,20,2,2,2,2,0,100.0,0.00,35.0,1485,711,3643,349,8.22
XSS,search,CG,0.5,8,0,45,32,14,1,1,1,1,0,100.0,0.00,42.9,1485,760,1929,220,4.60
XSS,search,CG,0.5,9,0,47,36,19,3,1,1,1,0,100.0,0.00,42.1,1485,786,1935,251,5.38
XSS,search,CG,0.5,10,0,46,34,14,1,1,2,2,0,100.0,0.00,57.1,1485,702,1905,246,7.90
XSS,calc,CG,0.1,1,0,49,16,3,3,1,1,1,0,100.0,0.00,100.0,1440,772,1700,204,7.46
XSS,calc,CG,0.1,2,0,46,15,5,5,1,1,1,0,100.0,0.00,100.0,1440,1210,1695,192,9.14
XSS,calc,CG,0.1,2,2,48,27,2,2,1,1,2,0,100.0,0.00,100.0,1290,906,1700,108,8.37
XSS,calc,CG,0.1,3,0,50,15,6,6,3,2,2,0,100.0,0.00,100.0,1440,736,5252,836,15.58
XSS,calc,CG,0.1,4,0,49,12,6,6,2,2,2,0,100.0,0.00,100.0,1440,1048,3403,494,13.21
XSS,calc,CG,0.1,4,3,48,21,1,1,1,1,3,0,100.0,0.00,100.0,1296,702,1693,113,8.09
XSS,calc,CG,0.1,5,0,62,18,9,9,3,2,2,0,100.0,0.00,100.0,1440,735,5168,492,14.46
XSS,calc,CG,0.1,6,0,52,21,7,7,1,1,1,0,100.0,0.00,100.0,1440,1123,1703,231,7.19
XSS,calc,CG,0.1,7,0,50,15,4,4,1,1,1,0,100.0,0.00,100.0,1440,810,1699,146,7.51
XSS,calc,CG,0.1,7,2,50,34,15,10,1,1,2,0,100.0,0.00,26.7,1332,961,1771,119,7.47
XSS,calc,CG,0.1,8,0,48,26,11,10,1,1,1,1,90.9,0.00,63.6,1440,814,1696,220,8.60
XSS,calc,CG,0.1,8,1,47,21,4,4,5,1,2,0,100.0,0.00,100.0,1275,680,9060,1143,13.52
XSS,calc,CG,0.1,9,0,46,26,8,7,1,1,1,2,75.0,0.00,75.0,1440,734,1697,195,7.90
XSS,calc,CG,0.1,9,1,50,28,15,11,1,1,2,0,100.0,0.00,33.3,1338,893,1721,138,8.07
XSS,calc,CG,0.1,9,3,51,37,30,26,1,1,3,28,6.7,0.00,6.7,1275,597,1712,240,8.79
XSS,calc,CG,0.1,9,4,50,43,43,43,1,1,4,0,100.0,0.00,23.3,2319,603,1698,283,9.40
XSS,calc,CG,0.1,10,0,49,26,13,13,1,1,1,5,61.5,0.00,100.0,1440,860,1695,317,8.70
XSS,calc,CG,0.1,10,1,50,26,2,2,1,1,2,0,100.0,0.00,100.0,1425,700,1701,243,7.47
XSS,calc,CG,0.2,1,0,51,15,6,6,1,1,1,0,100.0,0.00,100.0,1440,747,1697,114,8.34
XSS,calc,CG,0.2,2,0,49,28,10,9,1,1,1,0,100.0,0.00,80.0,1440,809,1698,145,8.18
XSS,calc,CG,0.2,3,0,50,22,8,7,3,2,2,0,100.0,0.00,75.0,1440,796,5263,764,14.67
XSS,calc,CG,0.2,4,0,48,19,8,7,1,1,1,0,100.0,0.00,75.0,1440,769,1697,206,8.45
XSS,calc,CG,0.2,5,0,48,11,3,2,4,2,2,0,100.0,0.00,33.3,1440,800,7007,553,13.85
XSS,calc,CG,0.2,6,0,51,30,9,9,4,3,3,0,100.0,0.00,77.8,1440,814,6945,735,20.21
XSS,calc,CG,0.2,6,2,48,24,5,5,1,1,4,0,100.0,0.00,100.0,1293,648,1694,207,7.67
XSS,calc,CG,0.2,7,0,84,27,8,7,1,1,1,0,100.0,0.00,75.0,1440,1064,1697,156,8.72
XSS,calc,CG,0.2,8,0,45,14,4,4,2,1,1,0,100.0,0.00,50.0,1440,1505,3469,267,8.61
XSS,calc,CG,0.2,8,2,50,29,6,6,2,1,2,0,100.0,0.00,66.7,1326,855,3461,424,8.85
XSS,calc,CG,0.2,9,0,49,24,8,7,2,2,2,0,100.0,0.00,75.0,1440,885,3401,453,14.55
XSS,calc,CG,0.2,10,0,47,35,15,14,3,2,2,0,100.0,0.00,86.7,1440,830,5262,559,13.53
XSS,calc,CG,0.4,1,0,47,14,6,5,1,1,1,0,100.0,0.00,100.0,1440,966,1701,157,4.38
XSS,calc,CG,0.4,2,0,46,18,5,3,2,2,2,0,100.0,0.00,60.0,1440,1204,3416,410,7.71
XSS,calc,CG,0.4,2,2,49,18,0,0,1,0,2,0,100.0,0.00,0.0,1284,819,0,0,1.79
XSS,calc,CG,0.4,2,4,50,29,1,1,,1,3,0,100.0,0.00,100.0,1344,657,1698,192,4.61
XSS,calc,CG,0.4,3,0,47,27,8,4,1,1,1,0,100.0,0.00,100.0,1440,733,1696,101,4.44
XSS,calc,CG,0.4,4,0,62,22,6,6,1,1,1,0,100.0,0.00,100.0,1440,948,1693,103,4.15
XSS,calc,CG,0.4,5,0,46,24,4,2,1,1,1,0,100.0,0.00,100.0,1440,861,1728,213,4.50
XSS,calc,CG,0.4,5,2,52,33,11,2,3,2,3,2,81.8,0.00,27.3,1326,563,5212,485,7.04
XSS,calc,CG,0.4,5,3,52,17,4,1,2,1,4,0,100.0,0.00,25.0,1299,1130,3545,309,4.51
XSS,calc,CG,0.4,6,0,51,15,7,5,1,1,1,0,100.0,0.00,71.4,1440,695,1703,123,4.20
XSS,calc,CG,0.4,6,2,51,33,1,1,1,1,2,0,100.0,0.00,100.0,1293,638,1693,113,4.27
XSS,calc,CG,0.4,7,0,62,9,2,2,2,2,2,0,100.0,0.00,100.0,1440,960,3422,433,7.33
XSS,calc,CG,0.4,8,0,49,28,10,6,2,2,2,0,100.0,0.00,100.0,1440,1088,3438,373,7.81
XSS,calc,CG,0.4,9,0,52,19,9,4,2,4,4,0,100.0,0.00,55.6,1440,722,3486,460,11.83
XSS,calc,CG,0.4,10,0,51,21,3,3,1,1,1,0,100.0,0.00,100.0,1440,882,1700,111,4.17
XSS,calc,CG,0.4,10,2,50,39,10,4,2,2,3,0,100.0,0.00,30.0,1350,788,3489,532,7.40
XSS,calc,CG,0.5,1,0,49,14,8,5,5,2,2,1,87.5,0.00,100.0,1440,739,8770,1243,8.76
XSS,calc,CG,0.5,1,1,47,17,1,1,1,1,3,0,100.0,0.00,100.0,1278,614,1702,216,4.71
XSS,calc,CG,0.5,2,0,50,25,5,3,2,2,2,0,100.0,0.00,100.0,1440,925,3397,419,8.01
XSS,calc,CG,0.5,3,0,46,12,6,4,2,3,3,0,100.0,0.00,100.0,1440,672,3406,580,11.20
XSS,calc,CG,0.5,3,2,49,27,5,1,1,1,4,0,100.0,0.00,100.0,1341,817,1759,106,4.70
XSS,calc,CG,0.5,4,0,49,15,7,4,4,2,2,0,100.0,0.00,100.0,1440,1059,7075,795,9.12
XSS,calc,CG,0.5,5,0,51,26,7,2,1,2,2,0,100.0,0.00,71.4,1440,858,1782,362,7.43
XSS,calc,CG,0.5,5,2,49,22,10,2,5,1,3,2,80.0,0.00,50.0,1359,1007,9616,1527,7.25
XSS,calc,CG,0.5,5,3,49,29,12,1,1,1,4,0,100.0,0.00,8.3,1344,1023,2033,310,4.85
XSS,calc,CG,0.5,6,0,48,28,14,4,3,2,2,0,100.0,0.00,85.7,1440,1099,5237,832,8.38
XSS,calc,CG,0.5,7,0,49,19,8,4,3,3,3,0,100.0,0.00,75.0,1440,632,5301,806,12.00
XSS,calc,CG,0.5,8,0,48,25,11,4,2,2,2,0,100.0,0.00,100.0,1440,913,3436,243,7.55
XSS,calc,CG,0.5,9,0,45,12,5,4,1,1,1,2,60.0,0.00,100.0,1440,1277,1695,181,4.92
XSS,calc,CG,0.5,9,1,48,19,4,2,2,1,2,0,100.0,0.00,100.0,1341,987,3558,346,4.91
XSS,calc,CG,0.5,10,0,48,18,5,3,2,2,2,0,100.0,0.00,100.0,1440,1081,3404,636,9.65
XSS,calc,CG,0.5,10,3,50,28,3,2,1,1,3,0,100.0,0.00,100.0,1311,626,1710,141,4.90
