config,workload,concurrency,repeat,n,p50_ms,p95_ms,p99_ms,avg_ms,req_per_sec,ok,err,cpu_pct,url
direct,plain,1,1,10000,0.4,0.5,0.6,0.4,2500.5215,10000,0,0.0,http://127.0.0.1:8080/product?id=1
direct,plain,1,2,10000,0.4,0.5,0.7,0.4,2438.3079,10000,0,0.0,http://127.0.0.1:8080/product?id=1
direct,plain,1,3,10000,0.4,0.5,0.7,0.4,2418.8277,10000,0,0.0,http://127.0.0.1:8080/product?id=1
direct,plain,1,4,10000,0.4,0.5,0.9,0.4,2399.4763,10000,0,0.0,http://127.0.0.1:8080/product?id=1
direct,plain,1,5,10000,0.4,0.5,0.7,0.4,2418.4544,10000,0,0.0,http://127.0.0.1:8080/product?id=1
direct,plain,10,1,10000,3.0,4.7,5.7,4.4,1959.8625,10000,0,0.0,http://127.0.0.1:8080/product?id=1
direct,plain,10,2,10000,3.3,5.0,6.1000000000000005,4.7,1905.5192,10000,0,0.0,http://127.0.0.1:8080/product?id=1
direct,plain,10,3,10000,3.1,4.7,5.6,4.4,1994.5842,10000,0,0.0,http://127.0.0.1:8080/product?id=1
direct,plain,10,4,10000,3.3,4.6,5.5,4.6,1960.3726,10000,0,0.0,http://127.0.0.1:8080/product?id=1
direct,plain,10,5,10000,3.2,5.4,6.8999999999999995,4.7,1825.4167,10000,0,0.0,http://127.0.0.1:8080/product?id=1
direct,plain,50,1,10000,3.3,5.6,1009.7,19.2,1264.4759,10000,0,0.0,http://127.0.0.1:8080/product?id=1
direct,plain,50,2,10000,3.4,5.0,6.7,17.6,1779.614,10000,0,0.0,http://127.0.0.1:8080/product?id=1
direct,plain,50,3,10000,3.5,5.4,1018.1,19.7,1714.269,10000,0,0.0,http://127.0.0.1:8080/product?id=1
direct,plain,50,4,10000,3.3,5.1000000000000005,1011.5000000000001,18.2,1709.8373,10000,0,0.0,http://127.0.0.1:8080/product?id=1
direct,plain,50,5,10000,3.3,5.0,1009.5000000000001,19.2,1501.7303,10000,0,0.0,http://127.0.0.1:8080/product?id=1
direct,token,1,1,10000,0.4,0.5,1.0,0.4,2378.5672,10000,0,0.0,http://127.0.0.1:8080/product?id=1&note=a%3Cb%20and%20c%3Ed
direct,token,1,2,10000,0.4,0.5,0.9,0.4,2362.0968,10000,0,0.0,http://127.0.0.1:8080/product?id=1&note=a%3Cb%20and%20c%3Ed
direct,token,1,3,10000,0.4,0.5,0.9,0.4,2367.1181,10000,0,0.0,http://127.0.0.1:8080/product?id=1&note=a%3Cb%20and%20c%3Ed
direct,token,1,4,10000,0.4,0.5,1.3,0.4,2314.2555,10000,0,0.0,http://127.0.0.1:8080/product?id=1&note=a%3Cb%20and%20c%3Ed
direct,token,1,5,10000,0.4,0.5,1.1,0.4,2388.6051,10000,0,0.0,http://127.0.0.1:8080/product?id=1&note=a%3Cb%20and%20c%3Ed
direct,token,10,1,10000,3.1,4.8,5.7,4.6,1899.6073,10000,0,0.0,http://127.0.0.1:8080/product?id=1&note=a%3Cb%20and%20c%3Ed
direct,token,10,2,10000,3.2,4.8999999999999995,5.8,4.7,1914.8339,10000,0,0.0,http://127.0.0.1:8080/product?id=1&note=a%3Cb%20and%20c%3Ed
direct,token,10,3,10000,3.1,4.8,5.8,4.1000000000000005,1979.9593,10000,0,0.0,http://127.0.0.1:8080/product?id=1&note=a%3Cb%20and%20c%3Ed
direct,token,10,4,10000,3.5,5.2,6.3,5.0,1805.6326,10000,0,0.0,http://127.0.0.1:8080/product?id=1&note=a%3Cb%20and%20c%3Ed
direct,token,10,5,10000,3.4,5.1000000000000005,6.2,4.8999999999999995,1832.595,10000,0,0.0,http://127.0.0.1:8080/product?id=1&note=a%3Cb%20and%20c%3Ed
direct,token,50,1,10000,3.3,5.5,1020.4,19.900000000000002,1499.179,10000,0,0.0,http://127.0.0.1:8080/product?id=1&note=a%3Cb%20and%20c%3Ed
direct,token,50,2,10000,3.3,5.0,7.1000000000000005,18.0,1717.3086,10000,0,0.0,http://127.0.0.1:8080/product?id=1&note=a%3Cb%20and%20c%3Ed
direct,token,50,3,10000,3.2,5.3,1015.7,19.2,1271.3256,10000,0,0.0,http://127.0.0.1:8080/product?id=1&note=a%3Cb%20and%20c%3Ed
direct,token,50,4,10000,3.4,5.0,1008.6999999999999,19.400000000000002,1494.0381,10000,0,0.0,http://127.0.0.1:8080/product?id=1&note=a%3Cb%20and%20c%3Ed
direct,token,50,5,10000,3.3,5.4,7.4,19.0,1478.8558,10000,0,0.0,http://127.0.0.1:8080/product?id=1&note=a%3Cb%20and%20c%3Ed
crs_only,plain,1,1,10000,1.0,1.2,1.4,1.0,990.5723,10000,0,68.7,http://localhost/customapp/product?id=1
crs_only,plain,1,2,10000,1.0,1.1,1.3,1.0,996.2198,10000,0,68.3,http://localhost/customapp/product?id=1
crs_only,plain,1,3,10000,1.0,1.1,1.3,1.0,1002.5677,10000,0,68.8,http://localhost/customapp/product?id=1
crs_only,plain,1,4,10000,1.0,1.1,1.3,1.0,1003.3082,10000,0,68.7,http://localhost/customapp/product?id=1
crs_only,plain,1,5,10000,1.0,1.2,1.4,1.0,993.6598,10000,0,68.3,http://localhost/customapp/product?id=1
crs_only,plain,10,1,10000,4.1000000000000005,5.7,6.5,4.7,1830.3149,10000,0,125.5,http://localhost/customapp/product?id=1
crs_only,plain,10,2,10000,3.7,5.5,6.5,4.5,1849.6465,10000,0,128.0,http://localhost/customapp/product?id=1
crs_only,plain,10,3,10000,3.9,5.8999999999999995,6.8999999999999995,4.8999999999999995,1839.8284,10000,0,128.9,http://localhost/customapp/product?id=1
crs_only,plain,10,4,10000,3.6,5.8,6.8999999999999995,5.1000000000000005,1617.6751,10000,0,114.4,http://localhost/customapp/product?id=1
crs_only,plain,10,5,10000,3.8,6.0,7.1000000000000005,5.2,1710.1517,10000,0,119.5,http://localhost/customapp/product?id=1
crs_only,plain,50,1,10000,4.0,6.3,1014.2,20.6,1753.8301,10000,0,122.8,http://localhost/customapp/product?id=1
crs_only,plain,50,2,10000,4.0,6.0,225.39999999999998,17.9,1815.8614,10000,0,125.6,http://localhost/customapp/product?id=1
crs_only,plain,50,3,10000,4.2,5.8,7.3,16.5,1708.1674,10000,0,117.2,http://localhost/customapp/product?id=1
crs_only,plain,50,4,10000,4.2,6.0,163.1,18.0,1739.1927,10000,0,119.9,http://localhost/customapp/product?id=1
crs_only,plain,50,5,10000,4.3,6.0,401.0,18.1,1828.7298,10000,0,125.3,http://localhost/customapp/product?id=1
crs_only,token,1,1,10000,1.0,1.2,1.4,1.0,948.8846,10000,0,69.7,http://localhost/customapp/product?id=1&note=a%3Cb%20and%20c%3Ed
crs_only,token,1,2,10000,1.0,1.2,1.5,1.0,959.727,10000,0,70.7,http://localhost/customapp/product?id=1&note=a%3Cb%20and%20c%3Ed
crs_only,token,1,3,10000,1.0,1.2,1.9,1.1,934.5564,10000,0,69.9,http://localhost/customapp/product?id=1&note=a%3Cb%20and%20c%3Ed
crs_only,token,1,4,10000,1.0,1.2,2.1,1.1,934.8512,10000,0,68.9,http://localhost/customapp/product?id=1&note=a%3Cb%20and%20c%3Ed
crs_only,token,1,5,10000,1.0,1.2,1.3,1.0,960.2743,10000,0,70.1,http://localhost/customapp/product?id=1&note=a%3Cb%20and%20c%3Ed
crs_only,token,10,1,10000,4.1000000000000005,5.7,6.6,5.0,1764.099,10000,0,128.2,http://localhost/customapp/product?id=1&note=a%3Cb%20and%20c%3Ed
crs_only,token,10,2,10000,4.3,5.8,6.7,4.8,1772.119,10000,0,128.9,http://localhost/customapp/product?id=1&note=a%3Cb%20and%20c%3Ed
crs_only,token,10,3,10000,4.4,5.8999999999999995,6.7,4.8999999999999995,1821.3692,10000,0,131.4,http://localhost/customapp/product?id=1&note=a%3Cb%20and%20c%3Ed
crs_only,token,10,4,10000,4.1000000000000005,5.8999999999999995,6.8,4.8999999999999995,1836.6156,10000,0,132.7,http://localhost/customapp/product?id=1&note=a%3Cb%20and%20c%3Ed
crs_only,token,10,5,10000,4.1000000000000005,5.7,6.5,4.8999999999999995,1864.7198,10000,0,134.7,http://localhost/customapp/product?id=1&note=a%3Cb%20and%20c%3Ed
crs_only,token,50,1,10000,4.2,5.8999999999999995,1010.8999999999999,20.2,1568.0368,10000,0,114.7,http://localhost/customapp/product?id=1&note=a%3Cb%20and%20c%3Ed
crs_only,token,50,2,10000,4.3,6.0,8.0,18.0,1671.5989,10000,0,121.6,http://localhost/customapp/product?id=1&note=a%3Cb%20and%20c%3Ed
crs_only,token,50,3,10000,4.6,6.3,497.8,19.2,1639.6924,10000,0,119.4,http://localhost/customapp/product?id=1&note=a%3Cb%20and%20c%3Ed
crs_only,token,50,4,10000,4.3,6.1000000000000005,209.4,17.3,1740.0919,10000,0,126.9,http://localhost/customapp/product?id=1&note=a%3Cb%20and%20c%3Ed
crs_only,token,50,5,10000,4.4,6.2,500.70000000000005,18.4,1678.1774,10000,0,122.8,http://localhost/customapp/product?id=1&note=a%3Cb%20and%20c%3Ed
cg_adaptive_sqli,plain,1,1,10000,1.0,1.1,1.2,1.0,1014.2392,10000,0,68.5,http://localhost/customapp/product?id=1
cg_adaptive_sqli,plain,1,2,10000,1.0,1.1,1.3,1.0,1010.853,10000,0,67.8,http://localhost/customapp/product?id=1
cg_adaptive_sqli,plain,1,3,10000,1.0,1.1,1.4,1.0,1010.745,10000,0,68.7,http://localhost/customapp/product?id=1
cg_adaptive_sqli,plain,1,4,10000,0.9,1.1,1.4,1.0,1015.6553,10000,0,68.3,http://localhost/customapp/product?id=1
cg_adaptive_sqli,plain,1,5,10000,1.0,1.1,1.4,1.0,1003.1737,10000,0,68.0,http://localhost/customapp/product?id=1
cg_adaptive_sqli,plain,10,1,10000,3.9,5.5,6.3,4.8,1866.3282,10000,0,125.5,http://localhost/customapp/product?id=1
cg_adaptive_sqli,plain,10,2,10000,3.9,5.5,6.2,4.6,1875.0444,10000,0,125.4,http://localhost/customapp/product?id=1
cg_adaptive_sqli,plain,10,3,10000,3.6,5.3,6.2,4.6,1901.0138,10000,0,129.3,http://localhost/customapp/product?id=1
cg_adaptive_sqli,plain,10,4,10000,3.7,5.7,6.7,4.7,1811.0682,10000,0,123.0,http://localhost/customapp/product?id=1
cg_adaptive_sqli,plain,10,5,10000,3.7,5.4,6.5,4.6,1859.1148,10000,0,125.1,http://localhost/customapp/product?id=1
cg_adaptive_sqli,plain,50,1,10000,4.2,6.1000000000000005,1004.9999999999999,20.2,1710.7203,10000,0,117.2,http://localhost/customapp/product?id=1
cg_adaptive_sqli,plain,50,2,10000,4.4,6.1000000000000005,941.8,20.299999999999997,1799.3715,10000,0,123.5,http://localhost/customapp/product?id=1
cg_adaptive_sqli,plain,50,3,10000,4.0,5.8,446.40000000000003,17.6,1744.4038,10000,0,118.3,http://localhost/customapp/product?id=1
cg_adaptive_sqli,plain,50,4,10000,4.0,5.8,7.7,17.5,1703.3044,10000,0,115.2,http://localhost/customapp/product?id=1
cg_adaptive_sqli,plain,50,5,10000,4.2,6.0,8.200000000000001,17.4,1776.0386,10000,0,120.4,http://localhost/customapp/product?id=1
cg_adaptive_sqli,token,1,1,10000,1.0,1.2,1.4,1.0,954.8877,10000,0,69.2,http://localhost/customapp/product?id=1&note=a%3Cb%20and%20c%3Ed
cg_adaptive_sqli,token,1,2,10000,1.0,1.2,1.4,1.0,957.5817,10000,0,70.5,http://localhost/customapp/product?id=1&note=a%3Cb%20and%20c%3Ed
cg_adaptive_sqli,token,1,3,10000,1.0,1.2,1.4,1.0,955.6924,10000,0,69.6,http://localhost/customapp/product?id=1&note=a%3Cb%20and%20c%3Ed
cg_adaptive_sqli,token,1,4,10000,1.0,1.2,1.4,1.0,950.9138,10000,0,68.9,http://localhost/customapp/product?id=1&note=a%3Cb%20and%20c%3Ed
cg_adaptive_sqli,token,1,5,10000,1.0,1.2,1.4,1.0,963.6388,10000,0,69.6,http://localhost/customapp/product?id=1&note=a%3Cb%20and%20c%3Ed
cg_adaptive_sqli,token,10,1,10000,4.2,5.7,6.5,5.0,1841.8754,10000,0,131.7,http://localhost/customapp/product?id=1&note=a%3Cb%20and%20c%3Ed
cg_adaptive_sqli,token,10,2,10000,4.1000000000000005,5.7,6.5,4.7,1793.9442,10000,0,127.6,http://localhost/customapp/product?id=1&note=a%3Cb%20and%20c%3Ed
cg_adaptive_sqli,token,10,3,10000,4.0,5.7,6.5,4.7,1790.7387,10000,0,128.4,http://localhost/customapp/product?id=1&note=a%3Cb%20and%20c%3Ed
cg_adaptive_sqli,token,10,4,10000,4.1000000000000005,5.7,6.7,4.8,1849.6315,10000,0,131.7,http://localhost/customapp/product?id=1&note=a%3Cb%20and%20c%3Ed
cg_adaptive_sqli,token,10,5,10000,3.8,5.6,6.4,4.8999999999999995,1860.5048,10000,0,132.5,http://localhost/customapp/product?id=1&note=a%3Cb%20and%20c%3Ed
cg_adaptive_sqli,token,50,1,10000,3.9,5.8999999999999995,1017.0999999999999,21.1,1637.6284,10000,0,117.0,http://localhost/customapp/product?id=1&note=a%3Cb%20and%20c%3Ed
cg_adaptive_sqli,token,50,2,10000,4.4,6.2,998.1999999999999,20.5,1680.1045,10000,0,123.3,http://localhost/customapp/product?id=1&note=a%3Cb%20and%20c%3Ed
cg_adaptive_sqli,token,50,3,10000,4.1000000000000005,6.0,299.59999999999997,18.5,1746.6274,10000,0,126.3,http://localhost/customapp/product?id=1&note=a%3Cb%20and%20c%3Ed
cg_adaptive_sqli,token,50,4,10000,4.4,6.1000000000000005,478.4,18.700000000000003,1742.8426,10000,0,124.7,http://localhost/customapp/product?id=1&note=a%3Cb%20and%20c%3Ed
cg_adaptive_sqli,token,50,5,10000,4.3,6.3,8.0,17.6,1729.8073,10000,0,127.3,http://localhost/customapp/product?id=1&note=a%3Cb%20and%20c%3Ed
cg_static_sqli,plain,1,1,10000,1.0,1.1,1.3,1.0,1006.7319,10000,0,69.0,http://localhost/customapp/product?id=1
cg_static_sqli,plain,1,2,10000,1.0,1.1,1.3,1.0,1001.2094,10000,0,68.6,http://localhost/customapp/product?id=1
cg_static_sqli,plain,1,3,10000,1.0,1.1,1.3,1.0,1002.2478,10000,0,69.0,http://localhost/customapp/product?id=1
cg_static_sqli,plain,1,4,10000,1.0,1.1,1.3,1.0,1007.5515,10000,0,69.1,http://localhost/customapp/product?id=1
cg_static_sqli,plain,1,5,10000,1.0,1.1,1.3,1.0,997.5579,10000,0,68.6,http://localhost/customapp/product?id=1
cg_static_sqli,plain,10,1,10000,4.3,5.8999999999999995,6.7,4.8999999999999995,1855.0587,10000,0,125.8,http://localhost/customapp/product?id=1
cg_static_sqli,plain,10,2,10000,4.0,5.5,6.3,4.8999999999999995,1840.2573,10000,0,124.8,http://localhost/customapp/product?id=1
cg_static_sqli,plain,10,3,10000,4.0,5.5,6.3,4.6,1937.7354,10000,0,131.3,http://localhost/customapp/product?id=1
cg_static_sqli,plain,10,4,10000,4.1000000000000005,5.6,6.4,4.7,1867.219,10000,0,127.5,http://localhost/customapp/product?id=1
cg_static_sqli,plain,10,5,10000,3.7,5.5,6.5,4.7,1829.0887,10000,0,125.3,http://localhost/customapp/product?id=1
cg_static_sqli,plain,50,1,10000,4.3,6.8,1021.7,22.2,1509.9377,10000,0,108.7,http://localhost/customapp/product?id=1
cg_static_sqli,plain,50,2,10000,4.5,6.3,485.20000000000005,18.8,1679.8879,10000,0,117.2,http://localhost/customapp/product?id=1
cg_static_sqli,plain,50,3,10000,4.2,6.8999999999999995,1010.1,20.1,1688.5065,10000,0,123.2,http://localhost/customapp/product?id=1
cg_static_sqli,plain,50,4,10000,3.7,6.2,240.2,18.2,1487.2723,10000,0,106.2,http://localhost/customapp/product?id=1
cg_static_sqli,plain,50,5,10000,4.2,5.8999999999999995,335.3,18.3,1692.4748,10000,0,116.1,http://localhost/customapp/product?id=1
cg_static_sqli,token,1,1,10000,1.0,1.2,1.4,1.0,948.2173,10000,0,69.5,http://localhost/customapp/product?id=1&note=a%3Cb%20and%20c%3Ed
cg_static_sqli,token,1,2,10000,1.0,1.2,1.3,1.0,968.742,10000,0,70.4,http://localhost/customapp/product?id=1&note=a%3Cb%20and%20c%3Ed
cg_static_sqli,token,1,3,10000,1.0,1.2,1.8,1.1,935.8703,10000,0,69.7,http://localhost/customapp/product?id=1&note=a%3Cb%20and%20c%3Ed
cg_static_sqli,token,1,4,10000,1.0,1.2,1.6,1.1,942.277,10000,0,68.9,http://localhost/customapp/product?id=1&note=a%3Cb%20and%20c%3Ed
cg_static_sqli,token,1,5,10000,1.0,1.2,2.2,1.1,941.7619,10000,0,69.8,http://localhost/customapp/product?id=1&note=a%3Cb%20and%20c%3Ed
cg_static_sqli,token,10,1,10000,3.9,5.8,6.8999999999999995,4.8999999999999995,1826.81,10000,0,135.7,http://localhost/customapp/product?id=1&note=a%3Cb%20and%20c%3Ed
cg_static_sqli,token,10,2,10000,3.9,5.7,6.7,4.8999999999999995,1836.7398,10000,0,135.9,http://localhost/customapp/product?id=1&note=a%3Cb%20and%20c%3Ed
cg_static_sqli,token,10,3,10000,3.8,5.7,6.8,4.7,1846.7943,10000,0,135.9,http://localhost/customapp/product?id=1&note=a%3Cb%20and%20c%3Ed
cg_static_sqli,token,10,4,10000,3.9,5.8,6.8,4.8999999999999995,1730.8022,10000,0,126.5,http://localhost/customapp/product?id=1&note=a%3Cb%20and%20c%3Ed
cg_static_sqli,token,10,5,10000,4.0,5.8,6.8,4.8999999999999995,1831.8439,10000,0,135.0,http://localhost/customapp/product?id=1&note=a%3Cb%20and%20c%3Ed
cg_static_sqli,token,50,1,10000,4.3,6.1000000000000005,1014.4,20.7,1785.633,10000,0,129.4,http://localhost/customapp/product?id=1&note=a%3Cb%20and%20c%3Ed
cg_static_sqli,token,50,2,10000,4.2,6.0,192.1,17.8,1710.8452,10000,0,124.6,http://localhost/customapp/product?id=1&note=a%3Cb%20and%20c%3Ed
cg_static_sqli,token,50,3,10000,4.2,6.1000000000000005,211.4,18.3,1800.5912,10000,0,130.3,http://localhost/customapp/product?id=1&note=a%3Cb%20and%20c%3Ed
cg_static_sqli,token,50,4,10000,4.3,6.1000000000000005,14.1,17.9,1694.077,10000,0,123.0,http://localhost/customapp/product?id=1&note=a%3Cb%20and%20c%3Ed
cg_static_sqli,token,50,5,10000,4.3,6.1000000000000005,10.9,17.2,1659.5928,10000,0,120.0,http://localhost/customapp/product?id=1&note=a%3Cb%20and%20c%3Ed
cg_adaptive_xss,plain,1,1,10000,1.0,1.3,2.4,1.0,963.3613,10000,0,68.1,http://localhost/customapp/product?id=1
cg_adaptive_xss,plain,1,2,10000,1.0,1.3,2.0,1.0,959.4789,10000,0,67.4,http://localhost/customapp/product?id=1
cg_adaptive_xss,plain,1,3,10000,1.0,1.2,1.5,1.0,993.9194,10000,0,68.6,http://localhost/customapp/product?id=1
cg_adaptive_xss,plain,1,4,10000,1.0,1.3,2.4,1.0,959.0174,10000,0,68.2,http://localhost/customapp/product?id=1
cg_adaptive_xss,plain,1,5,10000,1.0,1.3,2.6,1.0,952.4172,10000,0,67.2,http://localhost/customapp/product?id=1
cg_adaptive_xss,plain,10,1,10000,4.3,6.2,7.4,5.1000000000000005,1669.4028,10000,0,121.9,http://localhost/customapp/product?id=1
cg_adaptive_xss,plain,10,2,10000,3.4,5.6,6.8,4.7,1856.8191,10000,0,128.6,http://localhost/customapp/product?id=1
cg_adaptive_xss,plain,10,3,10000,3.7,6.0,7.4,4.8999999999999995,1746.2429,10000,0,125.5,http://localhost/customapp/product?id=1
cg_adaptive_xss,plain,10,4,10000,3.7,5.7,6.8,4.8999999999999995,1792.7052,10000,0,124.5,http://localhost/customapp/product?id=1
cg_adaptive_xss,plain,10,5,10000,3.9,6.4,7.9,5.1000000000000005,1780.3525,10000,0,125.5,http://localhost/customapp/product?id=1
cg_adaptive_xss,plain,50,1,10000,4.4,6.4,1019.0999999999999,22.0,1673.8582,10000,0,119.7,http://localhost/customapp/product?id=1
cg_adaptive_xss,plain,50,2,10000,4.0,6.5,732.4000000000001,19.400000000000002,1655.9486,10000,0,115.3,http://localhost/customapp/product?id=1
cg_adaptive_xss,plain,50,3,10000,3.8,6.3,429.59999999999997,19.7,1707.3804,10000,0,120.6,http://localhost/customapp/product?id=1
cg_adaptive_xss,plain,50,4,10000,3.9,6.5,420.70000000000005,19.599999999999998,1479.1062,10000,0,105.8,http://localhost/customapp/product?id=1
cg_adaptive_xss,plain,50,5,10000,3.9,6.4,502.8,18.700000000000003,1484.9923,10000,0,103.9,http://localhost/customapp/product?id=1
cg_adaptive_xss,token,1,1,10000,1.0,1.3,2.4,1.1,921.4336,10000,0,68.8,http://localhost/customapp/product?id=1&note=a%3Cb%20and%20c%3Ed
cg_adaptive_xss,token,1,2,10000,1.0,1.3,2.3,1.1,932.7919,10000,0,69.6,http://localhost/customapp/product?id=1&note=a%3Cb%20and%20c%3Ed
cg_adaptive_xss,token,1,3,10000,1.0,1.5,2.5,1.1,894.1922,10000,0,68.7,http://localhost/customapp/product?id=1&note=a%3Cb%20and%20c%3Ed
cg_adaptive_xss,token,1,4,10000,1.0,1.3,2.6,1.1,923.7825,10000,0,68.6,http://localhost/customapp/product?id=1&note=a%3Cb%20and%20c%3Ed
cg_adaptive_xss,token,1,5,10000,1.0,1.6,2.9,1.1,873.1515,10000,0,68.5,http://localhost/customapp/product?id=1&note=a%3Cb%20and%20c%3Ed
cg_adaptive_xss,token,10,1,10000,4.4,7.1000000000000005,8.8,5.7,1615.9445,10000,0,136.4,http://localhost/customapp/product?id=1&note=a%3Cb%20and%20c%3Ed
cg_adaptive_xss,token,10,2,10000,3.8,6.3,7.8,5.4,1574.1463,10000,0,122.0,http://localhost/customapp/product?id=1&note=a%3Cb%20and%20c%3Ed
cg_adaptive_xss,token,10,3,10000,3.9,6.4,8.3,5.3,1734.9579,10000,0,132.8,http://localhost/customapp/product?id=1&note=a%3Cb%20and%20c%3Ed
cg_adaptive_xss,token,10,4,10000,3.6,5.8,7.0,4.8,1803.2846,10000,0,135.1,http://localhost/customapp/product?id=1&note=a%3Cb%20and%20c%3Ed
cg_adaptive_xss,token,10,5,10000,3.6,6.0,7.3,5.2,1611.4792,10000,0,121.9,http://localhost/customapp/product?id=1&note=a%3Cb%20and%20c%3Ed
cg_adaptive_xss,token,50,1,10000,4.3,6.8,1015.6,23.0,1466.7573,10000,0,110.2,http://localhost/customapp/product?id=1&note=a%3Cb%20and%20c%3Ed
cg_adaptive_xss,token,50,2,10000,4.3,6.7,1015.3000000000001,20.7,1683.1075,10000,0,124.6,http://localhost/customapp/product?id=1&note=a%3Cb%20and%20c%3Ed
cg_adaptive_xss,token,50,3,10000,4.0,6.5,1011.3000000000001,19.3,1725.9485,10000,0,127.5,http://localhost/customapp/product?id=1&note=a%3Cb%20and%20c%3Ed
cg_adaptive_xss,token,50,4,10000,4.4,6.5,11.2,18.9,1510.3426,10000,0,115.8,http://localhost/customapp/product?id=1&note=a%3Cb%20and%20c%3Ed
cg_adaptive_xss,token,50,5,10000,4.2,7.4,1020.6999999999999,21.0,1643.9687,10000,0,132.4,http://localhost/customapp/product?id=1&note=a%3Cb%20and%20c%3Ed
cg_static_xss,plain,1,1,10000,1.0,1.3,2.7,1.0,947.7207,10000,0,67.2,http://localhost/customapp/product?id=1
cg_static_xss,plain,1,2,10000,1.0,1.2,2.5,1.0,975.1758,10000,0,67.9,http://localhost/customapp/product?id=1
cg_static_xss,plain,1,3,10000,1.0,1.2,2.3,1.0,973.8691,10000,0,68.1,http://localhost/customapp/product?id=1
cg_static_xss,plain,1,4,10000,1.0,1.2,1.5,1.0,988.9087,10000,0,68.0,http://localhost/customapp/product?id=1
cg_static_xss,plain,1,5,10000,1.0,1.3,2.5,1.0,950.9075,10000,0,68.3,http://localhost/customapp/product?id=1
cg_static_xss,plain,10,1,10000,3.6,5.8999999999999995,7.2,4.7,1767.7674,10000,0,129.9,http://localhost/customapp/product?id=1
cg_static_xss,plain,10,2,10000,3.8,6.2,7.7,5.5,1671.2222,10000,0,128.5,http://localhost/customapp/product?id=1
cg_static_xss,plain,10,3,10000,3.6,6.0,7.3,5.0,1644.2464,10000,0,118.1,http://localhost/customapp/product?id=1
cg_static_xss,plain,10,4,10000,4.2,5.8999999999999995,6.6,5.0,1809.5381,10000,0,126.0,http://localhost/customapp/product?id=1
cg_static_xss,plain,10,5,10000,3.6,5.7,6.8,4.7,1841.5769,10000,0,129.4,http://localhost/customapp/product?id=1
cg_static_xss,plain,50,1,10000,3.9,6.3,1013.6,21.3,1647.3936,10000,0,116.1,http://localhost/customapp/product?id=1
cg_static_xss,plain,50,2,10000,4.2,6.8,440.2,19.099999999999998,1646.2185,10000,0,121.0,http://localhost/customapp/product?id=1
cg_static_xss,plain,50,3,10000,4.2,6.8999999999999995,634.0,19.7,1671.491,10000,0,123.5,http://localhost/customapp/product?id=1
cg_static_xss,plain,50,4,10000,4.4,6.1000000000000005,9.4,17.6,1665.8592,10000,0,114.7,http://localhost/customapp/product?id=1
cg_static_xss,plain,50,5,10000,4.2,6.4,449.1,18.700000000000003,1801.2377,10000,0,129.2,http://localhost/customapp/product?id=1
cg_static_xss,token,1,1,10000,1.0,1.4,2.6,1.1,911.6451,10000,0,69.8,http://localhost/customapp/product?id=1&note=a%3Cb%20and%20c%3Ed
cg_static_xss,token,1,2,10000,1.0,1.4,2.7,1.1,896.8634,10000,0,68.7,http://localhost/customapp/product?id=1&note=a%3Cb%20and%20c%3Ed
cg_static_xss,token,1,3,10000,1.0,1.4,2.7,1.1,900.0488,10000,0,68.7,http://localhost/customapp/product?id=1&note=a%3Cb%20and%20c%3Ed
cg_static_xss,token,1,4,10000,1.0,1.5,2.7,1.1,894.6271,10000,0,68.8,http://localhost/customapp/product?id=1&note=a%3Cb%20and%20c%3Ed
cg_static_xss,token,1,5,10000,1.0,1.2,1.7,1.1,941.3113,10000,0,68.8,http://localhost/customapp/product?id=1&note=a%3Cb%20and%20c%3Ed
cg_static_xss,token,10,1,10000,3.5,5.8,7.2,4.8999999999999995,1739.6875,10000,0,135.2,http://localhost/customapp/product?id=1&note=a%3Cb%20and%20c%3Ed
cg_static_xss,token,10,2,10000,3.7,6.1000000000000005,7.4,4.8,1749.5642,10000,0,134.6,http://localhost/customapp/product?id=1&note=a%3Cb%20and%20c%3Ed
cg_static_xss,token,10,3,10000,3.5,6.2,7.6,4.8,1706.4454,10000,0,135.9,http://localhost/customapp/product?id=1&note=a%3Cb%20and%20c%3Ed
cg_static_xss,token,10,4,10000,3.7,5.8999999999999995,7.3,5.0,1743.7094,10000,0,134.0,http://localhost/customapp/product?id=1&note=a%3Cb%20and%20c%3Ed
cg_static_xss,token,10,5,10000,3.5,5.7,6.7,4.8,1841.9269,10000,0,136.2,http://localhost/customapp/product?id=1&note=a%3Cb%20and%20c%3Ed
cg_static_xss,token,50,1,10000,4.0,6.4,1017.6,21.9,1569.5562,10000,0,118.3,http://localhost/customapp/product?id=1&note=a%3Cb%20and%20c%3Ed
cg_static_xss,token,50,2,10000,4.3,6.8,1018.6999999999999,23.2,1432.2996,10000,0,109.0,http://localhost/customapp/product?id=1&note=a%3Cb%20and%20c%3Ed
cg_static_xss,token,50,3,10000,4.2,7.0,1006.1,20.7,1499.1497,10000,0,121.6,http://localhost/customapp/product?id=1&note=a%3Cb%20and%20c%3Ed
cg_static_xss,token,50,4,10000,4.2,6.2,210.29999999999998,18.700000000000003,1731.8165,10000,0,132.3,http://localhost/customapp/product?id=1&note=a%3Cb%20and%20c%3Ed
cg_static_xss,token,50,5,10000,4.1000000000000005,6.6,449.6,19.099999999999998,1455.759,10000,0,110.0,http://localhost/customapp/product?id=1&note=a%3Cb%20and%20c%3Ed
