strategy,family,context,seed,n_rules,n_distinct,med_regex_len,sum_regex_len,med_alternations,med_groups,transform_chains
PP-Static,SQLi,login,1,119,88,131,15907,4,5,";urlDecodeUni,lowercase"
PP-Static,SQLi,login,10,91,51,110,10019,9,6,"urlDecodeUni,replaceComments,compressWhitespace,lowercase"
PP-Static,SQLi,login,2,120,101,138,16871,4.0,6.0,";urlDecodeUni,lowercase"
PP-Static,SQLi,login,3,139,106,132,18163,4,5,";urlDecodeUni,lowercase"
PP-Static,SQLi,login,4,105,56,110,11643,9,6,"urlDecodeUni,replaceComments,compressWhitespace,lowercase"
PP-Static,SQLi,login,5,94,54,111,10736,9.0,6.0,"urlDecodeUni,replaceComments,compressWhitespace,lowercase"
PP-Static,SQLi,login,6,93,50,112,10458,9,6,"urlDecodeUni,replaceComments,compressWhitespace,lowercase"
PP-Static,SQLi,login,7,83,47,112,9887,9,6,"urlDecodeUni,replaceComments,compressWhitespace,lowercase"
PP-Static,SQLi,login,8,91,50,112,10647,9,6,"urlDecodeUni,replaceComments,compressWhitespace,lowercase"
PP-Static,SQLi,login,9,92,51,111,10587,9.0,6.0,"urlDecodeUni,replaceComments,compressWhitespace,lowercase"
PP-Static,SQLi,search,1,210,183,170,36007,8.0,7.0,";urlDecodeUni,lowercase"
PP-Static,SQLi,search,10,225,189,158,36360,12,7,"urlDecodeUni,replaceComments,compressWhitespace,lowercase"
PP-Static,SQLi,search,2,193,172,170,33497,8,6,";urlDecodeUni,lowercase"
PP-Static,SQLi,search,3,204,170,170,34779,8.0,6.0,";urlDecodeUni,lowercase"
PP-Static,SQLi,search,4,215,185,167,36158,8,6,";urlDecodeUni,lowercase"
PP-Static,SQLi,search,5,216,187,172,37098,8.0,7.0,";urlDecodeUni,lowercase"
PP-Static,SQLi,search,6,222,186,160,35637,12.0,7.0,"urlDecodeUni,replaceComments,compressWhitespace,lowercase"
PP-Static,SQLi,search,7,219,187,160,35694,12,8,"urlDecodeUni,replaceComments,compressWhitespace,lowercase"
PP-Static,SQLi,search,8,227,193,160,35893,12,7,"urlDecodeUni,replaceComments,compressWhitespace,lowercase"
PP-Static,SQLi,search,9,230,188,162,37419,12.0,8.0,"urlDecodeUni,replaceComments,compressWhitespace,lowercase"
PP-Static,SQLi,product,1,214,133,135,31717,10.0,6.0,";urlDecodeUni,lowercase"
PP-Static,SQLi,product,10,177,144,164,29590,12,8,"urlDecodeUni,replaceComments,compressWhitespace,lowercase"
PP-Static,SQLi,product,2,205,123,135,30262,10,6,";urlDecodeUni,lowercase"
PP-Static,SQLi,product,3,216,127,136,31595,10.0,6.0,";urlDecodeUni,lowercase"
PP-Static,SQLi,product,4,214,129,135,32077,10.0,6.0,";urlDecodeUni,lowercase"
PP-Static,SQLi,product,5,228,143,136,33620,10.0,6.0,";urlDecodeUni,lowercase"
PP-Static,SQLi,product,6,182,147,165,31138,12.0,8.0,"urlDecodeUni,replaceComments,compressWhitespace,lowercase"
PP-Static,SQLi,product,7,154,130,165,25639,12.0,9.0,"urlDecodeUni,replaceComments,compressWhitespace,lowercase"
PP-Static,SQLi,product,8,180,152,165,31338,12.0,9.0,"urlDecodeUni,replaceComments,compressWhitespace,lowercase"
PP-Static,SQLi,product,9,177,141,165,30158,12,9,"urlDecodeUni,replaceComments,compressWhitespace,lowercase"
PP-Static,SQLi,filter,1,191,160,144,29029,9,6,";urlDecodeUni,lowercase"
PP-Static,SQLi,filter,10,183,135,129,25784,9,6,"urlDecodeUni,replaceComments,compressWhitespace,lowercase"
PP-Static,SQLi,filter,2,187,166,139,28466,9,6,";urlDecodeUni,lowercase"
PP-Static,SQLi,filter,3,195,165,148,29999,9,6,";urlDecodeUni,lowercase"
PP-Static,SQLi,filter,4,181,134,134,26478,9,6,"urlDecodeUni,replaceComments,compressWhitespace,lowercase"
PP-Static,SQLi,filter,5,182,144,132,25471,9.0,6.0,"urlDecodeUni,replaceComments,compressWhitespace,lowercase"
PP-Static,SQLi,filter,6,196,148,129,27463,9.0,6.0,"urlDecodeUni,replaceComments,compressWhitespace,lowercase"
PP-Static,SQLi,filter,7,139,105,136,20462,9,6,"urlDecodeUni,replaceComments,compressWhitespace,lowercase"
PP-Static,SQLi,filter,8,185,129,129,25641,9,5,"urlDecodeUni,replaceComments,compressWhitespace,lowercase"
PP-Static,SQLi,filter,9,190,145,134,27428,9.0,6.0,"urlDecodeUni,replaceComments,compressWhitespace,lowercase"
PP-Static,XSS,search,1,297,105,348,102893,32,11,"urlDecodeUni,htmlEntityDecode,jsDecode,compressWhitespace"
PP-Static,XSS,search,10,296,101,350,104537,32.0,12.0,"urlDecodeUni,htmlEntityDecode,jsDecode,compressWhitespace"
PP-Static,XSS,search,2,297,94,350,104480,32,12,"urlDecodeUni,htmlEntityDecode,jsDecode,compressWhitespace"
PP-Static,XSS,search,3,292,101,350,102799,32.0,12.0,"urlDecodeUni,htmlEntityDecode,jsDecode,compressWhitespace"
PP-Static,XSS,search,4,297,100,350,103974,32,12,"urlDecodeUni,htmlEntityDecode,jsDecode,compressWhitespace"
PP-Static,XSS,search,5,300,110,350,105440,32.0,12.0,"urlDecodeUni,htmlEntityDecode,jsDecode,compressWhitespace"
PP-Static,XSS,search,6,297,103,350,104399,32,12,"urlDecodeUni,htmlEntityDecode,jsDecode,compressWhitespace"
PP-Static,XSS,search,7,297,97,350,104157,32,12,"urlDecodeUni,htmlEntityDecode,jsDecode,compressWhitespace"
PP-Static,XSS,search,8,298,103,350,104987,32.0,12.0,"urlDecodeUni,htmlEntityDecode,jsDecode,compressWhitespace"
PP-Static,XSS,search,9,297,102,350,103731,32,11,"urlDecodeUni,htmlEntityDecode,jsDecode,compressWhitespace"
PP-Static,XSS,calc,1,294,252,344,98250,31.0,7.0,"urlDecodeUni,htmlEntityDecode,jsDecode,compressWhitespace"
PP-Static,XSS,calc,10,287,235,345,98320,32,7,"urlDecodeUni,htmlEntityDecode,jsDecode,compressWhitespace"
PP-Static,XSS,calc,2,293,236,342,97307,31,7,"urlDecodeUni,htmlEntityDecode,jsDecode,compressWhitespace"
PP-Static,XSS,calc,3,293,250,347,101861,32,7,"urlDecodeUni,htmlEntityDecode,jsDecode,compressWhitespace"
PP-Static,XSS,calc,4,290,234,344,97139,31.5,7.0,"urlDecodeUni,htmlEntityDecode,jsDecode,compressWhitespace"
PP-Static,XSS,calc,5,289,229,342,96934,31,6,"urlDecodeUni,htmlEntityDecode,jsDecode,compressWhitespace"
PP-Static,XSS,calc,6,288,241,347,100073,31.0,7.0,"urlDecodeUni,htmlEntityDecode,jsDecode,compressWhitespace"
PP-Static,XSS,calc,7,286,235,340,93077,31.0,6.0,"urlDecodeUni,htmlEntityDecode,jsDecode,compressWhitespace"
PP-Static,XSS,calc,8,285,244,344,97220,32,7,"urlDecodeUni,htmlEntityDecode,jsDecode,compressWhitespace"
PP-Static,XSS,calc,9,292,256,347,100754,32.0,7.0,"urlDecodeUni,htmlEntityDecode,jsDecode,compressWhitespace"
CG-Static,SQLi,login,1,2,2,50,101,7.0,2.5,"urlDecodeUni,replaceComments,compressWhitespace,lowercase"
CG-Static,SQLi,login,10,2,2,19,38,3.5,1.5,"urlDecodeUni,replaceComments,compressWhitespace,lowercase"
CG-Static,SQLi,login,2,3,3,18,61,3,1,"urlDecodeUni,replaceComments,compressWhitespace,lowercase"
CG-Static,SQLi,login,3,1,1,13,13,0,0,"urlDecodeUni,replaceComments,compressWhitespace,lowercase"
CG-Static,SQLi,login,4,2,2,35,70,5.0,2.5,"urlDecodeUni,replaceComments,compressWhitespace,lowercase"
CG-Static,SQLi,login,5,2,2,18,37,3.5,1.5,"urlDecodeUni,replaceComments,compressWhitespace,lowercase"
CG-Static,SQLi,login,6,2,2,22,44,3.5,1.5,"urlDecodeUni,replaceComments,compressWhitespace,lowercase"
CG-Static,SQLi,login,7,2,2,33,66,5.0,2.5,"urlDecodeUni,replaceComments,compressWhitespace,lowercase"
CG-Static,SQLi,login,8,1,1,15,15,3,1,"urlDecodeUni,replaceComments,compressWhitespace,lowercase"
CG-Static,SQLi,login,9,2,2,21,43,3.5,1.5,"urlDecodeUni,replaceComments,compressWhitespace,lowercase"
CG-Static,SQLi,search,1,1,1,57,57,0,0,"urlDecodeUni,replaceComments,compressWhitespace,lowercase"
CG-Static,SQLi,search,10,1,1,57,57,0,0,"urlDecodeUni,replaceComments,compressWhitespace,lowercase"
CG-Static,SQLi,search,2,1,1,57,57,0,0,"urlDecodeUni,replaceComments,compressWhitespace,lowercase"
CG-Static,SQLi,search,3,1,1,57,57,0,0,"urlDecodeUni,replaceComments,compressWhitespace,lowercase"
CG-Static,SQLi,search,4,1,1,66,66,6,1,"urlDecodeUni,replaceComments,compressWhitespace,lowercase"
CG-Static,SQLi,search,5,1,1,57,57,0,0,"urlDecodeUni,replaceComments,compressWhitespace,lowercase"
CG-Static,SQLi,search,6,1,1,65,65,6,1,"urlDecodeUni,replaceComments,compressWhitespace,lowercase"
CG-Static,SQLi,search,7,1,1,57,57,0,0,"urlDecodeUni,replaceComments,compressWhitespace,lowercase"
CG-Static,SQLi,search,8,1,1,57,57,0,0,"urlDecodeUni,replaceComments,compressWhitespace,lowercase"
CG-Static,SQLi,search,9,1,1,57,57,0,0,"urlDecodeUni,replaceComments,compressWhitespace,lowercase"
CG-Static,SQLi,product,1,1,1,57,57,0,0,"urlDecodeUni,replaceComments,compressWhitespace,lowercase"
CG-Static,SQLi,product,10,1,1,65,65,6,1,"urlDecodeUni,replaceComments,compressWhitespace,lowercase"
CG-Static,SQLi,product,2,1,1,57,57,0,0,"urlDecodeUni,replaceComments,compressWhitespace,lowercase"
CG-Static,SQLi,product,3,1,1,57,57,0,0,"urlDecodeUni,replaceComments,compressWhitespace,lowercase"
CG-Static,SQLi,product,4,1,1,57,57,0,0,"urlDecodeUni,replaceComments,compressWhitespace,lowercase"
CG-Static,SQLi,product,5,1,1,65,65,6,1,"urlDecodeUni,replaceComments,compressWhitespace,lowercase"
CG-Static,SQLi,product,6,1,1,57,57,0,0,"urlDecodeUni,replaceComments,compressWhitespace,lowercase"
CG-Static,SQLi,product,7,1,1,57,57,0,0,"urlDecodeUni,replaceComments,compressWhitespace,lowercase"
CG-Static,SQLi,product,8,1,1,57,57,0,0,"urlDecodeUni,replaceComments,compressWhitespace,lowercase"
CG-Static,SQLi,product,9,1,1,57,57,0,0,"urlDecodeUni,replaceComments,compressWhitespace,lowercase"
CG-Static,SQLi,filter,1,1,1,65,65,6,1,"urlDecodeUni,replaceComments,compressWhitespace,lowercase"
CG-Static,SQLi,filter,10,1,1,57,57,0,0,"urlDecodeUni,replaceComments,compressWhitespace,lowercase"
CG-Static,SQLi,filter,2,1,1,66,66,6,1,"urlDecodeUni,replaceComments,compressWhitespace,lowercase"
CG-Static,SQLi,filter,3,1,1,57,57,0,0,"urlDecodeUni,replaceComments,compressWhitespace,lowercase"
CG-Static,SQLi,filter,4,1,1,65,65,6,1,"urlDecodeUni,replaceComments,compressWhitespace,lowercase"
CG-Static,SQLi,filter,5,1,1,57,57,0,0,"urlDecodeUni,replaceComments,compressWhitespace,lowercase"
CG-Static,SQLi,filter,6,1,1,57,57,0,0,"urlDecodeUni,replaceComments,compressWhitespace,lowercase"
CG-Static,SQLi,filter,7,2,2,61,123,0.0,0.5,"urlDecodeUni,replaceComments,compressWhitespace,lowercase"
CG-Static,SQLi,filter,8,1,1,66,66,6,1,"urlDecodeUni,replaceComments,compressWhitespace,lowercase"
CG-Static,SQLi,filter,9,1,1,57,57,0,0,"urlDecodeUni,replaceComments,compressWhitespace,lowercase"
CG-Static,XSS,search,1,2,2,341,683,28.0,5.5,"urlDecodeUni,htmlEntityDecode,jsDecode,compressWhitespace"
CG-Static,XSS,search,10,1,1,359,359,32,13,"urlDecodeUni,htmlEntityDecode,jsDecode,compressWhitespace"
CG-Static,XSS,search,2,2,2,236,473,23.0,6.0,"urlDecodeUni,htmlEntityDecode,jsDecode,compressWhitespace"
CG-Static,XSS,search,3,1,1,373,373,32,13,"urlDecodeUni,htmlEntityDecode,jsDecode,compressWhitespace"
CG-Static,XSS,search,4,1,1,368,368,32,13,"urlDecodeUni,htmlEntityDecode,jsDecode,compressWhitespace"
CG-Static,XSS,search,5,1,1,342,342,33,6,"urlDecodeUni,htmlEntityDecode,jsDecode,compressWhitespace"
CG-Static,XSS,search,6,2,2,328,657,28.0,13.0,"urlDecodeUni,htmlEntityDecode,jsDecode,compressWhitespace"
CG-Static,XSS,search,7,1,1,341,341,34,6,"urlDecodeUni,htmlEntityDecode,jsDecode,compressWhitespace"
CG-Static,XSS,search,8,1,1,347,347,34,7,"urlDecodeUni,htmlEntityDecode,jsDecode,compressWhitespace"
CG-Static,XSS,search,9,1,1,388,388,32,13,"urlDecodeUni,htmlEntityDecode,jsDecode,compressWhitespace"
CG-Static,XSS,calc,1,4,4,76,326,4.5,3.0,"urlDecodeUni,htmlEntityDecode,jsDecode,compressWhitespace"
CG-Static,XSS,calc,10,3,3,290,731,30,6,"urlDecodeUni,htmlEntityDecode,jsDecode,compressWhitespace"
CG-Static,XSS,calc,2,3,3,87,252,9,2,"urlDecodeUni,htmlEntityDecode,jsDecode,compressWhitespace"
CG-Static,XSS,calc,3,2,2,84,169,8.5,2.0,"urlDecodeUni,htmlEntityDecode,jsDecode,compressWhitespace"
CG-Static,XSS,calc,4,5,5,33,545,2,3,"urlDecodeUni,htmlEntityDecode,jsDecode,compressWhitespace"
CG-Static,XSS,calc,5,1,1,353,353,32,12,"urlDecodeUni,htmlEntityDecode,jsDecode,compressWhitespace"
CG-Static,XSS,calc,6,1,1,89,89,9,1,"urlDecodeUni,htmlEntityDecode,jsDecode,compressWhitespace"
CG-Static,XSS,calc,7,1,1,87,87,9,1,"urlDecodeUni,htmlEntityDecode,jsDecode,compressWhitespace"
CG-Static,XSS,calc,8,5,5,87,411,1,3,"urlDecodeUni,htmlEntityDecode,jsDecode,compressWhitespace"
CG-Static,XSS,calc,9,1,1,87,87,9,1,"urlDecodeUni,htmlEntityDecode,jsDecode,compressWhitespace"
RG,SQLi,login,1,3,3,28,82,4,2,"urlDecodeUni,replaceComments,compressWhitespace,lowercase"
RG,SQLi,login,10,2,2,19,38,3.5,1.5,"urlDecodeUni,replaceComments,compressWhitespace,lowercase"
RG,SQLi,login,2,2,2,24,48,2.0,0.5,"urlDecodeUni,replaceComments,compressWhitespace,lowercase"
RG,SQLi,login,3,3,3,27,76,5,2,"urlDecodeUni,replaceComments,compressWhitespace,lowercase"
RG,SQLi,login,4,2,2,30,61,4.5,2.5,"urlDecodeUni,replaceComments,compressWhitespace,lowercase"
RG,SQLi,login,5,2,2,28,56,5.0,2.0,"urlDecodeUni,replaceComments,compressWhitespace,lowercase"
RG,SQLi,login,6,2,2,29,58,5.0,2.0,"urlDecodeUni,replaceComments,compressWhitespace,lowercase"
RG,SQLi,login,7,2,2,24,48,4.0,2.0,"urlDecodeUni,replaceComments,compressWhitespace,lowercase"
RG,SQLi,login,8,2,2,26,53,5.0,2.0,"urlDecodeUni,replaceComments,compressWhitespace,lowercase"
RG,SQLi,login,9,2,2,20,40,4.0,1.5,"urlDecodeUni,replaceComments,compressWhitespace,lowercase"
RG,SQLi,search,1,1,1,66,66,6,1,"urlDecodeUni,replaceComments,compressWhitespace,lowercase"
RG,SQLi,search,10,1,1,70,70,6,2,"urlDecodeUni,replaceComments,compressWhitespace,lowercase"
RG,SQLi,search,2,2,2,55,111,7.0,2.5,"urlDecodeUni,replaceComments,compressWhitespace,lowercase"
RG,SQLi,search,3,1,1,70,70,6,2,"urlDecodeUni,replaceComments,compressWhitespace,lowercase"
RG,SQLi,search,4,3,2,70,160,6,2,"urlDecodeUni,replaceComments,compressWhitespace,lowercase"
RG,SQLi,search,5,1,1,70,70,6,2,"urlDecodeUni,replaceComments,compressWhitespace,lowercase"
RG,SQLi,search,6,1,1,70,70,6,2,"urlDecodeUni,replaceComments,compressWhitespace,lowercase"
RG,SQLi,search,7,1,1,57,57,0,0,"urlDecodeUni,replaceComments,compressWhitespace,lowercase"
RG,SQLi,search,8,1,1,57,57,0,0,"urlDecodeUni,replaceComments,compressWhitespace,lowercase"
RG,SQLi,search,9,1,1,60,60,0,1,"urlDecodeUni,replaceComments,compressWhitespace,lowercase"
RG,SQLi,product,1,1,1,65,65,6,1,"urlDecodeUni,replaceComments,compressWhitespace,lowercase"
RG,SQLi,product,10,1,1,65,65,6,1,"urlDecodeUni,replaceComments,compressWhitespace,lowercase"
RG,SQLi,product,2,1,1,57,57,0,0,"urlDecodeUni,replaceComments,compressWhitespace,lowercase"
RG,SQLi,product,3,1,1,66,66,6,1,"urlDecodeUni,replaceComments,compressWhitespace,lowercase"
RG,SQLi,product,4,1,1,66,66,6,1,"urlDecodeUni,replaceComments,compressWhitespace,lowercase"
RG,SQLi,product,5,1,1,70,70,6,2,"urlDecodeUni,replaceComments,compressWhitespace,lowercase"
RG,SQLi,product,6,1,1,66,66,6,1,"urlDecodeUni,replaceComments,compressWhitespace,lowercase"
RG,SQLi,product,7,1,1,65,65,6,1,"urlDecodeUni,replaceComments,compressWhitespace,lowercase"
RG,SQLi,product,8,1,1,57,57,0,0,"urlDecodeUni,replaceComments,compressWhitespace,lowercase"
RG,SQLi,product,9,1,1,70,70,6,2,"urlDecodeUni,replaceComments,compressWhitespace,lowercase"
RG,SQLi,filter,1,1,1,70,70,6,2,"urlDecodeUni,replaceComments,compressWhitespace,lowercase"
RG,SQLi,filter,10,1,1,70,70,6,2,"urlDecodeUni,replaceComments,compressWhitespace,lowercase"
RG,SQLi,filter,2,1,1,66,66,6,1,"urlDecodeUni,replaceComments,compressWhitespace,lowercase"
RG,SQLi,filter,3,1,1,66,66,6,1,"urlDecodeUni,replaceComments,compressWhitespace,lowercase"
RG,SQLi,filter,4,1,1,57,57,0,0,"urlDecodeUni,replaceComments,compressWhitespace,lowercase"
RG,SQLi,filter,5,1,1,66,66,6,1,"urlDecodeUni,replaceComments,compressWhitespace,lowercase"
RG,SQLi,filter,6,1,1,66,66,6,1,"urlDecodeUni,replaceComments,compressWhitespace,lowercase"
RG,SQLi,filter,7,1,1,65,65,6,1,"urlDecodeUni,replaceComments,compressWhitespace,lowercase"
RG,SQLi,filter,8,1,1,70,70,6,2,"urlDecodeUni,replaceComments,compressWhitespace,lowercase"
RG,SQLi,filter,9,1,1,70,70,6,2,"urlDecodeUni,replaceComments,compressWhitespace,lowercase"
RG,XSS,search,1,2,2,341,682,32.5,6.5,"urlDecodeUni,htmlEntityDecode,jsDecode,compressWhitespace"
RG,XSS,search,10,2,2,326,652,29.0,10.0,"urlDecodeUni,htmlEntityDecode,jsDecode,compressWhitespace"
RG,XSS,search,2,2,2,364,728,32.0,13.0,"urlDecodeUni,htmlEntityDecode,jsDecode,compressWhitespace"
RG,XSS,search,3,1,1,312,312,29,7,"urlDecodeUni,htmlEntityDecode,jsDecode,compressWhitespace"
RG,XSS,search,4,2,2,171,343,16.5,3.5,"urlDecodeUni,htmlEntityDecode,jsDecode,compressWhitespace"
RG,XSS,search,5,2,2,293,586,27.5,6.5,"urlDecodeUni,htmlEntityDecode,jsDecode,compressWhitespace"
RG,XSS,search,6,1,1,351,351,29,13,"urlDecodeUni,htmlEntityDecode,jsDecode,compressWhitespace"
RG,XSS,search,7,1,1,351,351,30,6,"urlDecodeUni,htmlEntityDecode,jsDecode,compressWhitespace"
RG,XSS,search,8,1,1,325,325,31,11,"urlDecodeUni,htmlEntityDecode,jsDecode,compressWhitespace"
RG,XSS,search,9,2,2,161,323,15.0,3.0,"urlDecodeUni,htmlEntityDecode,jsDecode,compressWhitespace"
RG,XSS,calc,1,2,2,91,183,9.5,2.0,"urlDecodeUni,htmlEntityDecode,jsDecode,compressWhitespace"
RG,XSS,calc,10,2,2,84,168,8.0,1.5,"urlDecodeUni,htmlEntityDecode,jsDecode,compressWhitespace"
RG,XSS,calc,2,2,2,90,181,9.5,2.0,"urlDecodeUni,htmlEntityDecode,jsDecode,compressWhitespace"
RG,XSS,calc,3,1,1,87,87,9,1,"urlDecodeUni,htmlEntityDecode,jsDecode,compressWhitespace"
RG,XSS,calc,4,3,3,143,391,10,2,"urlDecodeUni,htmlEntityDecode,jsDecode,compressWhitespace"
RG,XSS,calc,5,2,2,100,201,9.0,1.5,"urlDecodeUni,htmlEntityDecode,jsDecode,compressWhitespace"
RG,XSS,calc,6,2,2,184,369,16.5,4.0,"urlDecodeUni,htmlEntityDecode,jsDecode,compressWhitespace"
RG,XSS,calc,7,3,3,94,299,8,3,"urlDecodeUni,htmlEntityDecode,jsDecode,compressWhitespace"
RG,XSS,calc,8,3,3,94,602,10,5,"urlDecodeUni,htmlEntityDecode,jsDecode,compressWhitespace"
RG,XSS,calc,9,3,3,69,340,4,2,"urlDecodeUni,htmlEntityDecode,jsDecode,compressWhitespace"
CG-Adaptive,SQLi,login,1,3,3,24,59,4,2,"urlDecodeUni,replaceComments,compressWhitespace,lowercase"
CG-Adaptive,SQLi,login,10,2,2,19,39,3.5,1.5,"urlDecodeUni,replaceComments,compressWhitespace,lowercase"
CG-Adaptive,SQLi,login,2,2,2,13,26,2.5,1.0,"urlDecodeUni,replaceComments,compressWhitespace,lowercase"
CG-Adaptive,SQLi,login,3,2,2,15,31,3.0,1.0,"urlDecodeUni,replaceComments,compressWhitespace,lowercase"
CG-Adaptive,SQLi,login,4,2,2,20,41,1.5,0.5,"urlDecodeUni,replaceComments,compressWhitespace,lowercase"
CG-Adaptive,SQLi,login,5,2,2,14,29,3.0,1.0,"urlDecodeUni,replaceComments,compressWhitespace,lowercase"
CG-Adaptive,SQLi,login,6,2,2,20,40,2.5,1.5,"urlDecodeUni,replaceComments,compressWhitespace,lowercase"
CG-Adaptive,SQLi,login,7,2,2,51,103,7.5,3.0,"urlDecodeUni,replaceComments,compressWhitespace,lowercase"
CG-Adaptive,SQLi,login,8,3,3,23,71,4,2,"urlDecodeUni,replaceComments,compressWhitespace,lowercase"
CG-Adaptive,SQLi,login,9,2,2,13,26,1.0,0.5,"urlDecodeUni,replaceComments,compressWhitespace,lowercase"
CG-Adaptive,SQLi,search,1,1,1,57,57,0,0,"urlDecodeUni,replaceComments,compressWhitespace,lowercase"
CG-Adaptive,SQLi,search,10,1,1,57,57,0,0,"urlDecodeUni,replaceComments,compressWhitespace,lowercase"
CG-Adaptive,SQLi,search,2,1,1,66,66,6,1,"urlDecodeUni,replaceComments,compressWhitespace,lowercase"
CG-Adaptive,SQLi,search,3,1,1,57,57,0,0,"urlDecodeUni,replaceComments,compressWhitespace,lowercase"
CG-Adaptive,SQLi,search,4,2,2,56,112,0.0,0.0,"urlDecodeUni,replaceComments,compressWhitespace,lowercase"
CG-Adaptive,SQLi,search,5,1,1,57,57,0,0,"urlDecodeUni,replaceComments,compressWhitespace,lowercase"
CG-Adaptive,SQLi,search,6,3,3,55,130,0,0,"urlDecodeUni,replaceComments,compressWhitespace,lowercase"
CG-Adaptive,SQLi,search,7,1,1,57,57,0,0,"urlDecodeUni,replaceComments,compressWhitespace,lowercase"
CG-Adaptive,SQLi,search,8,1,1,66,66,6,1,"urlDecodeUni,replaceComments,compressWhitespace,lowercase"
CG-Adaptive,SQLi,search,9,1,1,57,57,0,0,"urlDecodeUni,replaceComments,compressWhitespace,lowercase"
CG-Adaptive,SQLi,product,1,2,2,54,109,0.0,0.0,"urlDecodeUni,replaceComments,compressWhitespace,lowercase"
CG-Adaptive,SQLi,product,10,2,2,56,113,3.0,0.5,"urlDecodeUni,replaceComments,compressWhitespace,lowercase"
CG-Adaptive,SQLi,product,2,1,1,57,57,0,0,"urlDecodeUni,replaceComments,compressWhitespace,lowercase"
CG-Adaptive,SQLi,product,3,1,1,66,66,6,1,"urlDecodeUni,replaceComments,compressWhitespace,lowercase"
CG-Adaptive,SQLi,product,4,1,1,57,57,0,0,"urlDecodeUni,replaceComments,compressWhitespace,lowercase"
CG-Adaptive,SQLi,product,5,1,1,57,57,0,0,"urlDecodeUni,replaceComments,compressWhitespace,lowercase"
CG-Adaptive,SQLi,product,6,1,1,57,57,0,0,"urlDecodeUni,replaceComments,compressWhitespace,lowercase"
CG-Adaptive,SQLi,product,7,1,1,57,57,0,0,"urlDecodeUni,replaceComments,compressWhitespace,lowercase"
CG-Adaptive,SQLi,product,8,1,1,66,66,6,1,"urlDecodeUni,replaceComments,compressWhitespace,lowercase"
CG-Adaptive,SQLi,product,9,1,1,66,66,6,1,"urlDecodeUni,replaceComments,compressWhitespace,lowercase"
CG-Adaptive,SQLi,filter,1,1,1,57,57,0,0,"urlDecodeUni,replaceComments,compressWhitespace,lowercase"
CG-Adaptive,SQLi,filter,10,1,1,57,57,0,0,"urlDecodeUni,replaceComments,compressWhitespace,lowercase"
CG-Adaptive,SQLi,filter,2,1,1,57,57,0,0,"urlDecodeUni,replaceComments,compressWhitespace,lowercase"
CG-Adaptive,SQLi,filter,3,1,1,57,57,0,0,"urlDecodeUni,replaceComments,compressWhitespace,lowercase"
CG-Adaptive,SQLi,filter,4,1,1,57,57,0,0,"urlDecodeUni,replaceComments,compressWhitespace,lowercase"
CG-Adaptive,SQLi,filter,5,1,1,57,57,0,0,"urlDecodeUni,replaceComments,compressWhitespace,lowercase"
CG-Adaptive,SQLi,filter,6,1,1,57,57,0,0,"urlDecodeUni,replaceComments,compressWhitespace,lowercase"
CG-Adaptive,SQLi,filter,7,1,1,57,57,0,0,"urlDecodeUni,replaceComments,compressWhitespace,lowercase"
CG-Adaptive,SQLi,filter,8,1,1,57,57,0,0,"urlDecodeUni,replaceComments,compressWhitespace,lowercase"
CG-Adaptive,SQLi,filter,9,1,1,57,57,0,0,"urlDecodeUni,replaceComments,compressWhitespace,lowercase"
CG-Adaptive,XSS,search,1,1,1,196,196,20,5,"urlDecodeUni,htmlEntityDecode,jsDecode,compressWhitespace"
CG-Adaptive,XSS,search,10,2,2,211,422,20.0,5.0,"urlDecodeUni,htmlEntityDecode,jsDecode,compressWhitespace"
CG-Adaptive,XSS,search,2,2,2,228,456,22.5,6.5,"urlDecodeUni,htmlEntityDecode,jsDecode,compressWhitespace"
CG-Adaptive,XSS,search,3,2,2,232,465,20.5,5.5,"urlDecodeUni,htmlEntityDecode,jsDecode,compressWhitespace"
CG-Adaptive,XSS,search,4,2,2,233,467,22.0,5.0,"urlDecodeUni,htmlEntityDecode,jsDecode,compressWhitespace"
CG-Adaptive,XSS,search,5,1,1,371,371,32,13,"urlDecodeUni,htmlEntityDecode,jsDecode,compressWhitespace"
CG-Adaptive,XSS,search,6,2,2,150,301,15.5,5.0,"urlDecodeUni,htmlEntityDecode,jsDecode,compressWhitespace"
CG-Adaptive,XSS,search,7,2,2,232,464,22.5,5.0,"urlDecodeUni,htmlEntityDecode,jsDecode,compressWhitespace"
CG-Adaptive,XSS,search,8,2,2,280,560,27.5,6.0,"urlDecodeUni,htmlEntityDecode,jsDecode,compressWhitespace"
CG-Adaptive,XSS,search,9,1,1,331,331,29,6,"urlDecodeUni,htmlEntityDecode,jsDecode,compressWhitespace"
CG-Adaptive,XSS,calc,1,2,2,91,182,9.0,2.0,"urlDecodeUni,htmlEntityDecode,jsDecode,compressWhitespace"
CG-Adaptive,XSS,calc,10,2,2,90,181,9.5,2.0,"urlDecodeUni,htmlEntityDecode,jsDecode,compressWhitespace"
CG-Adaptive,XSS,calc,2,3,3,130,442,11,5,"urlDecodeUni,htmlEntityDecode,jsDecode,compressWhitespace"
CG-Adaptive,XSS,calc,3,3,3,110,455,9,4,"urlDecodeUni,htmlEntityDecode,jsDecode,compressWhitespace"
CG-Adaptive,XSS,calc,4,2,2,218,437,22.5,5.0,"urlDecodeUni,htmlEntityDecode,jsDecode,compressWhitespace"
CG-Adaptive,XSS,calc,5,2,2,188,377,17.5,4.5,"urlDecodeUni,htmlEntityDecode,jsDecode,compressWhitespace"
CG-Adaptive,XSS,calc,6,1,1,368,368,31,5,"urlDecodeUni,htmlEntityDecode,jsDecode,compressWhitespace"
CG-Adaptive,XSS,calc,7,1,1,87,87,9,1,"urlDecodeUni,htmlEntityDecode,jsDecode,compressWhitespace"
CG-Adaptive,XSS,calc,8,4,4,170,786,15.5,3.0,"urlDecodeUni,htmlEntityDecode,jsDecode,compressWhitespace"
CG-Adaptive,XSS,calc,9,2,2,236,472,21.0,7.5,"urlDecodeUni,htmlEntityDecode,jsDecode,compressWhitespace"
PP-Adaptive,SQLi,login,1,12,11,109,1300,9.0,5.5,"urlDecodeUni,replaceComments,compressWhitespace,lowercase"
PP-Adaptive,SQLi,login,10,12,11,117,1489,9.0,5.5,"urlDecodeUni,replaceComments,compressWhitespace,lowercase"
PP-Adaptive,SQLi,login,2,11,11,111,1210,9,6,"urlDecodeUni,replaceComments,compressWhitespace,lowercase"
PP-Adaptive,SQLi,login,3,6,6,112,663,9.0,5.0,"urlDecodeUni,replaceComments,compressWhitespace,lowercase"
PP-Adaptive,SQLi,login,4,6,6,112,701,9.0,6.0,"urlDecodeUni,replaceComments,compressWhitespace,lowercase"
PP-Adaptive,SQLi,login,5,4,4,119,470,9.5,5.0,"urlDecodeUni,replaceComments,compressWhitespace,lowercase"
PP-Adaptive,SQLi,login,6,8,8,117,961,9.0,6.0,"urlDecodeUni,replaceComments,compressWhitespace,lowercase"
PP-Adaptive,SQLi,login,7,11,10,112,1283,9,6,"urlDecodeUni,replaceComments,compressWhitespace,lowercase"
PP-Adaptive,SQLi,login,8,13,11,112,1399,9,5,"urlDecodeUni,replaceComments,compressWhitespace,lowercase"
PP-Adaptive,SQLi,login,9,12,12,117,1543,9.0,6.0,"urlDecodeUni,replaceComments,compressWhitespace,lowercase"
PP-Adaptive,SQLi,search,1,40,36,132,5748,12.0,6.0,"urlDecodeUni,replaceComments,compressWhitespace,lowercase"
PP-Adaptive,SQLi,search,10,29,27,124,3813,11,6,"urlDecodeUni,replaceComments,compressWhitespace,lowercase"
PP-Adaptive,SQLi,search,2,35,33,161,5429,12,7,"urlDecodeUni,replaceComments,compressWhitespace,lowercase"
PP-Adaptive,SQLi,search,3,26,24,161,4189,12.0,9.0,"urlDecodeUni,replaceComments,compressWhitespace,lowercase"
PP-Adaptive,SQLi,search,4,33,33,165,5426,12,8,"urlDecodeUni,replaceComments,compressWhitespace,lowercase"
PP-Adaptive,SQLi,search,5,33,33,157,5235,12,7,"urlDecodeUni,replaceComments,compressWhitespace,lowercase"
PP-Adaptive,SQLi,search,6,37,36,157,5759,12,7,"urlDecodeUni,replaceComments,compressWhitespace,lowercase"
PP-Adaptive,SQLi,search,7,39,38,159,5972,12,8,"urlDecodeUni,replaceComments,compressWhitespace,lowercase"
PP-Adaptive,SQLi,search,8,25,24,122,3376,9,6,"urlDecodeUni,replaceComments,compressWhitespace,lowercase"
PP-Adaptive,SQLi,search,9,30,29,121,3727,9.0,5.0,"urlDecodeUni,replaceComments,compressWhitespace,lowercase"
PP-Adaptive,SQLi,product,1,21,18,132,3050,9,6,"urlDecodeUni,replaceComments,compressWhitespace,lowercase"
PP-Adaptive,SQLi,product,10,10,10,131,1327,9.0,6.0,"urlDecodeUni,replaceComments,compressWhitespace,lowercase"
PP-Adaptive,SQLi,product,2,19,17,123,2325,9,5,"urlDecodeUni,replaceComments,compressWhitespace,lowercase"
PP-Adaptive,SQLi,product,3,23,22,153,3417,9,6,"urlDecodeUni,replaceComments,compressWhitespace,lowercase"
PP-Adaptive,SQLi,product,4,23,19,132,3324,9,6,"urlDecodeUni,replaceComments,compressWhitespace,lowercase"
PP-Adaptive,SQLi,product,5,15,14,149,2190,9,6,"urlDecodeUni,replaceComments,compressWhitespace,lowercase"
PP-Adaptive,SQLi,product,6,18,18,129,2476,9.0,5.5,"urlDecodeUni,replaceComments,compressWhitespace,lowercase"
PP-Adaptive,SQLi,product,7,29,27,129,3846,9,6,"urlDecodeUni,replaceComments,compressWhitespace,lowercase"
PP-Adaptive,SQLi,product,8,19,18,123,2312,9,5,"urlDecodeUni,replaceComments,compressWhitespace,lowercase"
PP-Adaptive,SQLi,product,9,22,21,148,3023,9.0,6.0,"urlDecodeUni,replaceComments,compressWhitespace,lowercase"
PP-Adaptive,SQLi,filter,1,34,29,113,4070,9.0,6.0,"urlDecodeUni,replaceComments,compressWhitespace,lowercase"
PP-Adaptive,SQLi,filter,10,29,27,114,3337,9,5,"urlDecodeUni,replaceComments,compressWhitespace,lowercase"
PP-Adaptive,SQLi,filter,2,26,24,113,2972,9.0,6.0,"urlDecodeUni,replaceComments,compressWhitespace,lowercase"
PP-Adaptive,SQLi,filter,3,35,29,113,3985,9,6,"urlDecodeUni,replaceComments,compressWhitespace,lowercase"
PP-Adaptive,SQLi,filter,4,29,24,113,3293,9,6,"urlDecodeUni,replaceComments,compressWhitespace,lowercase"
PP-Adaptive,SQLi,filter,5,29,26,113,3416,9,5,"urlDecodeUni,replaceComments,compressWhitespace,lowercase"
PP-Adaptive,SQLi,filter,6,28,24,116,3482,9.0,5.5,"urlDecodeUni,replaceComments,compressWhitespace,lowercase"
PP-Adaptive,SQLi,filter,7,31,27,117,3719,9,6,"urlDecodeUni,replaceComments,compressWhitespace,lowercase"
PP-Adaptive,SQLi,filter,8,31,26,116,3793,9,6,"urlDecodeUni,replaceComments,compressWhitespace,lowercase"
PP-Adaptive,SQLi,filter,9,35,23,110,4136,9,6,"urlDecodeUni,replaceComments,compressWhitespace,lowercase"
PP-Adaptive,XSS,search,1,16,13,350,5512,32.0,9.0,"urlDecodeUni,htmlEntityDecode,jsDecode,compressWhitespace"
PP-Adaptive,XSS,search,10,18,11,365,6443,32.0,13.0,"urlDecodeUni,htmlEntityDecode,jsDecode,compressWhitespace"
PP-Adaptive,XSS,search,2,15,13,368,5291,32,13,"urlDecodeUni,htmlEntityDecode,jsDecode,compressWhitespace"
PP-Adaptive,XSS,search,3,8,6,368,2894,32.0,13.0,"urlDecodeUni,htmlEntityDecode,jsDecode,compressWhitespace"
PP-Adaptive,XSS,search,4,17,14,333,5917,31,11,"urlDecodeUni,htmlEntityDecode,jsDecode,compressWhitespace"
PP-Adaptive,XSS,search,5,13,13,368,4733,32,10,"urlDecodeUni,htmlEntityDecode,jsDecode,compressWhitespace"
PP-Adaptive,XSS,search,6,10,10,344,3466,32.0,9.0,"urlDecodeUni,htmlEntityDecode,jsDecode,compressWhitespace"
PP-Adaptive,XSS,search,7,7,6,368,2559,32,13,"urlDecodeUni,htmlEntityDecode,jsDecode,compressWhitespace"
PP-Adaptive,XSS,search,8,17,13,364,5970,32,13,"urlDecodeUni,htmlEntityDecode,jsDecode,compressWhitespace"
PP-Adaptive,XSS,search,9,13,12,368,4692,32,13,"urlDecodeUni,htmlEntityDecode,jsDecode,compressWhitespace"
PP-Adaptive,XSS,calc,1,8,8,346,2768,31.0,11.0,"urlDecodeUni,htmlEntityDecode,jsDecode,compressWhitespace"
PP-Adaptive,XSS,calc,10,4,4,339,1364,29.0,6.0,"urlDecodeUni,htmlEntityDecode,jsDecode,compressWhitespace"
PP-Adaptive,XSS,calc,2,7,6,373,2609,32,7,"urlDecodeUni,htmlEntityDecode,jsDecode,compressWhitespace"
PP-Adaptive,XSS,calc,3,12,11,340,4175,31.0,7.5,"urlDecodeUni,htmlEntityDecode,jsDecode,compressWhitespace"
PP-Adaptive,XSS,calc,4,7,7,364,2600,32,8,"urlDecodeUni,htmlEntityDecode,jsDecode,compressWhitespace"
PP-Adaptive,XSS,calc,5,5,5,370,1769,32,7,"urlDecodeUni,htmlEntityDecode,jsDecode,compressWhitespace"
PP-Adaptive,XSS,calc,6,9,9,358,3241,33,7,"urlDecodeUni,htmlEntityDecode,jsDecode,compressWhitespace"
PP-Adaptive,XSS,calc,7,8,8,389,3023,35.0,9.5,"urlDecodeUni,htmlEntityDecode,jsDecode,compressWhitespace"
PP-Adaptive,XSS,calc,8,7,7,393,2870,35,7,"urlDecodeUni,htmlEntityDecode,jsDecode,compressWhitespace"
PP-Adaptive,XSS,calc,9,3,3,332,839,30,7,"urlDecodeUni,htmlEntityDecode,jsDecode,compressWhitespace"
