technique,defense_seed,blocked,eligible,block_rate_pct
CG-Adaptive,1,42,45,93.33
CG-Adaptive,2,45,45,100.00
CG-Adaptive,3,45,45,100.00
CG-Adaptive,4,45,45,100.00
CG-Adaptive,5,42,45,93.33
CG-Adaptive,6,42,45,93.33
CG-Adaptive,7,42,45,93.33
CG-Adaptive,8,42,45,93.33
CG-Adaptive,9,45,45,100.00
CG-Adaptive,10,42,45,93.33
CG-Static,1,42,45,93.33
CG-Static,2,42,45,93.33
CG-Static,3,42,45,93.33
CG-Static,4,45,45,100.00
CG-Static,5,45,45,100.00
CG-Static,6,42,45,93.33
CG-Static,7,42,45,93.33
CG-Static,8,42,45,93.33
CG-Static,9,42,45,93.33
CG-Static,10,45,45,100.00
