family,context,seed,generated,backend_valid,crs_bypasses_eligible,blocked_by_rules,residual,block_rate_pct,cp95_lo,cp95_hi
SQLi,Login form,1,300,261,253,253,0,100.00,98.55,100.00
SQLi,Login form,2,300,235,229,229,0,100.00,98.40,100.00
SQLi,Login form,3,300,228,216,216,0,100.00,98.31,100.00
SQLi,Login form,4,300,220,194,194,0,100.00,98.12,100.00
SQLi,Login form,5,300,166,156,156,0,100.00,97.66,100.00
SQLi,Login form,6,300,234,227,227,0,100.00,98.39,100.00
SQLi,Login form,7,300,245,233,233,0,100.00,98.43,100.00
SQLi,Login form,8,300,127,123,123,0,100.00,97.05,100.00
SQLi,Login form,9,300,234,229,229,0,100.00,98.40,100.00
SQLi,Login form,10,300,221,219,219,0,100.00,98.33,100.00
SQLi,Product filter,1,300,257,251,251,0,100.00,98.54,100.00
SQLi,Product filter,2,300,225,221,221,0,100.00,98.34,100.00
SQLi,Product filter,3,300,247,240,240,0,100.00,98.47,100.00
SQLi,Product filter,4,300,264,260,260,0,100.00,98.59,100.00
SQLi,Product filter,5,300,245,243,243,0,100.00,98.49,100.00
SQLi,Product filter,6,300,274,269,268,1,99.63,97.95,99.99
SQLi,Product filter,7,300,267,262,262,0,100.00,98.60,100.00
SQLi,Product filter,8,300,256,253,253,0,100.00,98.55,100.00
SQLi,Product filter,9,300,262,256,256,0,100.00,98.57,100.00
SQLi,Product filter,10,300,250,241,241,0,100.00,98.48,100.00
SQLi,Product search,1,300,279,273,271,2,99.27,97.38,99.91
SQLi,Product search,2,300,249,241,240,1,99.59,97.71,99.99
SQLi,Product search,3,300,253,247,246,1,99.60,97.77,99.99
SQLi,Product search,4,300,279,277,274,3,98.92,96.87,99.78
SQLi,Product search,5,300,250,245,245,0,100.00,98.51,100.00
SQLi,Product search,6,300,277,276,275,1,99.64,98.00,99.99
SQLi,Product search,7,300,256,254,253,1,99.61,97.83,99.99
SQLi,Product search,8,300,271,262,261,1,99.62,97.89,99.99
SQLi,Product search,9,300,244,229,229,0,100.00,98.40,100.00
SQLi,Product search,10,300,262,242,242,0,100.00,98.49,100.00
SQLi,URL parameter,1,300,273,260,258,2,99.23,97.25,99.91
SQLi,URL parameter,2,300,280,277,276,1,99.64,98.01,99.99
SQLi,URL parameter,3,300,279,275,275,0,100.00,98.67,100.00
SQLi,URL parameter,4,300,250,246,246,0,100.00,98.51,100.00
SQLi,URL parameter,5,300,281,276,276,0,100.00,98.67,100.00
SQLi,URL parameter,6,300,274,263,262,1,99.62,97.90,99.99
SQLi,URL parameter,7,300,282,277,277,0,100.00,98.68,100.00
SQLi,URL parameter,8,300,275,269,269,0,100.00,98.64,100.00
SQLi,URL parameter,9,300,286,283,283,0,100.00,98.70,100.00
SQLi,URL parameter,10,300,279,272,265,7,97.43,94.77,98.96
XSS,Calculator (eval sink),1,300,93,39,39,0,100.00,90.97,100.00
XSS,Calculator (eval sink),2,300,99,70,70,0,100.00,94.87,100.00
XSS,Calculator (eval sink),3,300,130,85,85,0,100.00,95.75,100.00
XSS,Calculator (eval sink),4,300,96,62,62,0,100.00,94.22,100.00
XSS,Calculator (eval sink),5,300,87,58,58,0,100.00,93.84,100.00
XSS,Calculator (eval sink),6,300,83,49,49,0,100.00,92.75,100.00
XSS,Calculator (eval sink),7,300,117,73,73,0,100.00,95.07,100.00
XSS,Calculator (eval sink),8,300,226,125,125,0,100.00,97.09,100.00
XSS,Calculator (eval sink),9,300,162,81,81,0,100.00,95.55,100.00
XSS,Calculator (eval sink),10,300,119,54,54,0,100.00,93.40,100.00
XSS,Search (JS-string),1,300,162,90,90,0,100.00,95.98,100.00
XSS,Search (JS-string),2,300,143,69,69,0,100.00,94.79,100.00
XSS,Search (JS-string),3,300,147,83,83,0,100.00,95.65,100.00
XSS,Search (JS-string),4,300,165,95,95,0,100.00,96.19,100.00
XSS,Search (JS-string),5,300,151,80,80,0,100.00,95.49,100.00
XSS,Search (JS-string),6,300,126,57,57,0,100.00,93.73,100.00
XSS,Search (JS-string),7,300,211,99,99,0,100.00,96.34,100.00
XSS,Search (JS-string),8,300,198,98,98,0,100.00,96.31,100.00
XSS,Search (JS-string),9,300,150,69,69,0,100.00,94.79,100.00
XSS,Search (JS-string),10,300,158,94,94,0,100.00,96.15,100.00
