family,context,strategy,attacker_seed,defense_seed,eligible,blocked,block_rate_pct
SQLi,bwapp_login,CG-Adaptive,1,1,409,393,96.09
SQLi,bwapp_login,CG-Adaptive,1,2,409,409,100.00
SQLi,bwapp_login,CG-Adaptive,1,3,409,409,100.00
SQLi,bwapp_login,CG-Adaptive,1,4,409,393,96.09
SQLi,bwapp_login,CG-Adaptive,1,5,409,393,96.09
SQLi,bwapp_login,CG-Adaptive,1,6,409,393,96.09
SQLi,bwapp_login,CG-Adaptive,1,7,409,393,96.09
SQLi,bwapp_login,CG-Adaptive,1,8,409,409,100.00
SQLi,bwapp_login,CG-Adaptive,1,9,409,409,100.00
SQLi,bwapp_login,CG-Adaptive,1,10,409,409,100.00
SQLi,bwapp_login,CG-Adaptive,2,1,380,258,67.89
SQLi,bwapp_login,CG-Adaptive,2,2,380,380,100.00
SQLi,bwapp_login,CG-Adaptive,2,3,380,380,100.00
SQLi,bwapp_login,CG-Adaptive,2,4,380,258,67.89
SQLi,bwapp_login,CG-Adaptive,2,5,380,258,67.89
SQLi,bwapp_login,CG-Adaptive,2,6,380,258,67.89
SQLi,bwapp_login,CG-Adaptive,2,7,380,258,67.89
SQLi,bwapp_login,CG-Adaptive,2,8,380,380,100.00
SQLi,bwapp_login,CG-Adaptive,2,9,380,380,100.00
SQLi,bwapp_login,CG-Adaptive,2,10,380,380,100.00
SQLi,bwapp_login,CG-Adaptive,3,1,394,106,26.90
SQLi,bwapp_login,CG-Adaptive,3,2,394,394,100.00
SQLi,bwapp_login,CG-Adaptive,3,3,394,394,100.00
SQLi,bwapp_login,CG-Adaptive,3,4,394,106,26.90
SQLi,bwapp_login,CG-Adaptive,3,5,394,106,26.90
SQLi,bwapp_login,CG-Adaptive,3,6,394,106,26.90
SQLi,bwapp_login,CG-Adaptive,3,7,394,106,26.90
SQLi,bwapp_login,CG-Adaptive,3,8,394,394,100.00
SQLi,bwapp_login,CG-Adaptive,3,9,394,394,100.00
SQLi,bwapp_login,CG-Adaptive,3,10,394,394,100.00
SQLi,bwapp_login,CG-Adaptive,4,1,391,225,57.54
SQLi,bwapp_login,CG-Adaptive,4,2,391,391,100.00
SQLi,bwapp_login,CG-Adaptive,4,3,391,391,100.00
SQLi,bwapp_login,CG-Adaptive,4,4,391,225,57.54
SQLi,bwapp_login,CG-Adaptive,4,5,391,225,57.54
SQLi,bwapp_login,CG-Adaptive,4,6,391,225,57.54
SQLi,bwapp_login,CG-Adaptive,4,7,391,225,57.54
SQLi,bwapp_login,CG-Adaptive,4,8,391,391,100.00
SQLi,bwapp_login,CG-Adaptive,4,9,391,391,100.00
SQLi,bwapp_login,CG-Adaptive,4,10,391,391,100.00
SQLi,bwapp_login,CG-Adaptive,5,1,412,150,36.41
SQLi,bwapp_login,CG-Adaptive,5,2,412,412,100.00
SQLi,bwapp_login,CG-Adaptive,5,3,412,412,100.00
SQLi,bwapp_login,CG-Adaptive,5,4,412,150,36.41
SQLi,bwapp_login,CG-Adaptive,5,5,412,150,36.41
SQLi,bwapp_login,CG-Adaptive,5,6,412,150,36.41
SQLi,bwapp_login,CG-Adaptive,5,7,412,150,36.41
SQLi,bwapp_login,CG-Adaptive,5,8,412,412,100.00
SQLi,bwapp_login,CG-Adaptive,5,9,412,412,100.00
SQLi,bwapp_login,CG-Adaptive,5,10,412,412,100.00
SQLi,bwapp_login,CG-Static,1,1,409,393,96.09
SQLi,bwapp_login,CG-Static,1,2,409,409,100.00
SQLi,bwapp_login,CG-Static,1,3,409,393,96.09
SQLi,bwapp_login,CG-Static,1,4,409,409,100.00
SQLi,bwapp_login,CG-Static,1,5,409,393,96.09
SQLi,bwapp_login,CG-Static,1,6,409,393,96.09
SQLi,bwapp_login,CG-Static,1,7,409,393,96.09
SQLi,bwapp_login,CG-Static,1,8,409,409,100.00
SQLi,bwapp_login,CG-Static,1,9,409,393,96.09
SQLi,bwapp_login,CG-Static,1,10,409,393,96.09
SQLi,bwapp_login,CG-Static,2,1,380,258,67.89
SQLi,bwapp_login,CG-Static,2,2,380,380,100.00
SQLi,bwapp_login,CG-Static,2,3,380,258,67.89
SQLi,bwapp_login,CG-Static,2,4,380,380,100.00
SQLi,bwapp_login,CG-Static,2,5,380,258,67.89
SQLi,bwapp_login,CG-Static,2,6,380,258,67.89
SQLi,bwapp_login,CG-Static,2,7,380,258,67.89
SQLi,bwapp_login,CG-Static,2,8,380,380,100.00
SQLi,bwapp_login,CG-Static,2,9,380,258,67.89
SQLi,bwapp_login,CG-Static,2,10,380,258,67.89
SQLi,bwapp_login,CG-Static,3,1,394,106,26.90
SQLi,bwapp_login,CG-Static,3,2,394,394,100.00
SQLi,bwapp_login,CG-Static,3,3,394,106,26.90
SQLi,bwapp_login,CG-Static,3,4,394,394,100.00
SQLi,bwapp_login,CG-Static,3,5,394,106,26.90
SQLi,bwapp_login,CG-Static,3,6,394,106,26.90
SQLi,bwapp_login,CG-Static,3,7,394,106,26.90
SQLi,bwapp_login,CG-Static,3,8,394,394,100.00
SQLi,bwapp_login,CG-Static,3,9,394,106,26.90
SQLi,bwapp_login,CG-Static,3,10,394,106,26.90
SQLi,bwapp_login,CG-Static,4,1,391,225,57.54
SQLi,bwapp_login,CG-Static,4,2,391,391,100.00
SQLi,bwapp_login,CG-Static,4,3,391,225,57.54
SQLi,bwapp_login,CG-Static,4,4,391,391,100.00
SQLi,bwapp_login,CG-Static,4,5,391,225,57.54
SQLi,bwapp_login,CG-Static,4,6,391,225,57.54
SQLi,bwapp_login,CG-Static,4,7,391,225,57.54
SQLi,bwapp_login,CG-Static,4,8,391,391,100.00
SQLi,bwapp_login,CG-Static,4,9,391,225,57.54
SQLi,bwapp_login,CG-Static,4,10,391,225,57.54
SQLi,bwapp_login,CG-Static,5,1,412,150,36.41
SQLi,bwapp_login,CG-Static,5,2,412,412,100.00
SQLi,bwapp_login,CG-Static,5,3,412,150,36.41
SQLi,bwapp_login,CG-Static,5,4,412,412,100.00
SQLi,bwapp_login,CG-Static,5,5,412,150,36.41
SQLi,bwapp_login,CG-Static,5,6,412,150,36.41
SQLi,bwapp_login,CG-Static,5,7,412,150,36.41
SQLi,bwapp_login,CG-Static,5,8,412,412,100.00
SQLi,bwapp_login,CG-Static,5,9,412,150,36.41
SQLi,bwapp_login,CG-Static,5,10,412,150,36.41
SQLi,bwapp_search,CG-Adaptive,1,1,364,364,100.00
SQLi,bwapp_search,CG-Adaptive,1,2,364,364,100.00
SQLi,bwapp_search,CG-Adaptive,1,3,364,364,100.00
SQLi,bwapp_search,CG-Adaptive,1,4,364,364,100.00
SQLi,bwapp_search,CG-Adaptive,1,5,364,364,100.00
SQLi,bwapp_search,CG-Adaptive,1,6,364,364,100.00
SQLi,bwapp_search,CG-Adaptive,1,7,364,364,100.00
SQLi,bwapp_search,CG-Adaptive,1,8,364,364,100.00
SQLi,bwapp_search,CG-Adaptive,1,9,364,364,100.00
SQLi,bwapp_search,CG-Adaptive,1,10,364,364,100.00
SQLi,bwapp_search,CG-Adaptive,2,1,395,395,100.00
SQLi,bwapp_search,CG-Adaptive,2,2,395,395,100.00
SQLi,bwapp_search,CG-Adaptive,2,3,395,395,100.00
SQLi,bwapp_search,CG-Adaptive,2,4,395,395,100.00
SQLi,bwapp_search,CG-Adaptive,2,5,395,395,100.00
SQLi,bwapp_search,CG-Adaptive,2,6,395,395,100.00
SQLi,bwapp_search,CG-Adaptive,2,7,395,395,100.00
SQLi,bwapp_search,CG-Adaptive,2,8,395,395,100.00
SQLi,bwapp_search,CG-Adaptive,2,9,395,395,100.00
SQLi,bwapp_search,CG-Adaptive,2,10,395,395,100.00
SQLi,bwapp_search,CG-Adaptive,3,1,344,344,100.00
SQLi,bwapp_search,CG-Adaptive,3,2,344,344,100.00
SQLi,bwapp_search,CG-Adaptive,3,3,344,344,100.00
SQLi,bwapp_search,CG-Adaptive,3,4,344,344,100.00
SQLi,bwapp_search,CG-Adaptive,3,5,344,344,100.00
SQLi,bwapp_search,CG-Adaptive,3,6,344,344,100.00
SQLi,bwapp_search,CG-Adaptive,3,7,344,344,100.00
SQLi,bwapp_search,CG-Adaptive,3,8,344,344,100.00
SQLi,bwapp_search,CG-Adaptive,3,9,344,344,100.00
SQLi,bwapp_search,CG-Adaptive,3,10,344,344,100.00
SQLi,bwapp_search,CG-Adaptive,4,1,349,349,100.00
SQLi,bwapp_search,CG-Adaptive,4,2,349,349,100.00
SQLi,bwapp_search,CG-Adaptive,4,3,349,349,100.00
SQLi,bwapp_search,CG-Adaptive,4,4,349,349,100.00
SQLi,bwapp_search,CG-Adaptive,4,5,349,349,100.00
SQLi,bwapp_search,CG-Adaptive,4,6,349,349,100.00
SQLi,bwapp_search,CG-Adaptive,4,7,349,349,100.00
SQLi,bwapp_search,CG-Adaptive,4,8,349,349,100.00
SQLi,bwapp_search,CG-Adaptive,4,9,349,349,100.00
SQLi,bwapp_search,CG-Adaptive,4,10,349,349,100.00
SQLi,bwapp_search,CG-Adaptive,5,1,429,429,100.00
SQLi,bwapp_search,CG-Adaptive,5,2,429,429,100.00
SQLi,bwapp_search,CG-Adaptive,5,3,429,429,100.00
SQLi,bwapp_search,CG-Adaptive,5,4,429,429,100.00
SQLi,bwapp_search,CG-Adaptive,5,5,429,429,100.00
SQLi,bwapp_search,CG-Adaptive,5,6,429,429,100.00
SQLi,bwapp_search,CG-Adaptive,5,7,429,429,100.00
SQLi,bwapp_search,CG-Adaptive,5,8,429,429,100.00
SQLi,bwapp_search,CG-Adaptive,5,9,429,429,100.00
SQLi,bwapp_search,CG-Adaptive,5,10,429,429,100.00
SQLi,bwapp_search,CG-Static,1,1,364,364,100.00
SQLi,bwapp_search,CG-Static,1,2,364,364,100.00
SQLi,bwapp_search,CG-Static,1,3,364,364,100.00
SQLi,bwapp_search,CG-Static,1,4,364,364,100.00
SQLi,bwapp_search,CG-Static,1,5,364,364,100.00
SQLi,bwapp_search,CG-Static,1,6,364,364,100.00
SQLi,bwapp_search,CG-Static,1,7,364,364,100.00
SQLi,bwapp_search,CG-Static,1,8,364,364,100.00
SQLi,bwapp_search,CG-Static,1,9,364,364,100.00
SQLi,bwapp_search,CG-Static,1,10,364,318,87.36
SQLi,bwapp_search,CG-Static,2,1,395,395,100.00
SQLi,bwapp_search,CG-Static,2,2,395,395,100.00
SQLi,bwapp_search,CG-Static,2,3,395,395,100.00
SQLi,bwapp_search,CG-Static,2,4,395,395,100.00
SQLi,bwapp_search,CG-Static,2,5,395,395,100.00
SQLi,bwapp_search,CG-Static,2,6,395,395,100.00
SQLi,bwapp_search,CG-Static,2,7,395,395,100.00
SQLi,bwapp_search,CG-Static,2,8,395,395,100.00
SQLi,bwapp_search,CG-Static,2,9,395,395,100.00
SQLi,bwapp_search,CG-Static,2,10,395,378,95.70
SQLi,bwapp_search,CG-Static,3,1,344,344,100.00
SQLi,bwapp_search,CG-Static,3,2,344,344,100.00
SQLi,bwapp_search,CG-Static,3,3,344,344,100.00
SQLi,bwapp_search,CG-Static,3,4,344,344,100.00
SQLi,bwapp_search,CG-Static,3,5,344,344,100.00
SQLi,bwapp_search,CG-Static,3,6,344,344,100.00
SQLi,bwapp_search,CG-Static,3,7,344,344,100.00
SQLi,bwapp_search,CG-Static,3,8,344,344,100.00
SQLi,bwapp_search,CG-Static,3,9,344,344,100.00
SQLi,bwapp_search,CG-Static,3,10,344,331,96.22
SQLi,bwapp_search,CG-Static,4,1,349,349,100.00
SQLi,bwapp_search,CG-Static,4,2,349,349,100.00
SQLi,bwapp_search,CG-Static,4,3,349,349,100.00
SQLi,bwapp_search,CG-Static,4,4,349,349,100.00
SQLi,bwapp_search,CG-Static,4,5,349,349,100.00
SQLi,bwapp_search,CG-Static,4,6,349,349,100.00
SQLi,bwapp_search,CG-Static,4,7,349,349,100.00
SQLi,bwapp_search,CG-Static,4,8,349,349,100.00
SQLi,bwapp_search,CG-Static,4,9,349,349,100.00
SQLi,bwapp_search,CG-Static,4,10,349,229,65.62
SQLi,bwapp_search,CG-Static,5,1,429,429,100.00
SQLi,bwapp_search,CG-Static,5,2,429,429,100.00
SQLi,bwapp_search,CG-Static,5,3,429,429,100.00
SQLi,bwapp_search,CG-Static,5,4,429,429,100.00
SQLi,bwapp_search,CG-Static,5,5,429,429,100.00
SQLi,bwapp_search,CG-Static,5,6,429,429,100.00
SQLi,bwapp_search,CG-Static,5,7,429,429,100.00
SQLi,bwapp_search,CG-Static,5,8,429,429,100.00
SQLi,bwapp_search,CG-Static,5,9,429,429,100.00
SQLi,bwapp_search,CG-Static,5,10,429,420,97.90
SQLi,customapp_filter,CG-Adaptive,1,1,402,402,100.00
SQLi,customapp_filter,CG-Adaptive,1,2,402,402,100.00
SQLi,customapp_filter,CG-Adaptive,1,3,402,402,100.00
SQLi,customapp_filter,CG-Adaptive,1,4,402,402,100.00
SQLi,customapp_filter,CG-Adaptive,1,5,402,402,100.00
SQLi,customapp_filter,CG-Adaptive,1,6,402,402,100.00
SQLi,customapp_filter,CG-Adaptive,1,7,402,402,100.00
SQLi,customapp_filter,CG-Adaptive,1,8,402,402,100.00
SQLi,customapp_filter,CG-Adaptive,1,9,402,402,100.00
SQLi,customapp_filter,CG-Adaptive,1,10,402,402,100.00
SQLi,customapp_filter,CG-Adaptive,2,1,410,410,100.00
SQLi,customapp_filter,CG-Adaptive,2,2,410,410,100.00
SQLi,customapp_filter,CG-Adaptive,2,3,410,410,100.00
SQLi,customapp_filter,CG-Adaptive,2,4,410,410,100.00
SQLi,customapp_filter,CG-Adaptive,2,5,410,410,100.00
SQLi,customapp_filter,CG-Adaptive,2,6,410,410,100.00
SQLi,customapp_filter,CG-Adaptive,2,7,410,410,100.00
SQLi,customapp_filter,CG-Adaptive,2,8,410,410,100.00
SQLi,customapp_filter,CG-Adaptive,2,9,410,410,100.00
SQLi,customapp_filter,CG-Adaptive,2,10,410,410,100.00
SQLi,customapp_filter,CG-Adaptive,3,1,368,368,100.00
SQLi,customapp_filter,CG-Adaptive,3,2,368,368,100.00
SQLi,customapp_filter,CG-Adaptive,3,3,368,368,100.00
SQLi,customapp_filter,CG-Adaptive,3,4,368,368,100.00
SQLi,customapp_filter,CG-Adaptive,3,5,368,368,100.00
SQLi,customapp_filter,CG-Adaptive,3,6,368,368,100.00
SQLi,customapp_filter,CG-Adaptive,3,7,368,368,100.00
SQLi,customapp_filter,CG-Adaptive,3,8,368,368,100.00
SQLi,customapp_filter,CG-Adaptive,3,9,368,368,100.00
SQLi,customapp_filter,CG-Adaptive,3,10,368,368,100.00
SQLi,customapp_filter,CG-Adaptive,4,1,364,364,100.00
SQLi,customapp_filter,CG-Adaptive,4,2,364,364,100.00
SQLi,customapp_filter,CG-Adaptive,4,3,364,364,100.00
SQLi,customapp_filter,CG-Adaptive,4,4,364,364,100.00
SQLi,customapp_filter,CG-Adaptive,4,5,364,364,100.00
SQLi,customapp_filter,CG-Adaptive,4,6,364,364,100.00
SQLi,customapp_filter,CG-Adaptive,4,7,364,364,100.00
SQLi,customapp_filter,CG-Adaptive,4,8,364,364,100.00
SQLi,customapp_filter,CG-Adaptive,4,9,364,364,100.00
SQLi,customapp_filter,CG-Adaptive,4,10,364,364,100.00
SQLi,customapp_filter,CG-Adaptive,5,1,388,388,100.00
SQLi,customapp_filter,CG-Adaptive,5,2,388,388,100.00
SQLi,customapp_filter,CG-Adaptive,5,3,388,388,100.00
SQLi,customapp_filter,CG-Adaptive,5,4,388,388,100.00
SQLi,customapp_filter,CG-Adaptive,5,5,388,388,100.00
SQLi,customapp_filter,CG-Adaptive,5,6,388,388,100.00
SQLi,customapp_filter,CG-Adaptive,5,7,388,388,100.00
SQLi,customapp_filter,CG-Adaptive,5,8,388,388,100.00
SQLi,customapp_filter,CG-Adaptive,5,9,388,388,100.00
SQLi,customapp_filter,CG-Adaptive,5,10,388,388,100.00
SQLi,customapp_filter,CG-Static,1,1,402,402,100.00
SQLi,customapp_filter,CG-Static,1,2,402,402,100.00
SQLi,customapp_filter,CG-Static,1,3,402,402,100.00
SQLi,customapp_filter,CG-Static,1,4,402,402,100.00
SQLi,customapp_filter,CG-Static,1,5,402,402,100.00
SQLi,customapp_filter,CG-Static,1,6,402,402,100.00
SQLi,customapp_filter,CG-Static,1,7,402,402,100.00
SQLi,customapp_filter,CG-Static,1,8,402,402,100.00
SQLi,customapp_filter,CG-Static,1,9,402,402,100.00
SQLi,customapp_filter,CG-Static,1,10,402,402,100.00
SQLi,customapp_filter,CG-Static,2,1,410,410,100.00
SQLi,customapp_filter,CG-Static,2,2,410,410,100.00
SQLi,customapp_filter,CG-Static,2,3,410,410,100.00
SQLi,customapp_filter,CG-Static,2,4,410,410,100.00
SQLi,customapp_filter,CG-Static,2,5,410,410,100.00
SQLi,customapp_filter,CG-Static,2,6,410,410,100.00
SQLi,customapp_filter,CG-Static,2,7,410,410,100.00
SQLi,customapp_filter,CG-Static,2,8,410,410,100.00
SQLi,customapp_filter,CG-Static,2,9,410,410,100.00
SQLi,customapp_filter,CG-Static,2,10,410,410,100.00
SQLi,customapp_filter,CG-Static,3,1,368,368,100.00
SQLi,customapp_filter,CG-Static,3,2,368,368,100.00
SQLi,customapp_filter,CG-Static,3,3,368,368,100.00
SQLi,customapp_filter,CG-Static,3,4,368,368,100.00
SQLi,customapp_filter,CG-Static,3,5,368,368,100.00
SQLi,customapp_filter,CG-Static,3,6,368,368,100.00
SQLi,customapp_filter,CG-Static,3,7,368,368,100.00
SQLi,customapp_filter,CG-Static,3,8,368,368,100.00
SQLi,customapp_filter,CG-Static,3,9,368,368,100.00
SQLi,customapp_filter,CG-Static,3,10,368,368,100.00
SQLi,customapp_filter,CG-Static,4,1,364,364,100.00
SQLi,customapp_filter,CG-Static,4,2,364,364,100.00
SQLi,customapp_filter,CG-Static,4,3,364,364,100.00
SQLi,customapp_filter,CG-Static,4,4,364,364,100.00
SQLi,customapp_filter,CG-Static,4,5,364,364,100.00
SQLi,customapp_filter,CG-Static,4,6,364,364,100.00
SQLi,customapp_filter,CG-Static,4,7,364,364,100.00
SQLi,customapp_filter,CG-Static,4,8,364,364,100.00
SQLi,customapp_filter,CG-Static,4,9,364,364,100.00
SQLi,customapp_filter,CG-Static,4,10,364,364,100.00
SQLi,customapp_filter,CG-Static,5,1,388,388,100.00
SQLi,customapp_filter,CG-Static,5,2,388,388,100.00
SQLi,customapp_filter,CG-Static,5,3,388,388,100.00
SQLi,customapp_filter,CG-Static,5,4,388,388,100.00
SQLi,customapp_filter,CG-Static,5,5,388,388,100.00
SQLi,customapp_filter,CG-Static,5,6,388,388,100.00
SQLi,customapp_filter,CG-Static,5,7,388,388,100.00
SQLi,customapp_filter,CG-Static,5,8,388,388,100.00
SQLi,customapp_filter,CG-Static,5,9,388,388,100.00
SQLi,customapp_filter,CG-Static,5,10,388,388,100.00
SQLi,customapp_login,CG-Adaptive,1,1,338,338,100.00
SQLi,customapp_login,CG-Adaptive,1,2,338,338,100.00
SQLi,customapp_login,CG-Adaptive,1,3,338,338,100.00
SQLi,customapp_login,CG-Adaptive,1,4,338,338,100.00
SQLi,customapp_login,CG-Adaptive,1,5,338,338,100.00
SQLi,customapp_login,CG-Adaptive,1,6,338,338,100.00
SQLi,customapp_login,CG-Adaptive,1,7,338,338,100.00
SQLi,customapp_login,CG-Adaptive,1,8,338,338,100.00
SQLi,customapp_login,CG-Adaptive,1,9,338,338,100.00
SQLi,customapp_login,CG-Adaptive,1,10,338,338,100.00
SQLi,customapp_login,CG-Adaptive,2,1,444,444,100.00
SQLi,customapp_login,CG-Adaptive,2,2,444,444,100.00
SQLi,customapp_login,CG-Adaptive,2,3,444,444,100.00
SQLi,customapp_login,CG-Adaptive,2,4,444,444,100.00
SQLi,customapp_login,CG-Adaptive,2,5,444,444,100.00
SQLi,customapp_login,CG-Adaptive,2,6,444,444,100.00
SQLi,customapp_login,CG-Adaptive,2,7,444,444,100.00
SQLi,customapp_login,CG-Adaptive,2,8,444,444,100.00
SQLi,customapp_login,CG-Adaptive,2,9,444,444,100.00
SQLi,customapp_login,CG-Adaptive,2,10,444,444,100.00
SQLi,customapp_login,CG-Adaptive,3,1,451,451,100.00
SQLi,customapp_login,CG-Adaptive,3,2,451,451,100.00
SQLi,customapp_login,CG-Adaptive,3,3,451,451,100.00
SQLi,customapp_login,CG-Adaptive,3,4,451,451,100.00
SQLi,customapp_login,CG-Adaptive,3,5,451,451,100.00
SQLi,customapp_login,CG-Adaptive,3,6,451,451,100.00
SQLi,customapp_login,CG-Adaptive,3,7,451,451,100.00
SQLi,customapp_login,CG-Adaptive,3,8,451,451,100.00
SQLi,customapp_login,CG-Adaptive,3,9,451,451,100.00
SQLi,customapp_login,CG-Adaptive,3,10,451,451,100.00
SQLi,customapp_login,CG-Adaptive,4,1,417,417,100.00
SQLi,customapp_login,CG-Adaptive,4,2,417,417,100.00
SQLi,customapp_login,CG-Adaptive,4,3,417,417,100.00
SQLi,customapp_login,CG-Adaptive,4,4,417,417,100.00
SQLi,customapp_login,CG-Adaptive,4,5,417,417,100.00
SQLi,customapp_login,CG-Adaptive,4,6,417,417,100.00
SQLi,customapp_login,CG-Adaptive,4,7,417,417,100.00
SQLi,customapp_login,CG-Adaptive,4,8,417,417,100.00
SQLi,customapp_login,CG-Adaptive,4,9,417,417,100.00
SQLi,customapp_login,CG-Adaptive,4,10,417,417,100.00
SQLi,customapp_login,CG-Adaptive,5,1,449,449,100.00
SQLi,customapp_login,CG-Adaptive,5,2,449,449,100.00
SQLi,customapp_login,CG-Adaptive,5,3,449,449,100.00
SQLi,customapp_login,CG-Adaptive,5,4,449,449,100.00
SQLi,customapp_login,CG-Adaptive,5,5,449,449,100.00
SQLi,customapp_login,CG-Adaptive,5,6,449,449,100.00
SQLi,customapp_login,CG-Adaptive,5,7,449,449,100.00
SQLi,customapp_login,CG-Adaptive,5,8,449,449,100.00
SQLi,customapp_login,CG-Adaptive,5,9,449,449,100.00
SQLi,customapp_login,CG-Adaptive,5,10,449,449,100.00
SQLi,customapp_login,CG-Static,1,1,338,338,100.00
SQLi,customapp_login,CG-Static,1,2,338,338,100.00
SQLi,customapp_login,CG-Static,1,3,338,338,100.00
SQLi,customapp_login,CG-Static,1,4,338,338,100.00
SQLi,customapp_login,CG-Static,1,5,338,338,100.00
SQLi,customapp_login,CG-Static,1,6,338,338,100.00
SQLi,customapp_login,CG-Static,1,7,338,338,100.00
SQLi,customapp_login,CG-Static,1,8,338,338,100.00
SQLi,customapp_login,CG-Static,1,9,338,338,100.00
SQLi,customapp_login,CG-Static,1,10,338,334,98.82
SQLi,customapp_login,CG-Static,2,1,444,444,100.00
SQLi,customapp_login,CG-Static,2,2,444,444,100.00
SQLi,customapp_login,CG-Static,2,3,444,444,100.00
SQLi,customapp_login,CG-Static,2,4,444,444,100.00
SQLi,customapp_login,CG-Static,2,5,444,444,100.00
SQLi,customapp_login,CG-Static,2,6,444,444,100.00
SQLi,customapp_login,CG-Static,2,7,444,444,100.00
SQLi,customapp_login,CG-Static,2,8,444,444,100.00
SQLi,customapp_login,CG-Static,2,9,444,444,100.00
SQLi,customapp_login,CG-Static,2,10,444,430,96.85
SQLi,customapp_login,CG-Static,3,1,451,451,100.00
SQLi,customapp_login,CG-Static,3,2,451,451,100.00
SQLi,customapp_login,CG-Static,3,3,451,451,100.00
SQLi,customapp_login,CG-Static,3,4,451,451,100.00
SQLi,customapp_login,CG-Static,3,5,451,451,100.00
SQLi,customapp_login,CG-Static,3,6,451,451,100.00
SQLi,customapp_login,CG-Static,3,7,451,451,100.00
SQLi,customapp_login,CG-Static,3,8,451,451,100.00
SQLi,customapp_login,CG-Static,3,9,451,451,100.00
SQLi,customapp_login,CG-Static,3,10,451,442,98.00
SQLi,customapp_login,CG-Static,4,1,417,417,100.00
SQLi,customapp_login,CG-Static,4,2,417,417,100.00
SQLi,customapp_login,CG-Static,4,3,417,417,100.00
SQLi,customapp_login,CG-Static,4,4,417,417,100.00
SQLi,customapp_login,CG-Static,4,5,417,417,100.00
SQLi,customapp_login,CG-Static,4,6,417,417,100.00
SQLi,customapp_login,CG-Static,4,7,417,417,100.00
SQLi,customapp_login,CG-Static,4,8,417,417,100.00
SQLi,customapp_login,CG-Static,4,9,417,417,100.00
SQLi,customapp_login,CG-Static,4,10,417,413,99.04
SQLi,customapp_login,CG-Static,5,1,449,449,100.00
SQLi,customapp_login,CG-Static,5,2,449,449,100.00
SQLi,customapp_login,CG-Static,5,3,449,449,100.00
SQLi,customapp_login,CG-Static,5,4,449,449,100.00
SQLi,customapp_login,CG-Static,5,5,449,449,100.00
SQLi,customapp_login,CG-Static,5,6,449,449,100.00
SQLi,customapp_login,CG-Static,5,7,449,449,100.00
SQLi,customapp_login,CG-Static,5,8,449,449,100.00
SQLi,customapp_login,CG-Static,5,9,449,449,100.00
SQLi,customapp_login,CG-Static,5,10,449,438,97.55
SQLi,customapp_product,CG-Adaptive,1,1,430,430,100.00
SQLi,customapp_product,CG-Adaptive,1,2,430,430,100.00
SQLi,customapp_product,CG-Adaptive,1,3,430,430,100.00
SQLi,customapp_product,CG-Adaptive,1,4,430,430,100.00
SQLi,customapp_product,CG-Adaptive,1,5,430,430,100.00
SQLi,customapp_product,CG-Adaptive,1,6,430,430,100.00
SQLi,customapp_product,CG-Adaptive,1,7,430,430,100.00
SQLi,customapp_product,CG-Adaptive,1,8,430,430,100.00
SQLi,customapp_product,CG-Adaptive,1,9,430,430,100.00
SQLi,customapp_product,CG-Adaptive,1,10,430,430,100.00
SQLi,customapp_product,CG-Adaptive,2,1,436,436,100.00
SQLi,customapp_product,CG-Adaptive,2,2,436,436,100.00
SQLi,customapp_product,CG-Adaptive,2,3,436,436,100.00
SQLi,customapp_product,CG-Adaptive,2,4,436,436,100.00
SQLi,customapp_product,CG-Adaptive,2,5,436,436,100.00
SQLi,customapp_product,CG-Adaptive,2,6,436,436,100.00
SQLi,customapp_product,CG-Adaptive,2,7,436,436,100.00
SQLi,customapp_product,CG-Adaptive,2,8,436,436,100.00
SQLi,customapp_product,CG-Adaptive,2,9,436,436,100.00
SQLi,customapp_product,CG-Adaptive,2,10,436,436,100.00
SQLi,customapp_product,CG-Adaptive,3,1,430,430,100.00
SQLi,customapp_product,CG-Adaptive,3,2,430,430,100.00
SQLi,customapp_product,CG-Adaptive,3,3,430,430,100.00
SQLi,customapp_product,CG-Adaptive,3,4,430,430,100.00
SQLi,customapp_product,CG-Adaptive,3,5,430,430,100.00
SQLi,customapp_product,CG-Adaptive,3,6,430,430,100.00
SQLi,customapp_product,CG-Adaptive,3,7,430,430,100.00
SQLi,customapp_product,CG-Adaptive,3,8,430,430,100.00
SQLi,customapp_product,CG-Adaptive,3,9,430,430,100.00
SQLi,customapp_product,CG-Adaptive,3,10,430,430,100.00
SQLi,customapp_product,CG-Adaptive,4,1,414,414,100.00
SQLi,customapp_product,CG-Adaptive,4,2,414,414,100.00
SQLi,customapp_product,CG-Adaptive,4,3,414,414,100.00
SQLi,customapp_product,CG-Adaptive,4,4,414,414,100.00
SQLi,customapp_product,CG-Adaptive,4,5,414,414,100.00
SQLi,customapp_product,CG-Adaptive,4,6,414,414,100.00
SQLi,customapp_product,CG-Adaptive,4,7,414,414,100.00
SQLi,customapp_product,CG-Adaptive,4,8,414,414,100.00
SQLi,customapp_product,CG-Adaptive,4,9,414,414,100.00
SQLi,customapp_product,CG-Adaptive,4,10,414,414,100.00
SQLi,customapp_product,CG-Adaptive,5,1,399,399,100.00
SQLi,customapp_product,CG-Adaptive,5,2,399,399,100.00
SQLi,customapp_product,CG-Adaptive,5,3,399,399,100.00
SQLi,customapp_product,CG-Adaptive,5,4,399,399,100.00
SQLi,customapp_product,CG-Adaptive,5,5,399,399,100.00
SQLi,customapp_product,CG-Adaptive,5,6,399,399,100.00
SQLi,customapp_product,CG-Adaptive,5,7,399,399,100.00
SQLi,customapp_product,CG-Adaptive,5,8,399,399,100.00
SQLi,customapp_product,CG-Adaptive,5,9,399,399,100.00
SQLi,customapp_product,CG-Adaptive,5,10,399,399,100.00
SQLi,customapp_product,CG-Static,1,1,430,430,100.00
SQLi,customapp_product,CG-Static,1,2,430,430,100.00
SQLi,customapp_product,CG-Static,1,3,430,430,100.00
SQLi,customapp_product,CG-Static,1,4,430,430,100.00
SQLi,customapp_product,CG-Static,1,5,430,430,100.00
SQLi,customapp_product,CG-Static,1,6,430,430,100.00
SQLi,customapp_product,CG-Static,1,7,430,430,100.00
SQLi,customapp_product,CG-Static,1,8,430,430,100.00
SQLi,customapp_product,CG-Static,1,9,430,430,100.00
SQLi,customapp_product,CG-Static,1,10,430,430,100.00
SQLi,customapp_product,CG-Static,2,1,436,436,100.00
SQLi,customapp_product,CG-Static,2,2,436,436,100.00
SQLi,customapp_product,CG-Static,2,3,436,436,100.00
SQLi,customapp_product,CG-Static,2,4,436,436,100.00
SQLi,customapp_product,CG-Static,2,5,436,436,100.00
SQLi,customapp_product,CG-Static,2,6,436,436,100.00
SQLi,customapp_product,CG-Static,2,7,436,436,100.00
SQLi,customapp_product,CG-Static,2,8,436,436,100.00
SQLi,customapp_product,CG-Static,2,9,436,436,100.00
SQLi,customapp_product,CG-Static,2,10,436,436,100.00
SQLi,customapp_product,CG-Static,3,1,430,430,100.00
SQLi,customapp_product,CG-Static,3,2,430,430,100.00
SQLi,customapp_product,CG-Static,3,3,430,430,100.00
SQLi,customapp_product,CG-Static,3,4,430,430,100.00
SQLi,customapp_product,CG-Static,3,5,430,430,100.00
SQLi,customapp_product,CG-Static,3,6,430,430,100.00
SQLi,customapp_product,CG-Static,3,7,430,430,100.00
SQLi,customapp_product,CG-Static,3,8,430,430,100.00
SQLi,customapp_product,CG-Static,3,9,430,430,100.00
SQLi,customapp_product,CG-Static,3,10,430,430,100.00
SQLi,customapp_product,CG-Static,4,1,414,414,100.00
SQLi,customapp_product,CG-Static,4,2,414,414,100.00
SQLi,customapp_product,CG-Static,4,3,414,414,100.00
SQLi,customapp_product,CG-Static,4,4,414,414,100.00
SQLi,customapp_product,CG-Static,4,5,414,414,100.00
SQLi,customapp_product,CG-Static,4,6,414,414,100.00
SQLi,customapp_product,CG-Static,4,7,414,414,100.00
SQLi,customapp_product,CG-Static,4,8,414,414,100.00
SQLi,customapp_product,CG-Static,4,9,414,414,100.00
SQLi,customapp_product,CG-Static,4,10,414,414,100.00
SQLi,customapp_product,CG-Static,5,1,399,399,100.00
SQLi,customapp_product,CG-Static,5,2,399,399,100.00
SQLi,customapp_product,CG-Static,5,3,399,399,100.00
SQLi,customapp_product,CG-Static,5,4,399,399,100.00
SQLi,customapp_product,CG-Static,5,5,399,399,100.00
SQLi,customapp_product,CG-Static,5,6,399,399,100.00
SQLi,customapp_product,CG-Static,5,7,399,399,100.00
SQLi,customapp_product,CG-Static,5,8,399,399,100.00
SQLi,customapp_product,CG-Static,5,9,399,399,100.00
SQLi,customapp_product,CG-Static,5,10,399,399,100.00
SQLi,customapp_search,CG-Adaptive,1,1,431,431,100.00
SQLi,customapp_search,CG-Adaptive,1,2,431,431,100.00
SQLi,customapp_search,CG-Adaptive,1,3,431,431,100.00
SQLi,customapp_search,CG-Adaptive,1,4,431,431,100.00
SQLi,customapp_search,CG-Adaptive,1,5,431,431,100.00
SQLi,customapp_search,CG-Adaptive,1,6,431,431,100.00
SQLi,customapp_search,CG-Adaptive,1,7,431,431,100.00
SQLi,customapp_search,CG-Adaptive,1,8,431,431,100.00
SQLi,customapp_search,CG-Adaptive,1,9,431,431,100.00
SQLi,customapp_search,CG-Adaptive,1,10,431,431,100.00
SQLi,customapp_search,CG-Adaptive,2,1,451,451,100.00
SQLi,customapp_search,CG-Adaptive,2,2,451,451,100.00
SQLi,customapp_search,CG-Adaptive,2,3,451,451,100.00
SQLi,customapp_search,CG-Adaptive,2,4,451,451,100.00
SQLi,customapp_search,CG-Adaptive,2,5,451,451,100.00
SQLi,customapp_search,CG-Adaptive,2,6,451,451,100.00
SQLi,customapp_search,CG-Adaptive,2,7,451,451,100.00
SQLi,customapp_search,CG-Adaptive,2,8,451,451,100.00
SQLi,customapp_search,CG-Adaptive,2,9,451,451,100.00
SQLi,customapp_search,CG-Adaptive,2,10,451,451,100.00
SQLi,customapp_search,CG-Adaptive,3,1,425,424,99.76
SQLi,customapp_search,CG-Adaptive,3,2,425,424,99.76
SQLi,customapp_search,CG-Adaptive,3,3,425,424,99.76
SQLi,customapp_search,CG-Adaptive,3,4,425,424,99.76
SQLi,customapp_search,CG-Adaptive,3,5,425,424,99.76
SQLi,customapp_search,CG-Adaptive,3,6,425,424,99.76
SQLi,customapp_search,CG-Adaptive,3,7,425,424,99.76
SQLi,customapp_search,CG-Adaptive,3,8,425,424,99.76
SQLi,customapp_search,CG-Adaptive,3,9,425,424,99.76
SQLi,customapp_search,CG-Adaptive,3,10,425,424,99.76
SQLi,customapp_search,CG-Adaptive,4,1,446,446,100.00
SQLi,customapp_search,CG-Adaptive,4,2,446,446,100.00
SQLi,customapp_search,CG-Adaptive,4,3,446,446,100.00
SQLi,customapp_search,CG-Adaptive,4,4,446,446,100.00
SQLi,customapp_search,CG-Adaptive,4,5,446,446,100.00
SQLi,customapp_search,CG-Adaptive,4,6,446,446,100.00
SQLi,customapp_search,CG-Adaptive,4,7,446,446,100.00
SQLi,customapp_search,CG-Adaptive,4,8,446,446,100.00
SQLi,customapp_search,CG-Adaptive,4,9,446,446,100.00
SQLi,customapp_search,CG-Adaptive,4,10,446,446,100.00
SQLi,customapp_search,CG-Adaptive,5,1,433,433,100.00
SQLi,customapp_search,CG-Adaptive,5,2,433,433,100.00
SQLi,customapp_search,CG-Adaptive,5,3,433,433,100.00
SQLi,customapp_search,CG-Adaptive,5,4,433,433,100.00
SQLi,customapp_search,CG-Adaptive,5,5,433,433,100.00
SQLi,customapp_search,CG-Adaptive,5,6,433,433,100.00
SQLi,customapp_search,CG-Adaptive,5,7,433,433,100.00
SQLi,customapp_search,CG-Adaptive,5,8,433,433,100.00
SQLi,customapp_search,CG-Adaptive,5,9,433,433,100.00
SQLi,customapp_search,CG-Adaptive,5,10,433,433,100.00
SQLi,customapp_search,CG-Static,1,1,431,431,100.00
SQLi,customapp_search,CG-Static,1,2,431,431,100.00
SQLi,customapp_search,CG-Static,1,3,431,431,100.00
SQLi,customapp_search,CG-Static,1,4,431,431,100.00
SQLi,customapp_search,CG-Static,1,5,431,431,100.00
SQLi,customapp_search,CG-Static,1,6,431,431,100.00
SQLi,customapp_search,CG-Static,1,7,431,431,100.00
SQLi,customapp_search,CG-Static,1,8,431,431,100.00
SQLi,customapp_search,CG-Static,1,9,431,431,100.00
SQLi,customapp_search,CG-Static,1,10,431,431,100.00
SQLi,customapp_search,CG-Static,2,1,451,451,100.00
SQLi,customapp_search,CG-Static,2,2,451,451,100.00
SQLi,customapp_search,CG-Static,2,3,451,451,100.00
SQLi,customapp_search,CG-Static,2,4,451,451,100.00
SQLi,customapp_search,CG-Static,2,5,451,451,100.00
SQLi,customapp_search,CG-Static,2,6,451,451,100.00
SQLi,customapp_search,CG-Static,2,7,451,451,100.00
SQLi,customapp_search,CG-Static,2,8,451,451,100.00
SQLi,customapp_search,CG-Static,2,9,451,451,100.00
SQLi,customapp_search,CG-Static,2,10,451,451,100.00
SQLi,customapp_search,CG-Static,3,1,425,424,99.76
SQLi,customapp_search,CG-Static,3,2,425,424,99.76
SQLi,customapp_search,CG-Static,3,3,425,424,99.76
SQLi,customapp_search,CG-Static,3,4,425,424,99.76
SQLi,customapp_search,CG-Static,3,5,425,424,99.76
SQLi,customapp_search,CG-Static,3,6,425,424,99.76
SQLi,customapp_search,CG-Static,3,7,425,424,99.76
SQLi,customapp_search,CG-Static,3,8,425,424,99.76
SQLi,customapp_search,CG-Static,3,9,425,424,99.76
SQLi,customapp_search,CG-Static,3,10,425,424,99.76
SQLi,customapp_search,CG-Static,4,1,446,446,100.00
SQLi,customapp_search,CG-Static,4,2,446,446,100.00
SQLi,customapp_search,CG-Static,4,3,446,446,100.00
SQLi,customapp_search,CG-Static,4,4,446,446,100.00
SQLi,customapp_search,CG-Static,4,5,446,446,100.00
SQLi,customapp_search,CG-Static,4,6,446,446,100.00
SQLi,customapp_search,CG-Static,4,7,446,446,100.00
SQLi,customapp_search,CG-Static,4,8,446,446,100.00
SQLi,customapp_search,CG-Static,4,9,446,446,100.00
SQLi,customapp_search,CG-Static,4,10,446,446,100.00
SQLi,customapp_search,CG-Static,5,1,433,433,100.00
SQLi,customapp_search,CG-Static,5,2,433,433,100.00
SQLi,customapp_search,CG-Static,5,3,433,433,100.00
SQLi,customapp_search,CG-Static,5,4,433,433,100.00
SQLi,customapp_search,CG-Static,5,5,433,433,100.00
SQLi,customapp_search,CG-Static,5,6,433,433,100.00
SQLi,customapp_search,CG-Static,5,7,433,433,100.00
SQLi,customapp_search,CG-Static,5,8,433,433,100.00
SQLi,customapp_search,CG-Static,5,9,433,433,100.00
SQLi,customapp_search,CG-Static,5,10,433,433,100.00
SQLi,juice_login,CG-Adaptive,1,1,415,415,100.00
SQLi,juice_login,CG-Adaptive,1,2,415,415,100.00
SQLi,juice_login,CG-Adaptive,1,3,415,415,100.00
SQLi,juice_login,CG-Adaptive,1,4,415,415,100.00
SQLi,juice_login,CG-Adaptive,1,5,415,415,100.00
SQLi,juice_login,CG-Adaptive,1,6,415,415,100.00
SQLi,juice_login,CG-Adaptive,1,7,415,415,100.00
SQLi,juice_login,CG-Adaptive,1,8,415,415,100.00
SQLi,juice_login,CG-Adaptive,1,9,415,415,100.00
SQLi,juice_login,CG-Adaptive,1,10,415,415,100.00
SQLi,juice_login,CG-Adaptive,2,1,428,428,100.00
SQLi,juice_login,CG-Adaptive,2,2,428,428,100.00
SQLi,juice_login,CG-Adaptive,2,3,428,428,100.00
SQLi,juice_login,CG-Adaptive,2,4,428,428,100.00
SQLi,juice_login,CG-Adaptive,2,5,428,428,100.00
SQLi,juice_login,CG-Adaptive,2,6,428,428,100.00
SQLi,juice_login,CG-Adaptive,2,7,428,428,100.00
SQLi,juice_login,CG-Adaptive,2,8,428,428,100.00
SQLi,juice_login,CG-Adaptive,2,9,428,428,100.00
SQLi,juice_login,CG-Adaptive,2,10,428,428,100.00
SQLi,juice_login,CG-Adaptive,3,1,415,415,100.00
SQLi,juice_login,CG-Adaptive,3,2,415,415,100.00
SQLi,juice_login,CG-Adaptive,3,3,415,415,100.00
SQLi,juice_login,CG-Adaptive,3,4,415,415,100.00
SQLi,juice_login,CG-Adaptive,3,5,415,415,100.00
SQLi,juice_login,CG-Adaptive,3,6,415,415,100.00
SQLi,juice_login,CG-Adaptive,3,7,415,415,100.00
SQLi,juice_login,CG-Adaptive,3,8,415,415,100.00
SQLi,juice_login,CG-Adaptive,3,9,415,415,100.00
SQLi,juice_login,CG-Adaptive,3,10,415,415,100.00
SQLi,juice_login,CG-Adaptive,4,1,424,424,100.00
SQLi,juice_login,CG-Adaptive,4,2,424,424,100.00
SQLi,juice_login,CG-Adaptive,4,3,424,424,100.00
SQLi,juice_login,CG-Adaptive,4,4,424,424,100.00
SQLi,juice_login,CG-Adaptive,4,5,424,424,100.00
SQLi,juice_login,CG-Adaptive,4,6,424,424,100.00
SQLi,juice_login,CG-Adaptive,4,7,424,424,100.00
SQLi,juice_login,CG-Adaptive,4,8,424,424,100.00
SQLi,juice_login,CG-Adaptive,4,9,424,424,100.00
SQLi,juice_login,CG-Adaptive,4,10,424,424,100.00
SQLi,juice_login,CG-Adaptive,5,1,428,428,100.00
SQLi,juice_login,CG-Adaptive,5,2,428,428,100.00
SQLi,juice_login,CG-Adaptive,5,3,428,428,100.00
SQLi,juice_login,CG-Adaptive,5,4,428,428,100.00
SQLi,juice_login,CG-Adaptive,5,5,428,428,100.00
SQLi,juice_login,CG-Adaptive,5,6,428,428,100.00
SQLi,juice_login,CG-Adaptive,5,7,428,428,100.00
SQLi,juice_login,CG-Adaptive,5,8,428,428,100.00
SQLi,juice_login,CG-Adaptive,5,9,428,428,100.00
SQLi,juice_login,CG-Adaptive,5,10,428,428,100.00
SQLi,juice_login,CG-Static,1,1,415,415,100.00
SQLi,juice_login,CG-Static,1,2,415,415,100.00
SQLi,juice_login,CG-Static,1,3,415,415,100.00
SQLi,juice_login,CG-Static,1,4,415,415,100.00
SQLi,juice_login,CG-Static,1,5,415,415,100.00
SQLi,juice_login,CG-Static,1,6,415,415,100.00
SQLi,juice_login,CG-Static,1,7,415,415,100.00
SQLi,juice_login,CG-Static,1,8,415,415,100.00
SQLi,juice_login,CG-Static,1,9,415,415,100.00
SQLi,juice_login,CG-Static,1,10,415,324,78.07
SQLi,juice_login,CG-Static,2,1,428,428,100.00
SQLi,juice_login,CG-Static,2,2,428,428,100.00
SQLi,juice_login,CG-Static,2,3,428,428,100.00
SQLi,juice_login,CG-Static,2,4,428,428,100.00
SQLi,juice_login,CG-Static,2,5,428,428,100.00
SQLi,juice_login,CG-Static,2,6,428,428,100.00
SQLi,juice_login,CG-Static,2,7,428,428,100.00
SQLi,juice_login,CG-Static,2,8,428,428,100.00
SQLi,juice_login,CG-Static,2,9,428,428,100.00
SQLi,juice_login,CG-Static,2,10,428,388,90.65
SQLi,juice_login,CG-Static,3,1,415,415,100.00
SQLi,juice_login,CG-Static,3,2,415,415,100.00
SQLi,juice_login,CG-Static,3,3,415,415,100.00
SQLi,juice_login,CG-Static,3,4,415,415,100.00
SQLi,juice_login,CG-Static,3,5,415,415,100.00
SQLi,juice_login,CG-Static,3,6,415,415,100.00
SQLi,juice_login,CG-Static,3,7,415,415,100.00
SQLi,juice_login,CG-Static,3,8,415,415,100.00
SQLi,juice_login,CG-Static,3,9,415,415,100.00
SQLi,juice_login,CG-Static,3,10,415,361,86.99
SQLi,juice_login,CG-Static,4,1,424,424,100.00
SQLi,juice_login,CG-Static,4,2,424,424,100.00
SQLi,juice_login,CG-Static,4,3,424,424,100.00
SQLi,juice_login,CG-Static,4,4,424,424,100.00
SQLi,juice_login,CG-Static,4,5,424,424,100.00
SQLi,juice_login,CG-Static,4,6,424,424,100.00
SQLi,juice_login,CG-Static,4,7,424,424,100.00
SQLi,juice_login,CG-Static,4,8,424,424,100.00
SQLi,juice_login,CG-Static,4,9,424,424,100.00
SQLi,juice_login,CG-Static,4,10,424,360,84.91
SQLi,juice_login,CG-Static,5,1,428,428,100.00
SQLi,juice_login,CG-Static,5,2,428,428,100.00
SQLi,juice_login,CG-Static,5,3,428,428,100.00
SQLi,juice_login,CG-Static,5,4,428,428,100.00
SQLi,juice_login,CG-Static,5,5,428,428,100.00
SQLi,juice_login,CG-Static,5,6,428,428,100.00
SQLi,juice_login,CG-Static,5,7,428,428,100.00
SQLi,juice_login,CG-Static,5,8,428,428,100.00
SQLi,juice_login,CG-Static,5,9,428,428,100.00
SQLi,juice_login,CG-Static,5,10,428,358,83.64
SQLi,juice_search,CG-Adaptive,1,1,483,483,100.00
SQLi,juice_search,CG-Adaptive,1,2,483,483,100.00
SQLi,juice_search,CG-Adaptive,1,3,483,483,100.00
SQLi,juice_search,CG-Adaptive,1,4,483,483,100.00
SQLi,juice_search,CG-Adaptive,1,5,483,483,100.00
SQLi,juice_search,CG-Adaptive,1,6,483,483,100.00
SQLi,juice_search,CG-Adaptive,1,7,483,483,100.00
SQLi,juice_search,CG-Adaptive,1,8,483,483,100.00
SQLi,juice_search,CG-Adaptive,1,9,483,483,100.00
SQLi,juice_search,CG-Adaptive,1,10,483,483,100.00
SQLi,juice_search,CG-Adaptive,2,1,473,473,100.00
SQLi,juice_search,CG-Adaptive,2,2,473,473,100.00
SQLi,juice_search,CG-Adaptive,2,3,473,473,100.00
SQLi,juice_search,CG-Adaptive,2,4,473,473,100.00
SQLi,juice_search,CG-Adaptive,2,5,473,473,100.00
SQLi,juice_search,CG-Adaptive,2,6,473,473,100.00
SQLi,juice_search,CG-Adaptive,2,7,473,473,100.00
SQLi,juice_search,CG-Adaptive,2,8,473,473,100.00
SQLi,juice_search,CG-Adaptive,2,9,473,473,100.00
SQLi,juice_search,CG-Adaptive,2,10,473,473,100.00
SQLi,juice_search,CG-Adaptive,3,1,442,442,100.00
SQLi,juice_search,CG-Adaptive,3,2,442,442,100.00
SQLi,juice_search,CG-Adaptive,3,3,442,442,100.00
SQLi,juice_search,CG-Adaptive,3,4,442,442,100.00
SQLi,juice_search,CG-Adaptive,3,5,442,442,100.00
SQLi,juice_search,CG-Adaptive,3,6,442,442,100.00
SQLi,juice_search,CG-Adaptive,3,7,442,442,100.00
SQLi,juice_search,CG-Adaptive,3,8,442,442,100.00
SQLi,juice_search,CG-Adaptive,3,9,442,442,100.00
SQLi,juice_search,CG-Adaptive,3,10,442,442,100.00
SQLi,juice_search,CG-Adaptive,4,1,462,462,100.00
SQLi,juice_search,CG-Adaptive,4,2,462,462,100.00
SQLi,juice_search,CG-Adaptive,4,3,462,462,100.00
SQLi,juice_search,CG-Adaptive,4,4,462,462,100.00
SQLi,juice_search,CG-Adaptive,4,5,462,462,100.00
SQLi,juice_search,CG-Adaptive,4,6,462,462,100.00
SQLi,juice_search,CG-Adaptive,4,7,462,462,100.00
SQLi,juice_search,CG-Adaptive,4,8,462,462,100.00
SQLi,juice_search,CG-Adaptive,4,9,462,462,100.00
SQLi,juice_search,CG-Adaptive,4,10,462,462,100.00
SQLi,juice_search,CG-Adaptive,5,1,473,473,100.00
SQLi,juice_search,CG-Adaptive,5,2,473,473,100.00
SQLi,juice_search,CG-Adaptive,5,3,473,473,100.00
SQLi,juice_search,CG-Adaptive,5,4,473,473,100.00
SQLi,juice_search,CG-Adaptive,5,5,473,473,100.00
SQLi,juice_search,CG-Adaptive,5,6,473,473,100.00
SQLi,juice_search,CG-Adaptive,5,7,473,473,100.00
SQLi,juice_search,CG-Adaptive,5,8,473,473,100.00
SQLi,juice_search,CG-Adaptive,5,9,473,473,100.00
SQLi,juice_search,CG-Adaptive,5,10,473,473,100.00
SQLi,juice_search,CG-Static,1,1,483,483,100.00
SQLi,juice_search,CG-Static,1,2,483,483,100.00
SQLi,juice_search,CG-Static,1,3,483,483,100.00
SQLi,juice_search,CG-Static,1,4,483,483,100.00
SQLi,juice_search,CG-Static,1,5,483,483,100.00
SQLi,juice_search,CG-Static,1,6,483,483,100.00
SQLi,juice_search,CG-Static,1,7,483,483,100.00
SQLi,juice_search,CG-Static,1,8,483,483,100.00
SQLi,juice_search,CG-Static,1,9,483,483,100.00
SQLi,juice_search,CG-Static,1,10,483,0,0.00
SQLi,juice_search,CG-Static,2,1,473,473,100.00
SQLi,juice_search,CG-Static,2,2,473,473,100.00
SQLi,juice_search,CG-Static,2,3,473,473,100.00
SQLi,juice_search,CG-Static,2,4,473,473,100.00
SQLi,juice_search,CG-Static,2,5,473,473,100.00
SQLi,juice_search,CG-Static,2,6,473,473,100.00
SQLi,juice_search,CG-Static,2,7,473,473,100.00
SQLi,juice_search,CG-Static,2,8,473,473,100.00
SQLi,juice_search,CG-Static,2,9,473,473,100.00
SQLi,juice_search,CG-Static,2,10,473,0,0.00
SQLi,juice_search,CG-Static,3,1,442,442,100.00
SQLi,juice_search,CG-Static,3,2,442,442,100.00
SQLi,juice_search,CG-Static,3,3,442,442,100.00
SQLi,juice_search,CG-Static,3,4,442,442,100.00
SQLi,juice_search,CG-Static,3,5,442,442,100.00
SQLi,juice_search,CG-Static,3,6,442,442,100.00
SQLi,juice_search,CG-Static,3,7,442,442,100.00
SQLi,juice_search,CG-Static,3,8,442,442,100.00
SQLi,juice_search,CG-Static,3,9,442,442,100.00
SQLi,juice_search,CG-Static,3,10,442,0,0.00
SQLi,juice_search,CG-Static,4,1,462,462,100.00
SQLi,juice_search,CG-Static,4,2,462,462,100.00
SQLi,juice_search,CG-Static,4,3,462,462,100.00
SQLi,juice_search,CG-Static,4,4,462,462,100.00
SQLi,juice_search,CG-Static,4,5,462,462,100.00
SQLi,juice_search,CG-Static,4,6,462,462,100.00
SQLi,juice_search,CG-Static,4,7,462,462,100.00
SQLi,juice_search,CG-Static,4,8,462,462,100.00
SQLi,juice_search,CG-Static,4,9,462,462,100.00
SQLi,juice_search,CG-Static,4,10,462,0,0.00
SQLi,juice_search,CG-Static,5,1,473,473,100.00
SQLi,juice_search,CG-Static,5,2,473,473,100.00
SQLi,juice_search,CG-Static,5,3,473,473,100.00
SQLi,juice_search,CG-Static,5,4,473,473,100.00
SQLi,juice_search,CG-Static,5,5,473,473,100.00
SQLi,juice_search,CG-Static,5,6,473,473,100.00
SQLi,juice_search,CG-Static,5,7,473,473,100.00
SQLi,juice_search,CG-Static,5,8,473,473,100.00
SQLi,juice_search,CG-Static,5,9,473,473,100.00
SQLi,juice_search,CG-Static,5,10,473,0,0.00
XSS,bwapp_xss_eval,CG-Adaptive,1,1,228,166,72.81
XSS,bwapp_xss_eval,CG-Adaptive,1,2,228,228,100.00
XSS,bwapp_xss_eval,CG-Adaptive,1,3,228,228,100.00
XSS,bwapp_xss_eval,CG-Adaptive,1,4,228,228,100.00
XSS,bwapp_xss_eval,CG-Adaptive,1,5,228,187,82.02
XSS,bwapp_xss_eval,CG-Adaptive,1,6,228,187,82.02
XSS,bwapp_xss_eval,CG-Adaptive,1,7,228,201,88.16
XSS,bwapp_xss_eval,CG-Adaptive,1,8,228,187,82.02
XSS,bwapp_xss_eval,CG-Adaptive,1,9,228,228,100.00
XSS,bwapp_xss_eval,CG-Adaptive,1,10,228,187,82.02
XSS,bwapp_xss_eval,CG-Adaptive,2,1,269,267,99.26
XSS,bwapp_xss_eval,CG-Adaptive,2,2,269,269,100.00
XSS,bwapp_xss_eval,CG-Adaptive,2,3,269,269,100.00
XSS,bwapp_xss_eval,CG-Adaptive,2,4,269,269,100.00
XSS,bwapp_xss_eval,CG-Adaptive,2,5,269,269,100.00
XSS,bwapp_xss_eval,CG-Adaptive,2,6,269,267,99.26
XSS,bwapp_xss_eval,CG-Adaptive,2,7,269,267,99.26
XSS,bwapp_xss_eval,CG-Adaptive,2,8,269,269,100.00
XSS,bwapp_xss_eval,CG-Adaptive,2,9,269,269,100.00
XSS,bwapp_xss_eval,CG-Adaptive,2,10,269,267,99.26
XSS,bwapp_xss_eval,CG-Adaptive,3,1,277,277,100.00
XSS,bwapp_xss_eval,CG-Adaptive,3,2,277,277,100.00
XSS,bwapp_xss_eval,CG-Adaptive,3,3,277,277,100.00
XSS,bwapp_xss_eval,CG-Adaptive,3,4,277,277,100.00
XSS,bwapp_xss_eval,CG-Adaptive,3,5,277,277,100.00
XSS,bwapp_xss_eval,CG-Adaptive,3,6,277,277,100.00
XSS,bwapp_xss_eval,CG-Adaptive,3,7,277,277,100.00
XSS,bwapp_xss_eval,CG-Adaptive,3,8,277,277,100.00
XSS,bwapp_xss_eval,CG-Adaptive,3,9,277,277,100.00
XSS,bwapp_xss_eval,CG-Adaptive,3,10,277,277,100.00
XSS,bwapp_xss_eval,CG-Adaptive,4,1,275,275,100.00
XSS,bwapp_xss_eval,CG-Adaptive,4,2,275,275,100.00
XSS,bwapp_xss_eval,CG-Adaptive,4,3,275,275,100.00
XSS,bwapp_xss_eval,CG-Adaptive,4,4,275,275,100.00
XSS,bwapp_xss_eval,CG-Adaptive,4,5,275,275,100.00
XSS,bwapp_xss_eval,CG-Adaptive,4,6,275,275,100.00
XSS,bwapp_xss_eval,CG-Adaptive,4,7,275,275,100.00
XSS,bwapp_xss_eval,CG-Adaptive,4,8,275,275,100.00
XSS,bwapp_xss_eval,CG-Adaptive,4,9,275,275,100.00
XSS,bwapp_xss_eval,CG-Adaptive,4,10,275,275,100.00
XSS,bwapp_xss_eval,CG-Adaptive,5,1,261,222,85.06
XSS,bwapp_xss_eval,CG-Adaptive,5,2,261,261,100.00
XSS,bwapp_xss_eval,CG-Adaptive,5,3,261,261,100.00
XSS,bwapp_xss_eval,CG-Adaptive,5,4,261,261,100.00
XSS,bwapp_xss_eval,CG-Adaptive,5,5,261,258,98.85
XSS,bwapp_xss_eval,CG-Adaptive,5,6,261,258,98.85
XSS,bwapp_xss_eval,CG-Adaptive,5,7,261,259,99.23
XSS,bwapp_xss_eval,CG-Adaptive,5,8,261,258,98.85
XSS,bwapp_xss_eval,CG-Adaptive,5,9,261,261,100.00
XSS,bwapp_xss_eval,CG-Adaptive,5,10,261,258,98.85
XSS,bwapp_xss_eval,CG-Static,1,1,228,187,82.02
XSS,bwapp_xss_eval,CG-Static,1,2,228,201,88.16
XSS,bwapp_xss_eval,CG-Static,1,3,228,187,82.02
XSS,bwapp_xss_eval,CG-Static,1,4,228,228,100.00
XSS,bwapp_xss_eval,CG-Static,1,5,228,228,100.00
XSS,bwapp_xss_eval,CG-Static,1,6,228,187,82.02
XSS,bwapp_xss_eval,CG-Static,1,7,228,187,82.02
XSS,bwapp_xss_eval,CG-Static,1,8,228,187,82.02
XSS,bwapp_xss_eval,CG-Static,1,9,228,187,82.02
XSS,bwapp_xss_eval,CG-Static,1,10,228,228,100.00
XSS,bwapp_xss_eval,CG-Static,2,1,269,269,100.00
XSS,bwapp_xss_eval,CG-Static,2,2,269,267,99.26
XSS,bwapp_xss_eval,CG-Static,2,3,269,269,100.00
XSS,bwapp_xss_eval,CG-Static,2,4,269,269,100.00
XSS,bwapp_xss_eval,CG-Static,2,5,269,269,100.00
XSS,bwapp_xss_eval,CG-Static,2,6,269,269,100.00
XSS,bwapp_xss_eval,CG-Static,2,7,269,269,100.00
XSS,bwapp_xss_eval,CG-Static,2,8,269,269,100.00
XSS,bwapp_xss_eval,CG-Static,2,9,269,269,100.00
XSS,bwapp_xss_eval,CG-Static,2,10,269,269,100.00
XSS,bwapp_xss_eval,CG-Static,3,1,277,277,100.00
XSS,bwapp_xss_eval,CG-Static,3,2,277,277,100.00
XSS,bwapp_xss_eval,CG-Static,3,3,277,277,100.00
XSS,bwapp_xss_eval,CG-Static,3,4,277,277,100.00
XSS,bwapp_xss_eval,CG-Static,3,5,277,277,100.00
XSS,bwapp_xss_eval,CG-Static,3,6,277,277,100.00
XSS,bwapp_xss_eval,CG-Static,3,7,277,277,100.00
XSS,bwapp_xss_eval,CG-Static,3,8,277,277,100.00
XSS,bwapp_xss_eval,CG-Static,3,9,277,277,100.00
XSS,bwapp_xss_eval,CG-Static,3,10,277,277,100.00
XSS,bwapp_xss_eval,CG-Static,4,1,275,275,100.00
XSS,bwapp_xss_eval,CG-Static,4,2,275,275,100.00
XSS,bwapp_xss_eval,CG-Static,4,3,275,275,100.00
XSS,bwapp_xss_eval,CG-Static,4,4,275,275,100.00
XSS,bwapp_xss_eval,CG-Static,4,5,275,275,100.00
XSS,bwapp_xss_eval,CG-Static,4,6,275,275,100.00
XSS,bwapp_xss_eval,CG-Static,4,7,275,275,100.00
XSS,bwapp_xss_eval,CG-Static,4,8,275,275,100.00
XSS,bwapp_xss_eval,CG-Static,4,9,275,275,100.00
XSS,bwapp_xss_eval,CG-Static,4,10,275,275,100.00
XSS,bwapp_xss_eval,CG-Static,5,1,261,258,98.85
XSS,bwapp_xss_eval,CG-Static,5,2,261,259,99.23
XSS,bwapp_xss_eval,CG-Static,5,3,261,258,98.85
XSS,bwapp_xss_eval,CG-Static,5,4,261,261,100.00
XSS,bwapp_xss_eval,CG-Static,5,5,261,261,100.00
XSS,bwapp_xss_eval,CG-Static,5,6,261,258,98.85
XSS,bwapp_xss_eval,CG-Static,5,7,261,258,98.85
XSS,bwapp_xss_eval,CG-Static,5,8,261,258,98.85
XSS,bwapp_xss_eval,CG-Static,5,9,261,258,98.85
XSS,bwapp_xss_eval,CG-Static,5,10,261,261,100.00
XSS,customxss_calc,CG-Adaptive,1,1,401,299,74.56
XSS,customxss_calc,CG-Adaptive,1,2,401,376,93.77
XSS,customxss_calc,CG-Adaptive,1,3,401,376,93.77
XSS,customxss_calc,CG-Adaptive,1,4,401,376,93.77
XSS,customxss_calc,CG-Adaptive,1,5,401,376,93.77
XSS,customxss_calc,CG-Adaptive,1,6,401,376,93.77
XSS,customxss_calc,CG-Adaptive,1,7,401,381,95.01
XSS,customxss_calc,CG-Adaptive,1,8,401,401,100.00
XSS,customxss_calc,CG-Adaptive,1,9,401,376,93.77
XSS,customxss_calc,CG-Adaptive,1,10,401,376,93.77
XSS,customxss_calc,CG-Adaptive,2,1,346,233,67.34
XSS,customxss_calc,CG-Adaptive,2,2,346,271,78.32
XSS,customxss_calc,CG-Adaptive,2,3,346,271,78.32
XSS,customxss_calc,CG-Adaptive,2,4,346,271,78.32
XSS,customxss_calc,CG-Adaptive,2,5,346,271,78.32
XSS,customxss_calc,CG-Adaptive,2,6,346,271,78.32
XSS,customxss_calc,CG-Adaptive,2,7,346,287,82.95
XSS,customxss_calc,CG-Adaptive,2,8,346,335,96.82
XSS,customxss_calc,CG-Adaptive,2,9,346,271,78.32
XSS,customxss_calc,CG-Adaptive,2,10,346,271,78.32
XSS,customxss_calc,CG-Adaptive,3,1,351,283,80.63
XSS,customxss_calc,CG-Adaptive,3,2,351,348,99.15
XSS,customxss_calc,CG-Adaptive,3,3,351,348,99.15
XSS,customxss_calc,CG-Adaptive,3,4,351,348,99.15
XSS,customxss_calc,CG-Adaptive,3,5,351,348,99.15
XSS,customxss_calc,CG-Adaptive,3,6,351,348,99.15
XSS,customxss_calc,CG-Adaptive,3,7,351,348,99.15
XSS,customxss_calc,CG-Adaptive,3,8,351,350,99.72
XSS,customxss_calc,CG-Adaptive,3,9,351,348,99.15
XSS,customxss_calc,CG-Adaptive,3,10,351,348,99.15
XSS,customxss_calc,CG-Adaptive,4,1,390,368,94.36
XSS,customxss_calc,CG-Adaptive,4,2,390,380,97.44
XSS,customxss_calc,CG-Adaptive,4,3,390,380,97.44
XSS,customxss_calc,CG-Adaptive,4,4,390,380,97.44
XSS,customxss_calc,CG-Adaptive,4,5,390,380,97.44
XSS,customxss_calc,CG-Adaptive,4,6,390,380,97.44
XSS,customxss_calc,CG-Adaptive,4,7,390,381,97.69
XSS,customxss_calc,CG-Adaptive,4,8,390,387,99.23
XSS,customxss_calc,CG-Adaptive,4,9,390,380,97.44
XSS,customxss_calc,CG-Adaptive,4,10,390,380,97.44
XSS,customxss_calc,CG-Adaptive,5,1,377,345,91.51
XSS,customxss_calc,CG-Adaptive,5,2,377,376,99.73
XSS,customxss_calc,CG-Adaptive,5,3,377,376,99.73
XSS,customxss_calc,CG-Adaptive,5,4,377,376,99.73
XSS,customxss_calc,CG-Adaptive,5,5,377,376,99.73
XSS,customxss_calc,CG-Adaptive,5,6,377,376,99.73
XSS,customxss_calc,CG-Adaptive,5,7,377,376,99.73
XSS,customxss_calc,CG-Adaptive,5,8,377,377,100.00
XSS,customxss_calc,CG-Adaptive,5,9,377,376,99.73
XSS,customxss_calc,CG-Adaptive,5,10,377,376,99.73
XSS,customxss_calc,CG-Static,1,1,401,376,93.77
XSS,customxss_calc,CG-Static,1,2,401,381,95.01
XSS,customxss_calc,CG-Static,1,3,401,376,93.77
XSS,customxss_calc,CG-Static,1,4,401,376,93.77
XSS,customxss_calc,CG-Static,1,5,401,376,93.77
XSS,customxss_calc,CG-Static,1,6,401,376,93.77
XSS,customxss_calc,CG-Static,1,7,401,376,93.77
XSS,customxss_calc,CG-Static,1,8,401,376,93.77
XSS,customxss_calc,CG-Static,1,9,401,376,93.77
XSS,customxss_calc,CG-Static,1,10,401,376,93.77
XSS,customxss_calc,CG-Static,2,1,346,271,78.32
XSS,customxss_calc,CG-Static,2,2,346,287,82.95
XSS,customxss_calc,CG-Static,2,3,346,271,78.32
XSS,customxss_calc,CG-Static,2,4,346,271,78.32
XSS,customxss_calc,CG-Static,2,5,346,271,78.32
XSS,customxss_calc,CG-Static,2,6,346,271,78.32
XSS,customxss_calc,CG-Static,2,7,346,271,78.32
XSS,customxss_calc,CG-Static,2,8,346,271,78.32
XSS,customxss_calc,CG-Static,2,9,346,271,78.32
XSS,customxss_calc,CG-Static,2,10,346,271,78.32
XSS,customxss_calc,CG-Static,3,1,351,348,99.15
XSS,customxss_calc,CG-Static,3,2,351,348,99.15
XSS,customxss_calc,CG-Static,3,3,351,348,99.15
XSS,customxss_calc,CG-Static,3,4,351,348,99.15
XSS,customxss_calc,CG-Static,3,5,351,348,99.15
XSS,customxss_calc,CG-Static,3,6,351,348,99.15
XSS,customxss_calc,CG-Static,3,7,351,348,99.15
XSS,customxss_calc,CG-Static,3,8,351,348,99.15
XSS,customxss_calc,CG-Static,3,9,351,348,99.15
XSS,customxss_calc,CG-Static,3,10,351,348,99.15
XSS,customxss_calc,CG-Static,4,1,390,380,97.44
XSS,customxss_calc,CG-Static,4,2,390,381,97.69
XSS,customxss_calc,CG-Static,4,3,390,380,97.44
XSS,customxss_calc,CG-Static,4,4,390,380,97.44
XSS,customxss_calc,CG-Static,4,5,390,380,97.44
XSS,customxss_calc,CG-Static,4,6,390,380,97.44
XSS,customxss_calc,CG-Static,4,7,390,380,97.44
XSS,customxss_calc,CG-Static,4,8,390,380,97.44
XSS,customxss_calc,CG-Static,4,9,390,380,97.44
XSS,customxss_calc,CG-Static,4,10,390,380,97.44
XSS,customxss_calc,CG-Static,5,1,377,376,99.73
XSS,customxss_calc,CG-Static,5,2,377,376,99.73
XSS,customxss_calc,CG-Static,5,3,377,376,99.73
XSS,customxss_calc,CG-Static,5,4,377,376,99.73
XSS,customxss_calc,CG-Static,5,5,377,376,99.73
XSS,customxss_calc,CG-Static,5,6,377,376,99.73
XSS,customxss_calc,CG-Static,5,7,377,376,99.73
XSS,customxss_calc,CG-Static,5,8,377,376,99.73
XSS,customxss_calc,CG-Static,5,9,377,376,99.73
XSS,customxss_calc,CG-Static,5,10,377,376,99.73
XSS,customxss_search,CG-Adaptive,1,1,336,334,99.40
XSS,customxss_search,CG-Adaptive,1,2,336,336,100.00
XSS,customxss_search,CG-Adaptive,1,3,336,336,100.00
XSS,customxss_search,CG-Adaptive,1,4,336,336,100.00
XSS,customxss_search,CG-Adaptive,1,5,336,336,100.00
XSS,customxss_search,CG-Adaptive,1,6,336,336,100.00
XSS,customxss_search,CG-Adaptive,1,7,336,336,100.00
XSS,customxss_search,CG-Adaptive,1,8,336,336,100.00
XSS,customxss_search,CG-Adaptive,1,9,336,336,100.00
XSS,customxss_search,CG-Adaptive,1,10,336,336,100.00
XSS,customxss_search,CG-Adaptive,2,1,300,300,100.00
XSS,customxss_search,CG-Adaptive,2,2,300,300,100.00
XSS,customxss_search,CG-Adaptive,2,3,300,300,100.00
XSS,customxss_search,CG-Adaptive,2,4,300,300,100.00
XSS,customxss_search,CG-Adaptive,2,5,300,300,100.00
XSS,customxss_search,CG-Adaptive,2,6,300,300,100.00
XSS,customxss_search,CG-Adaptive,2,7,300,300,100.00
XSS,customxss_search,CG-Adaptive,2,8,300,300,100.00
XSS,customxss_search,CG-Adaptive,2,9,300,300,100.00
XSS,customxss_search,CG-Adaptive,2,10,300,300,100.00
XSS,customxss_search,CG-Adaptive,3,1,329,329,100.00
XSS,customxss_search,CG-Adaptive,3,2,329,329,100.00
XSS,customxss_search,CG-Adaptive,3,3,329,329,100.00
XSS,customxss_search,CG-Adaptive,3,4,329,329,100.00
XSS,customxss_search,CG-Adaptive,3,5,329,329,100.00
XSS,customxss_search,CG-Adaptive,3,6,329,329,100.00
XSS,customxss_search,CG-Adaptive,3,7,329,329,100.00
XSS,customxss_search,CG-Adaptive,3,8,329,329,100.00
XSS,customxss_search,CG-Adaptive,3,9,329,329,100.00
XSS,customxss_search,CG-Adaptive,3,10,329,329,100.00
XSS,customxss_search,CG-Adaptive,4,1,338,338,100.00
XSS,customxss_search,CG-Adaptive,4,2,338,338,100.00
XSS,customxss_search,CG-Adaptive,4,3,338,338,100.00
XSS,customxss_search,CG-Adaptive,4,4,338,338,100.00
XSS,customxss_search,CG-Adaptive,4,5,338,338,100.00
XSS,customxss_search,CG-Adaptive,4,6,338,338,100.00
XSS,customxss_search,CG-Adaptive,4,7,338,338,100.00
XSS,customxss_search,CG-Adaptive,4,8,338,338,100.00
XSS,customxss_search,CG-Adaptive,4,9,338,338,100.00
XSS,customxss_search,CG-Adaptive,4,10,338,338,100.00
XSS,customxss_search,CG-Adaptive,5,1,352,327,92.90
XSS,customxss_search,CG-Adaptive,5,2,352,348,98.86
XSS,customxss_search,CG-Adaptive,5,3,352,348,98.86
XSS,customxss_search,CG-Adaptive,5,4,352,348,98.86
XSS,customxss_search,CG-Adaptive,5,5,352,348,98.86
XSS,customxss_search,CG-Adaptive,5,6,352,347,98.58
XSS,customxss_search,CG-Adaptive,5,7,352,347,98.58
XSS,customxss_search,CG-Adaptive,5,8,352,352,100.00
XSS,customxss_search,CG-Adaptive,5,9,352,348,98.86
XSS,customxss_search,CG-Adaptive,5,10,352,347,98.58
XSS,customxss_search,CG-Static,1,1,336,336,100.00
XSS,customxss_search,CG-Static,1,2,336,336,100.00
XSS,customxss_search,CG-Static,1,3,336,336,100.00
XSS,customxss_search,CG-Static,1,4,336,336,100.00
XSS,customxss_search,CG-Static,1,5,336,336,100.00
XSS,customxss_search,CG-Static,1,6,336,336,100.00
XSS,customxss_search,CG-Static,1,7,336,336,100.00
XSS,customxss_search,CG-Static,1,8,336,336,100.00
XSS,customxss_search,CG-Static,1,9,336,336,100.00
XSS,customxss_search,CG-Static,1,10,336,336,100.00
XSS,customxss_search,CG-Static,2,1,300,300,100.00
XSS,customxss_search,CG-Static,2,2,300,300,100.00
XSS,customxss_search,CG-Static,2,3,300,300,100.00
XSS,customxss_search,CG-Static,2,4,300,300,100.00
XSS,customxss_search,CG-Static,2,5,300,300,100.00
XSS,customxss_search,CG-Static,2,6,300,300,100.00
XSS,customxss_search,CG-Static,2,7,300,300,100.00
XSS,customxss_search,CG-Static,2,8,300,300,100.00
XSS,customxss_search,CG-Static,2,9,300,300,100.00
XSS,customxss_search,CG-Static,2,10,300,300,100.00
XSS,customxss_search,CG-Static,3,1,329,329,100.00
XSS,customxss_search,CG-Static,3,2,329,329,100.00
XSS,customxss_search,CG-Static,3,3,329,329,100.00
XSS,customxss_search,CG-Static,3,4,329,329,100.00
XSS,customxss_search,CG-Static,3,5,329,329,100.00
XSS,customxss_search,CG-Static,3,6,329,329,100.00
XSS,customxss_search,CG-Static,3,7,329,329,100.00
XSS,customxss_search,CG-Static,3,8,329,329,100.00
XSS,customxss_search,CG-Static,3,9,329,329,100.00
XSS,customxss_search,CG-Static,3,10,329,329,100.00
XSS,customxss_search,CG-Static,4,1,338,338,100.00
XSS,customxss_search,CG-Static,4,2,338,338,100.00
XSS,customxss_search,CG-Static,4,3,338,338,100.00
XSS,customxss_search,CG-Static,4,4,338,338,100.00
XSS,customxss_search,CG-Static,4,5,338,338,100.00
XSS,customxss_search,CG-Static,4,6,338,338,100.00
XSS,customxss_search,CG-Static,4,7,338,338,100.00
XSS,customxss_search,CG-Static,4,8,338,338,100.00
XSS,customxss_search,CG-Static,4,9,338,338,100.00
XSS,customxss_search,CG-Static,4,10,338,338,100.00
XSS,customxss_search,CG-Static,5,1,352,348,98.86
XSS,customxss_search,CG-Static,5,2,352,347,98.58
XSS,customxss_search,CG-Static,5,3,352,348,98.86
XSS,customxss_search,CG-Static,5,4,352,348,98.86
XSS,customxss_search,CG-Static,5,5,352,348,98.86
XSS,customxss_search,CG-Static,5,6,352,348,98.86
XSS,customxss_search,CG-Static,5,7,352,348,98.86
XSS,customxss_search,CG-Static,5,8,352,348,98.86
XSS,customxss_search,CG-Static,5,9,352,348,98.86
XSS,customxss_search,CG-Static,5,10,352,347,98.58
