family,context,strategy,n_attack_sets,eligible_per_defense,pooled_blocked,pooled_eligible,pooled_rate_pct,defseed_median_rate,defseed_min_rate,defseed_max_rate,attackset_min_rate,attackset_max_rate,worst_defseed_rate,worst_defseed_cp95_lo,median_defseed_cp95
SQLi,bwapp_login,CG-Adaptive,5,1986,15590,19860,78.50,78.50,57.00,100.00,63.45,98.04,57.00,54.79,"[99.81,100.00]"
SQLi,bwapp_login,CG-Static,5,1986,13882,19860,69.90,57.00,57.00,100.00,48.83,97.26,57.00,54.79,"[54.79,59.19]"
SQLi,bwapp_search,CG-Adaptive,5,1881,18810,18810,100.00,100.00,100.00,100.00,100.00,100.00,100.00,99.80,"[99.80,100.00]"
SQLi,bwapp_search,CG-Static,5,1881,18605,18810,98.91,100.00,89.10,100.00,96.56,99.79,89.10,87.61,"[99.80,100.00]"
SQLi,customapp_filter,CG-Adaptive,5,1932,19320,19320,100.00,100.00,100.00,100.00,100.00,100.00,100.00,99.81,"[99.81,100.00]"
SQLi,customapp_filter,CG-Static,5,1932,19320,19320,100.00,100.00,100.00,100.00,100.00,100.00,100.00,99.81,"[99.81,100.00]"
SQLi,customapp_login,CG-Adaptive,5,2099,20990,20990,100.00,100.00,100.00,100.00,100.00,100.00,100.00,99.82,"[99.82,100.00]"
SQLi,customapp_login,CG-Static,5,2099,20948,20990,99.80,100.00,98.00,100.00,99.68,99.90,98.00,97.30,"[99.82,100.00]"
SQLi,customapp_product,CG-Adaptive,5,2109,21090,21090,100.00,100.00,100.00,100.00,100.00,100.00,100.00,99.83,"[99.83,100.00]"
SQLi,customapp_product,CG-Static,5,2109,21090,21090,100.00,100.00,100.00,100.00,100.00,100.00,100.00,99.83,"[99.83,100.00]"
SQLi,customapp_search,CG-Adaptive,5,2186,21850,21860,99.95,99.95,99.95,99.95,99.76,100.00,99.95,99.75,"[99.75,100.00]"
SQLi,customapp_search,CG-Static,5,2186,21850,21860,99.95,99.95,99.95,99.95,99.76,100.00,99.95,99.75,"[99.75,100.00]"
SQLi,juice_login,CG-Adaptive,5,2110,21100,21100,100.00,100.00,100.00,100.00,100.00,100.00,100.00,99.83,"[99.83,100.00]"
SQLi,juice_login,CG-Static,5,2110,20781,21100,98.49,100.00,84.88,100.00,97.81,99.07,84.88,83.28,"[99.83,100.00]"
SQLi,juice_search,CG-Adaptive,5,2333,23330,23330,100.00,100.00,100.00,100.00,100.00,100.00,100.00,99.84,"[99.84,100.00]"
SQLi,juice_search,CG-Static,5,2333,20997,23330,90.00,100.00,0.00,100.00,90.00,90.00,0.00,0.00,"[99.84,100.00]"
XSS,bwapp_xss_eval,CG-Adaptive,5,1310,12786,13100,97.60,97.14,92.14,100.00,88.90,100.00,92.14,90.55,"[96.66,98.39]"
XSS,bwapp_xss_eval,CG-Static,5,1310,12805,13100,97.75,96.64,96.64,100.00,88.03,100.00,96.64,95.52,"[95.52,97.55]"
XSS,customxss_calc,CG-Adaptive,5,1865,17408,18650,93.34,93.89,81.93,99.20,79.54,98.94,81.93,80.11,"[92.70,94.93]"
XSS,customxss_calc,CG-Static,5,1865,17532,18650,94.01,93.89,93.89,95.07,78.79,99.73,93.89,92.70,"[92.70,94.93]"
XSS,customxss_search,CG-Adaptive,5,1655,16488,16550,99.63,99.76,98.37,100.00,98.30,100.00,98.37,97.64,"[99.38,99.93]"
XSS,customxss_search,CG-Static,5,1655,16508,16550,99.75,99.76,99.70,99.76,98.81,100.00,99.70,99.30,"[99.38,99.93]"
