target,page,technique,cg_seed,reported_bypasses,reprobe_not403,verified_exploit,false_bypass,now_403
customxss,calc,CG-Adaptive,1,337,337,337,0,0
customxss,calc,CG-Adaptive,10,114,114,114,0,0
customxss,calc,CG-Adaptive,2,114,114,114,0,0
customxss,calc,CG-Adaptive,3,114,114,114,0,0
customxss,calc,CG-Adaptive,4,114,114,114,0,0
customxss,calc,CG-Adaptive,5,114,114,114,0,0
customxss,calc,CG-Adaptive,6,114,114,114,0,0
customxss,calc,CG-Adaptive,7,92,92,92,0,0
customxss,calc,CG-Adaptive,8,15,15,15,0,0
customxss,calc,CG-Adaptive,9,114,114,114,0,0
customxss,calc,CG-Static,1,114,114,114,0,0
customxss,calc,CG-Static,10,114,114,114,0,0
customxss,calc,CG-Static,2,92,92,92,0,0
customxss,calc,CG-Static,3,114,114,114,0,0
customxss,calc,CG-Static,4,114,114,114,0,0
customxss,calc,CG-Static,5,114,114,114,0,0
customxss,calc,CG-Static,6,114,114,114,0,0
customxss,calc,CG-Static,7,114,114,114,0,0
customxss,calc,CG-Static,8,114,114,114,0,0
customxss,calc,CG-Static,9,114,114,114,0,0
customxss,search,CG-Adaptive,1,27,27,27,0,0
customxss,search,CG-Adaptive,10,5,5,5,0,0
customxss,search,CG-Adaptive,2,4,4,4,0,0
customxss,search,CG-Adaptive,3,4,4,4,0,0
customxss,search,CG-Adaptive,4,4,4,4,0,0
customxss,search,CG-Adaptive,5,4,4,4,0,0
customxss,search,CG-Adaptive,6,5,5,5,0,0
customxss,search,CG-Adaptive,7,5,5,5,0,0
customxss,search,CG-Adaptive,9,4,4,4,0,0
customxss,search,CG-Static,1,4,4,4,0,0
customxss,search,CG-Static,10,5,5,5,0,0
customxss,search,CG-Static,2,5,5,5,0,0
customxss,search,CG-Static,3,4,4,4,0,0
customxss,search,CG-Static,4,4,4,4,0,0
customxss,search,CG-Static,5,4,4,4,0,0
customxss,search,CG-Static,6,4,4,4,0,0
customxss,search,CG-Static,7,4,4,4,0,0
customxss,search,CG-Static,8,4,4,4,0,0
customxss,search,CG-Static,9,4,4,4,0,0
bwapp,xss_eval,CG-Adaptive,1,103,103,103,0,0
bwapp,xss_eval,CG-Adaptive,10,46,46,46,0,0
bwapp,xss_eval,CG-Adaptive,5,44,44,44,0,0
bwapp,xss_eval,CG-Adaptive,6,46,46,46,0,0
bwapp,xss_eval,CG-Adaptive,7,31,31,31,0,0
bwapp,xss_eval,CG-Adaptive,8,44,44,44,0,0
bwapp,xss_eval,CG-Static,1,44,44,44,0,0
bwapp,xss_eval,CG-Static,2,31,31,31,0,0
bwapp,xss_eval,CG-Static,3,44,44,44,0,0
bwapp,xss_eval,CG-Static,6,44,44,44,0,0
bwapp,xss_eval,CG-Static,7,44,44,44,0,0
bwapp,xss_eval,CG-Static,8,44,44,44,0,0
bwapp,xss_eval,CG-Static,9,44,44,44,0,0
