family,page,seed,epsilon,clusters,singleton_pct,median_cluster_size,max_cluster_size,accepted_rules,defense_calls,input_tokens,output_tokens,added_fp_pct,block_pct
SQLi,login,1,0.1,297,99.3,1.0,3,2,112,128937,10647,0.55,100.0
SQLi,login,2,0.1,292,98.3,1.0,4,1,57,65692,5581,0.0,100.0
SQLi,login,3,0.1,296,98.6,1.0,2,1,58,66730,5510,0.0,100.0
SQLi,login,4,0.1,291,98.6,1.0,5,1,100,115209,9590,0.55,100.0
SQLi,login,5,0.1,294,98.6,1.0,4,1,15,17294,1504,0.0,100.0
SQLi,login,6,0.1,294,98.6,1.0,3,1,153,176614,14578,0.0,100.0
SQLi,login,7,0.1,294,98.3,1.0,3,1,42,48537,4064,0.0,100.0
SQLi,login,8,0.1,288,98.6,1.0,9,1,39,44980,3859,0.55,100.0
SQLi,login,9,0.1,282,98.6,1.0,10,1,16,18596,1545,0.0,100.0
SQLi,login,10,0.1,299,99.7,1.0,2,2,16,18364,1638,0.55,100.0
SQLi,login,1,0.2,227,91.6,1.0,46,2,11,12726,1050,0.55,100.0
SQLi,login,2,0.2,228,95.6,1.0,40,1,43,49621,4085,0.0,100.0
SQLi,login,3,0.2,232,90.5,1.0,27,1,11,12683,1068,0.0,100.0
SQLi,login,4,0.2,227,93.0,1.0,40,2,34,39739,3228,0.55,100.0
SQLi,login,5,0.2,217,90.8,1.0,31,2,85,97953,8303,0.0,100.0
SQLi,login,6,0.2,227,90.7,1.0,27,1,15,17828,1426,0.0,100.0
SQLi,login,7,0.2,243,92.2,1.0,18,1,26,31411,2516,0.0,100.0
SQLi,login,8,0.2,234,91.9,1.0,37,1,11,13011,1046,0.0,100.0
SQLi,login,9,0.2,225,93.8,1.0,33,1,16,18560,1529,0.0,100.0
SQLi,login,10,0.2,234,88.9,1.0,29,1,6,7145,572,0.0,100.0
SQLi,login,1,0.3,30,90.0,1.0,269,2,18,21419,1815,0.55,100.0
SQLi,login,2,0.3,30,86.7,1.0,266,3,86,99611,8176,0.0,100.0
SQLi,login,3,0.3,32,90.6,1.0,267,1,1,1341,91,0.0,100.0
SQLi,login,4,0.3,34,85.3,1.0,262,2,36,42421,3559,0.0,100.0
SQLi,login,5,0.3,35,85.7,1.0,262,2,3,4040,278,0.55,100.0
SQLi,login,6,0.3,40,90.0,1.0,258,2,3,4109,299,0.55,100.0
SQLi,login,7,0.3,36,91.7,1.0,261,2,10,12177,1071,0.0,100.0
SQLi,login,8,0.3,32,84.4,1.0,262,1,1,1357,87,0.0,100.0
SQLi,login,9,0.3,21,90.5,1.0,278,2,57,66522,5517,0.55,100.0
SQLi,login,10,0.3,33,84.8,1.0,259,2,87,101629,8316,0.55,98.67
SQLi,login,1,0.4,2,50.0,150.0,299,1,1,1321,112,0.0,100.0
SQLi,login,2,0.4,2,50.0,150.0,299,2,31,39511,2997,0.55,100.0
SQLi,login,3,0.4,1,0.0,300.0,300,1,30,36557,2845,0.0,97.67
SQLi,login,4,0.4,1,0.0,300.0,300,2,13,18369,1303,0.55,100.0
SQLi,login,5,0.4,1,0.0,300.0,300,2,3,4124,282,0.55,100.0
SQLi,login,6,0.4,1,0.0,300.0,300,1,1,1349,90,0.0,100.0
SQLi,login,7,0.4,1,0.0,300.0,300,1,30,38180,2875,0.0,96.67
SQLi,login,8,0.4,1,0.0,300.0,300,1,1,1360,99,0.0,100.0
SQLi,login,9,0.4,1,0.0,300.0,300,2,4,5506,428,0.0,100.0
SQLi,login,10,0.4,1,0.0,300.0,300,3,30,36918,2878,0.0,98.67
SQLi,login,1,0.5,1,0.0,300.0,300,2,3,4069,300,0.0,100.0
SQLi,login,2,0.5,1,0.0,300.0,300,1,30,35911,2692,0.0,98.33
SQLi,login,3,0.5,1,0.0,300.0,300,1,1,1342,95,0.0,100.0
SQLi,login,4,0.5,1,0.0,300.0,300,2,19,26945,1832,0.0,100.0
SQLi,login,5,0.5,1,0.0,300.0,300,2,4,5476,393,0.55,100.0
SQLi,login,6,0.5,1,0.0,300.0,300,1,1,1349,96,0.55,100.0
SQLi,login,7,0.5,1,0.0,300.0,300,3,24,30548,2297,0.0,100.0
SQLi,login,8,0.5,1,0.0,300.0,300,2,4,5513,392,0.55,100.0
SQLi,login,9,0.5,1,0.0,300.0,300,2,4,5506,392,0.0,100.0
SQLi,login,10,0.5,1,0.0,300.0,300,1,1,1340,102,0.0,100.0
SQLi,search,1,0.1,253,89.3,1.0,6,1,1,1119,133,0.0,100.0
SQLi,search,2,0.1,264,91.7,1.0,5,1,31,36580,4022,0.0,99.67
SQLi,search,3,0.1,254,88.2,1.0,5,1,2,2288,267,0.0,100.0
SQLi,search,4,0.1,250,88.8,1.0,9,1,31,36577,4073,0.0,99.67
SQLi,search,5,0.1,240,85.0,1.0,15,1,2,2280,235,0.0,100.0
SQLi,search,6,0.1,259,90.0,1.0,7,1,3,3562,369,0.0,100.0
SQLi,search,7,0.1,250,89.6,1.0,17,1,1,1155,117,0.0,100.0
SQLi,search,8,0.1,258,90.3,1.0,7,1,2,2302,234,0.0,100.0
SQLi,search,9,0.1,269,92.2,1.0,7,1,1,1104,120,0.0,100.0
SQLi,search,10,0.1,250,89.2,1.0,5,1,2,2304,256,0.0,100.0
SQLi,search,1,0.2,95,88.4,1.0,177,1,1,1813,136,0.0,100.0
SQLi,search,2,0.2,84,79.8,1.0,186,1,31,36778,4037,0.0,99.67
SQLi,search,3,0.2,77,89.6,1.0,214,1,1,1776,122,0.0,100.0
SQLi,search,4,0.2,72,86.1,1.0,200,1,31,37253,3904,0.0,99.67
SQLi,search,5,0.2,74,85.1,1.0,206,1,1,1711,134,0.0,100.0
SQLi,search,6,0.2,78,88.5,1.0,208,1,2,2316,254,0.0,100.0
SQLi,search,7,0.2,85,90.6,1.0,195,1,1,1718,122,0.0,100.0
SQLi,search,8,0.2,94,84.0,1.0,163,1,1,1756,122,0.0,100.0
SQLi,search,9,0.2,105,85.7,1.0,170,1,1,1775,124,0.0,100.0
SQLi,search,10,0.2,76,93.4,1.0,206,1,1,1114,124,0.0,100.0
SQLi,search,1,0.3,15,93.3,1.0,286,1,1,1765,122,0.0,100.0
SQLi,search,2,0.3,7,85.7,1.0,294,1,31,37212,3983,0.0,99.67
SQLi,search,3,0.3,9,77.8,1.0,291,1,1,1773,120,0.0,100.0
SQLi,search,4,0.3,16,87.5,1.0,284,1,31,37256,4051,0.0,99.67
SQLi,search,5,0.3,17,88.2,1.0,283,1,1,1776,120,0.0,100.0
SQLi,search,6,0.3,10,90.0,1.0,291,1,1,1806,136,0.0,100.0
SQLi,search,7,0.3,9,77.8,1.0,288,1,1,1823,122,0.0,100.0
SQLi,search,8,0.3,7,71.4,1.0,293,1,1,1778,122,0.0,100.0
SQLi,search,9,0.3,10,80.0,1.0,289,1,1,1768,124,0.0,100.0
SQLi,search,10,0.3,13,92.3,1.0,288,1,1,1780,122,0.0,100.0
SQLi,search,1,0.4,1,0.0,300.0,300,1,1,1794,122,0.0,100.0
SQLi,search,2,0.4,1,0.0,300.0,300,2,30,35959,3894,0.0,99.67
SQLi,search,3,0.4,1,0.0,300.0,300,1,1,1780,119,0.0,100.0
SQLi,search,4,0.4,1,0.0,300.0,300,1,30,35999,3933,0.0,99.67
SQLi,search,5,0.4,1,0.0,300.0,300,2,2,2843,239,0.0,100.0
SQLi,search,6,0.4,1,0.0,300.0,300,1,1,1838,117,0.0,100.0
SQLi,search,7,0.4,1,0.0,300.0,300,1,1,1785,210,0.05,100.0
SQLi,search,8,0.4,1,0.0,300.0,300,2,2,3725,327,0.0,100.0
SQLi,search,9,0.4,1,0.0,300.0,300,1,1,1761,122,0.0,100.0
SQLi,search,10,0.4,1,0.0,300.0,300,1,1,1763,122,0.0,100.0
SQLi,search,1,0.5,1,0.0,300.0,300,1,1,1794,118,0.0,100.0
SQLi,search,2,0.5,1,0.0,300.0,300,1,30,35991,3803,0.0,99.67
SQLi,search,3,0.5,1,0.0,300.0,300,1,1,1780,120,0.0,100.0
SQLi,search,4,0.5,1,0.0,300.0,300,1,30,35999,3995,0.0,99.67
SQLi,search,5,0.5,1,0.0,300.0,300,2,2,2843,239,0.0,100.0
SQLi,search,6,0.5,1,0.0,300.0,300,1,1,1838,120,0.0,100.0
SQLi,search,7,0.5,1,0.0,300.0,300,1,1,1785,213,0.0,100.0
SQLi,search,8,0.5,1,0.0,300.0,300,2,2,2915,241,0.0,100.0
SQLi,search,9,0.5,1,0.0,300.0,300,1,1,1761,119,0.0,100.0
SQLi,search,10,0.5,1,0.0,300.0,300,1,1,1763,120,0.0,100.0
SQLi,product,1,0.1,225,87.1,1.0,13,1,1,1109,120,0.0,100.0
SQLi,product,2,0.1,240,87.1,1.0,10,1,1,1338,117,0.0,100.0
SQLi,product,3,0.1,235,86.0,1.0,12,1,1,1107,119,0.0,100.0
SQLi,product,4,0.1,226,86.7,1.0,10,1,2,2294,248,0.0,100.0
SQLi,product,5,0.1,238,88.7,1.0,9,1,1,1106,117,0.0,100.0
SQLi,product,6,0.1,235,86.4,1.0,7,2,3,3407,365,0.0,100.0
SQLi,product,7,0.1,224,85.3,1.0,13,1,2,2288,259,0.0,100.0
SQLi,product,8,0.1,229,88.6,1.0,10,1,1,1119,116,0.0,100.0
SQLi,product,9,0.1,233,86.3,1.0,7,1,1,1112,121,0.0,100.0
SQLi,product,10,0.1,233,88.8,1.0,12,1,1,1108,119,0.0,100.0
SQLi,product,1,0.2,52,88.5,1.0,244,1,1,1109,122,0.0,100.0
SQLi,product,2,0.2,43,93.0,1.0,253,1,1,1706,124,0.0,100.0
SQLi,product,3,0.2,36,80.6,1.0,254,1,1,1714,122,0.0,100.0
SQLi,product,4,0.2,58,89.7,1.0,238,1,1,1672,134,0.0,100.0
SQLi,product,5,0.2,56,92.9,1.0,242,1,1,1745,133,0.0,100.0
SQLi,product,6,0.2,54,87.0,1.0,237,1,1,1764,116,0.0,100.0
SQLi,product,7,0.2,51,86.3,1.0,244,1,1,1714,122,0.0,100.0
SQLi,product,8,0.2,49,83.7,1.0,244,1,1,1119,120,0.0,100.0
SQLi,product,9,0.2,51,92.2,1.0,247,1,1,1735,133,0.0,100.0
SQLi,product,10,0.2,48,87.5,1.0,245,1,1,1714,117,0.0,100.0
SQLi,product,1,0.3,16,62.5,1.0,273,1,1,1717,122,0.0,100.0
SQLi,product,2,0.3,11,81.8,1.0,284,1,1,1694,120,0.0,100.0
SQLi,product,3,0.3,9,88.9,1.0,292,1,1,1711,122,0.0,100.0
SQLi,product,4,0.3,10,80.0,1.0,290,1,1,1713,122,0.0,100.0
SQLi,product,5,0.3,11,54.5,1.0,282,1,1,1729,131,0.0,100.0
SQLi,product,6,0.3,6,66.7,1.0,293,1,1,1737,116,0.0,100.0
SQLi,product,7,0.3,11,72.7,1.0,288,1,1,1730,122,0.0,100.0
SQLi,product,8,0.3,7,71.4,1.0,293,1,1,1736,120,0.0,100.0
SQLi,product,9,0.3,5,80.0,1.0,296,1,1,1710,120,0.0,100.0
SQLi,product,10,0.3,7,57.1,1.0,272,1,1,1729,134,0.0,100.0
SQLi,product,1,0.4,1,0.0,300.0,300,1,1,1725,124,0.0,100.0
SQLi,product,2,0.4,1,0.0,300.0,300,2,2,2797,236,0.0,100.0
SQLi,product,3,0.4,1,0.0,300.0,300,1,1,1724,122,0.0,100.0
SQLi,product,4,0.4,1,0.0,300.0,300,1,1,1736,117,0.0,100.0
SQLi,product,5,0.4,1,0.0,300.0,300,1,1,1716,122,0.0,100.0
SQLi,product,6,0.4,1,0.0,300.0,300,1,1,1712,122,0.0,100.0
SQLi,product,7,0.4,1,0.0,300.0,300,1,1,1711,117,0.0,100.0
SQLi,product,8,0.4,1,0.0,300.0,300,1,1,1749,124,0.0,100.0
SQLi,product,9,0.4,1,0.0,300.0,300,1,1,1712,122,0.0,100.0
SQLi,product,10,0.4,1,0.0,300.0,300,2,2,2993,256,0.0,100.0
SQLi,product,1,0.5,1,0.0,300.0,300,1,1,1725,117,0.0,100.0
SQLi,product,2,0.5,1,0.0,300.0,300,1,1,1693,136,0.0,100.0
SQLi,product,3,0.5,1,0.0,300.0,300,1,1,1724,122,0.0,100.0
SQLi,product,4,0.5,1,0.0,300.0,300,1,1,1736,122,0.0,100.0
SQLi,product,5,0.5,1,0.0,300.0,300,1,1,1716,122,0.0,100.0
SQLi,product,6,0.5,1,0.0,300.0,300,1,1,1712,120,0.0,100.0
SQLi,product,7,0.5,1,0.0,300.0,300,1,1,1711,122,0.0,100.0
SQLi,product,8,0.5,1,0.0,300.0,300,2,2,2868,240,0.0,100.0
SQLi,product,9,0.5,1,0.0,300.0,300,1,1,1712,122,0.0,100.0
SQLi,product,10,0.5,1,0.0,300.0,300,1,1,1742,122,0.0,100.0
SQLi,filter,1,0.1,270,93.7,1.0,7,1,1,1104,119,0.0,100.0
SQLi,filter,2,0.1,274,94.2,1.0,6,1,2,2292,258,0.0,100.0
SQLi,filter,3,0.1,275,94.5,1.0,6,1,2,2304,247,0.0,100.0
SQLi,filter,4,0.1,277,93.1,1.0,3,2,2,2256,230,0.0,100.0
SQLi,filter,5,0.1,274,93.4,1.0,6,1,1,1119,120,0.0,100.0
SQLi,filter,6,0.1,262,91.6,1.0,9,2,3,3481,379,0.0,100.0
SQLi,filter,7,0.1,274,93.8,1.0,5,1,1,1121,119,0.0,100.0
SQLi,filter,8,0.1,270,93.7,1.0,7,1,2,2286,237,0.0,100.0
SQLi,filter,9,0.1,283,96.1,1.0,4,1,1,1108,124,0.0,100.0
SQLi,filter,10,0.1,277,92.4,1.0,3,1,1,1114,119,0.0,100.0
SQLi,filter,1,0.2,88,89.8,1.0,162,1,1,1748,122,0.0,100.0
SQLi,filter,2,0.2,87,83.9,1.0,146,1,1,1701,124,0.0,100.0
SQLi,filter,3,0.2,107,79.4,1.0,127,1,1,1708,120,0.0,100.0
SQLi,filter,4,0.2,109,85.3,1.0,124,1,1,1136,117,0.0,100.0
SQLi,filter,5,0.2,87,79.3,1.0,188,1,1,1119,117,0.0,100.0
SQLi,filter,6,0.2,81,88.9,1.0,169,1,1,1726,124,0.0,100.0
SQLi,filter,7,0.2,76,86.8,1.0,163,1,2,2318,261,0.0,100.0
SQLi,filter,8,0.2,68,85.3,1.0,166,1,1,1716,124,0.0,100.0
SQLi,filter,9,0.2,96,86.5,1.0,138,1,1,1748,122,0.0,100.0
SQLi,filter,10,0.2,83,81.9,1.0,152,2,2,2862,254,0.0,100.0
SQLi,filter,1,0.3,5,80.0,1.0,296,1,1,1696,136,0.0,100.0
SQLi,filter,2,0.3,7,85.7,1.0,294,1,1,1759,133,0.0,100.0
SQLi,filter,3,0.3,6,83.3,1.0,295,1,1,1779,124,0.0,100.0
SQLi,filter,4,0.3,8,87.5,1.0,293,1,3,3610,378,0.0,100.0
SQLi,filter,5,0.3,5,80.0,1.0,296,1,1,1775,124,0.0,100.0
SQLi,filter,6,0.3,8,87.5,1.0,293,1,1,1719,117,0.0,100.0
SQLi,filter,7,0.3,7,85.7,1.0,294,2,2,3478,250,0.0,100.0
SQLi,filter,8,0.3,5,80.0,1.0,296,1,1,1730,135,0.0,100.0
SQLi,filter,9,0.3,5,80.0,1.0,296,1,1,1745,120,0.0,100.0
SQLi,filter,10,0.3,7,85.7,1.0,294,1,1,1752,122,0.0,100.0
SQLi,filter,1,0.4,1,0.0,300.0,300,1,1,1711,124,0.0,100.0
SQLi,filter,2,0.4,1,0.0,300.0,300,1,1,1748,122,0.0,100.0
SQLi,filter,3,0.4,1,0.0,300.0,300,1,1,1773,124,0.0,100.0
SQLi,filter,4,0.4,1,0.0,300.0,300,1,1,1777,120,0.0,100.0
SQLi,filter,5,0.4,1,0.0,300.0,300,1,1,1771,124,0.0,100.0
SQLi,filter,6,0.4,1,0.0,300.0,300,1,1,1774,124,0.0,100.0
SQLi,filter,7,0.4,1,0.0,300.0,300,1,1,1759,124,0.0,100.0
SQLi,filter,8,0.4,1,0.0,300.0,300,1,1,1712,120,0.0,100.0
SQLi,filter,9,0.4,1,0.0,300.0,300,1,1,1722,122,0.0,100.0
SQLi,filter,10,0.4,1,0.0,300.0,300,1,1,1758,120,0.0,100.0
SQLi,filter,1,0.5,1,0.0,300.0,300,1,1,1711,116,0.0,100.0
SQLi,filter,2,0.5,1,0.0,300.0,300,1,1,1748,140,0.0,100.0
SQLi,filter,3,0.5,1,0.0,300.0,300,1,1,1773,124,0.0,100.0
SQLi,filter,4,0.5,1,0.0,300.0,300,1,1,1777,133,0.0,100.0
SQLi,filter,5,0.5,1,0.0,300.0,300,1,1,1771,124,0.0,100.0
SQLi,filter,6,0.5,1,0.0,300.0,300,1,1,1774,122,0.0,100.0
SQLi,filter,7,0.5,1,0.0,300.0,300,1,2,3616,321,0.0,100.0
SQLi,filter,8,0.5,1,0.0,300.0,300,1,1,1712,136,0.0,100.0
SQLi,filter,9,0.5,1,0.0,300.0,300,1,1,1722,122,0.0,100.0
SQLi,filter,10,0.5,1,0.0,300.0,300,1,1,1758,124,0.0,100.0
XSS,search,1,0.1,229,81.7,1.0,12,3,7,12309,1413,0.0,100.0
XSS,search,2,0.1,230,80.4,1.0,6,2,33,60422,7414,0.0,99.33
XSS,search,3,0.1,240,85.4,1.0,5,1,62,110997,13787,0.0,99.33
XSS,search,4,0.1,244,89.8,1.0,8,1,30,53717,6608,0.0,99.67
XSS,search,5,0.1,239,84.9,1.0,7,1,2,3475,461,0.0,100.0
XSS,search,6,0.1,231,84.4,1.0,6,2,32,56898,6749,0.0,99.67
XSS,search,7,0.1,248,87.1,1.0,11,1,31,57005,7479,0.0,99.33
XSS,search,8,0.1,231,81.4,1.0,8,2,6,11235,1168,0.0,100.0
XSS,search,9,0.1,250,86.8,1.0,5,1,31,55384,6819,0.0,99.67
XSS,search,10,0.1,247,84.6,1.0,4,3,17,30296,3753,0.0,100.0
XSS,search,1,0.2,71,59.2,1.0,96,2,38,68293,7798,0.0,99.67
XSS,search,2,0.2,76,65.8,1.0,111,2,31,56828,6996,0.0,99.33
XSS,search,3,0.2,82,61.0,1.0,98,1,30,55284,6821,0.0,99.33
XSS,search,4,0.2,94,70.2,1.0,72,2,33,60065,7354,0.0,99.67
XSS,search,5,0.2,90,70.0,1.0,100,2,5,9403,888,0.0,100.0
XSS,search,6,0.2,86,77.9,1.0,119,2,33,59600,7501,0.0,99.67
XSS,search,7,0.2,81,66.7,1.0,81,2,33,60623,7271,0.0,99.33
XSS,search,8,0.2,74,55.4,1.0,59,1,2,4507,560,0.0,100.0
XSS,search,9,0.2,96,64.6,1.0,84,1,32,57141,7285,0.0,99.67
XSS,search,10,0.2,87,70.1,1.0,97,2,31,56326,6986,0.0,99.67
XSS,search,1,0.3,14,92.9,1.0,287,2,30,53640,6479,0.0,99.67
XSS,search,2,0.3,10,80.0,1.0,289,2,30,55144,6227,0.0,99.33
XSS,search,3,0.3,19,68.4,1.0,273,1,30,55475,6882,0.0,99.33
XSS,search,4,0.3,19,78.9,1.0,279,1,30,53708,6593,0.0,99.67
XSS,search,5,0.3,10,80.0,1.0,289,1,1,2093,200,0.0,100.0
XSS,search,6,0.3,26,73.1,1.0,255,2,31,56086,6890,0.0,99.67
XSS,search,7,0.3,16,75.0,1.0,275,1,30,55283,6959,0.0,99.33
XSS,search,8,0.3,13,84.6,1.0,287,1,1,2074,247,0.0,100.0
XSS,search,9,0.3,22,86.4,1.0,273,1,30,53736,6419,0.0,99.67
XSS,search,10,0.3,20,80.0,1.0,273,1,30,53887,6744,0.0,99.67
XSS,search,1,0.4,3,66.7,1.0,298,1,30,53635,6635,0.0,99.67
XSS,search,2,0.4,2,50.0,150.0,299,1,30,54959,6218,0.0,99.33
XSS,search,3,0.4,2,50.0,150.0,299,1,30,55022,6650,0.0,99.33
XSS,search,4,0.4,2,50.0,150.0,299,1,30,53767,6651,0.0,99.67
XSS,search,5,0.4,2,50.0,150.0,299,2,1,2063,306,0.0,100.0
XSS,search,6,0.4,3,66.7,1.0,298,3,30,53927,6752,0.0,99.67
XSS,search,7,0.4,1,0.0,300.0,300,1,30,55307,6672,0.0,99.33
XSS,search,8,0.4,2,50.0,150.0,299,1,1,2047,243,0.0,100.0
XSS,search,9,0.4,4,75.0,1.0,297,1,30,53798,6552,0.0,99.67
XSS,search,10,0.4,4,75.0,1.0,297,1,30,53887,6582,0.0,99.67
XSS,search,1,0.5,1,0.0,300.0,300,1,30,53637,6583,0.0,99.67
XSS,search,2,0.5,1,0.0,300.0,300,1,30,55411,6597,0.0,99.33
XSS,search,3,0.5,1,0.0,300.0,300,1,30,55491,7006,0.0,99.33
XSS,search,4,0.5,1,0.0,300.0,300,3,30,53800,6725,0.0,99.67
XSS,search,5,0.5,1,0.0,300.0,300,1,1,2061,204,0.0,100.0
XSS,search,6,0.5,1,0.0,300.0,300,1,30,54013,6893,0.0,99.67
XSS,search,7,0.5,1,0.0,300.0,300,3,30,55344,6741,0.0,99.33
XSS,search,8,0.5,1,0.0,300.0,300,1,1,2050,206,0.0,100.0
XSS,search,9,0.5,1,0.0,300.0,300,1,30,53704,6559,0.0,99.67
XSS,search,10,0.5,1,0.0,300.0,300,2,30,54196,6729,0.0,99.67
XSS,calc,1,0.1,259,89.6,1.0,6,2,4,6970,540,0.0,100.0
XSS,calc,2,0.1,254,90.2,1.0,6,2,2,3408,396,0.0,100.0
XSS,calc,3,0.1,256,89.5,1.0,7,2,6,10714,1170,0.0,100.0
XSS,calc,4,0.1,257,89.1,1.0,5,2,2,3558,303,0.0,100.0
XSS,calc,5,0.1,262,89.7,1.0,7,2,3,5273,840,0.0,100.0
XSS,calc,6,0.1,246,86.2,1.0,5,2,2,3397,367,0.0,100.0
XSS,calc,7,0.1,254,88.2,1.0,6,1,1,1703,142,0.0,100.0
XSS,calc,8,0.1,251,86.5,1.0,4,4,5,8688,893,0.0,100.0
XSS,calc,9,0.1,250,86.0,1.0,6,1,1,1707,298,0.0,100.0
XSS,calc,10,0.1,257,87.5,1.0,4,1,1,1707,142,0.0,100.0
XSS,calc,1,0.2,89,70.8,1.0,126,3,4,7875,890,0.0,100.0
XSS,calc,2,0.2,85,67.1,1.0,137,5,3,5744,873,0.0,100.0
XSS,calc,3,0.2,91,67.0,1.0,125,2,2,3954,483,0.0,100.0
XSS,calc,4,0.2,85,67.1,1.0,146,9,7,13574,1377,0.0,100.0
XSS,calc,5,0.2,88,65.9,1.0,128,2,2,3491,413,0.0,100.0
XSS,calc,6,0.2,97,71.1,1.0,116,5,5,9323,1399,0.0,100.0
XSS,calc,7,0.2,82,67.1,1.0,131,2,2,3396,501,0.0,100.0
XSS,calc,8,0.2,78,69.2,1.0,144,3,6,11641,2826,0.0,100.0
XSS,calc,9,0.2,83,63.9,1.0,145,1,1,1707,200,0.0,100.0
XSS,calc,10,0.2,81,70.4,1.0,135,2,4,7366,1382,0.0,100.0
XSS,calc,1,0.3,26,65.4,1.0,179,4,4,7857,910,0.0,100.0
XSS,calc,2,0.3,30,53.3,1.0,181,3,1,2016,313,0.0,100.0
XSS,calc,3,0.3,26,69.2,1.0,200,2,1,2001,221,0.0,100.0
XSS,calc,4,0.3,30,70.0,1.0,204,5,4,7533,844,0.0,100.0
XSS,calc,5,0.3,21,57.1,1.0,203,1,1,1972,209,0.0,100.0
XSS,calc,6,0.3,26,61.5,1.0,164,1,1,1972,261,0.0,100.0
XSS,calc,7,0.3,24,50.0,1.5,208,1,1,1959,267,0.0,100.0
XSS,calc,8,0.3,23,60.9,1.0,200,5,4,7641,917,0.0,100.0
XSS,calc,9,0.3,28,50.0,1.5,192,1,1,1758,329,0.0,100.0
XSS,calc,10,0.3,23,56.5,1.0,187,3,6,10909,1523,0.0,100.0
XSS,calc,1,0.4,5,80.0,1.0,296,7,3,6111,822,0.0,100.0
XSS,calc,2,0.4,10,80.0,1.0,289,2,2,4018,463,0.0,100.0
XSS,calc,3,0.4,8,87.5,1.0,293,2,1,2012,267,0.0,100.0
XSS,calc,4,0.4,7,85.7,1.0,294,2,1,1982,322,0.0,100.0
XSS,calc,5,0.4,5,80.0,1.0,296,2,2,3796,411,0.0,100.0
XSS,calc,6,0.4,7,85.7,1.0,294,1,1,1984,216,0.0,100.0
XSS,calc,7,0.4,5,20.0,3.0,291,3,2,3854,606,0.0,100.0
XSS,calc,8,0.4,5,80.0,1.0,296,3,1,1961,280,0.0,100.0
XSS,calc,9,0.4,9,55.6,1.0,286,3,3,5432,491,0.0,100.0
XSS,calc,10,0.4,7,71.4,1.0,293,2,2,4002,601,0.0,100.0
XSS,calc,1,0.5,3,66.7,1.0,298,1,1,1996,271,0.0,100.0
XSS,calc,2,0.5,2,50.0,150.0,299,1,1,1979,258,0.0,100.0
XSS,calc,3,0.5,2,50.0,150.0,299,2,1,1970,339,0.0,100.0
XSS,calc,4,0.5,2,50.0,150.0,299,1,2,4133,474,0.0,100.0
XSS,calc,5,0.5,2,50.0,150.0,299,1,1,1975,315,0.0,100.0
XSS,calc,6,0.5,1,0.0,300.0,300,1,1,1968,492,0.0,100.0
XSS,calc,7,0.5,1,0.0,300.0,300,2,1,1979,330,0.0,100.0
XSS,calc,8,0.5,2,50.0,150.0,299,1,1,1970,181,0.0,100.0
XSS,calc,9,0.5,1,0.0,300.0,300,3,2,3762,509,0.0,100.0
XSS,calc,10,0.5,2,0.0,150.0,298,2,1,2000,319,0.0,100.0
