technique,cg_seed,n_rules,blocked,total,verified_bypass,other_nonblock,status
CRS-only,0,0,414,414,0,0,ok
CG-Adaptive,1,7,414,414,0,0,ok
CG-Adaptive,2,5,414,414,0,0,ok
CG-Adaptive,3,5,414,414,0,0,ok
CG-Adaptive,4,6,414,414,0,0,ok
CG-Adaptive,5,5,414,414,0,0,ok
CG-Adaptive,6,7,414,414,0,0,ok
CG-Adaptive,7,5,414,414,0,0,ok
CG-Adaptive,8,6,414,414,0,0,ok
CG-Adaptive,9,5,414,414,0,0,ok
CG-Adaptive,10,6,414,414,0,0,ok
CG-Static,1,5,414,414,0,0,ok
CG-Static,2,6,414,414,0,0,ok
CG-Static,3,4,414,414,0,0,ok
CG-Static,4,5,414,414,0,0,ok
CG-Static,5,5,414,414,0,0,ok
CG-Static,6,5,414,414,0,0,ok
CG-Static,7,6,414,414,0,0,ok
CG-Static,8,4,414,414,0,0,ok
CG-Static,9,5,414,414,0,0,ok
CG-Static,10,5,414,414,0,0,ok
