idx,page,family,route_a_category,backend_status,backend_valid,waf_status,crs_blocked,payload_sha1
0,login,boolean_blind,backend_valid,200,1,403,1,1f7f9c3351101757f1ed1ca588da9a469e7dd3f0
4,login,boolean_blind,backend_valid,200,1,403,1,257fca5fe2a9fb29695956e56353b9597e803d2e
8,login,boolean_blind,backend_valid,200,1,403,1,c5ed1f6be2e657430c8b6905b84da895f954b824
12,login,boolean_blind,backend_valid,200,1,403,1,ce93bc8828ba2ea5d3d3816bf751b0d030b4ad31
16,login,boolean_blind,backend_valid,200,1,403,1,decc9c4d79db95e264e9d3fa6dd72a7d65b822b3
20,login,boolean_blind,backend_valid,200,1,403,1,1f7f9c3351101757f1ed1ca588da9a469e7dd3f0
24,login,boolean_blind,backend_valid,200,1,403,1,257fca5fe2a9fb29695956e56353b9597e803d2e
28,login,boolean_blind,backend_valid,200,1,403,1,c5ed1f6be2e657430c8b6905b84da895f954b824
80,login,boolean_blind,backend_valid,200,1,403,1,4b8e006f923814fc189333ca5b5bddbc5b97fb71
84,login,boolean_blind,backend_valid,200,1,403,1,52d152dccc76475ccce21fa0cb4148f8492b30d6
96,login,boolean_blind,backend_valid,200,1,403,1,f560ae99cfb8541484ec04f154460f7a951a326b
100,login,boolean_blind,backend_valid,200,1,403,1,a2d6f66efe4fbb0a4d9032003744cc42ee797e17
384,login,error_based,backend_valid,200,1,403,1,1a59c8f599657cc2cd00bc634e65ed30658d1263
496,login,error_based,backend_valid,200,1,403,1,69694b627d7c78920833e2a59b936d27f68c212b
1048,login,time_blind,backend_valid,200,1,403,1,888deb48dec83171937d8f7327057657a0b86ef9
1056,login,time_blind,backend_valid,200,1,403,1,07cac1bdd418f77ed612f1245389bfaddc1db53d
5,search,boolean_blind,backend_valid,200,1,403,1,74ae3aa5a50ae24343b33ecfb66b5d48910ab0c4
17,search,boolean_blind,backend_valid,200,1,403,1,e27a91f5955f5b278cd36bda5d7269c76f57882c
25,search,boolean_blind,backend_valid,200,1,403,1,7801aed89584aa11985026a61f612c6f924825fa
85,search,boolean_blind,backend_valid,200,1,403,1,4dfd0f065ed7951de7e79ec179d4bb477377aee9
101,search,boolean_blind,backend_valid,200,1,403,1,6d742ee160fc5321887c667803275cde5cd078a8
6,product,boolean_blind,backend_valid,200,1,403,1,6caa0ea1f7da6caa5deaf123138207afc73d24e9
18,product,boolean_blind,backend_valid,200,1,403,1,ebbbdaae254823566c8efbf04ec86c2e12dac9e6
26,product,boolean_blind,backend_valid,200,1,403,1,ee36d1e12ef3aa0de1c645dd6443fc39f0d29814
86,product,boolean_blind,backend_valid,200,1,403,1,cc66785488d9ec4da160e343a41296c83b80e76b
102,product,boolean_blind,backend_valid,200,1,403,1,1ff913a54c1624e4a181fcd5bdcb5dc320c4e007
7,filter,boolean_blind,backend_valid,200,1,403,1,15ff441737c02ba8b8dd90d51a1554646bf0ea43
19,filter,boolean_blind,backend_valid,200,1,403,1,fa8498f32f1453c13c30911a7d37ea2278732ee0
27,filter,boolean_blind,backend_valid,200,1,403,1,13d5019c48b4cd23c9004c9dec5b831ef886ee35
87,filter,boolean_blind,backend_valid,200,1,403,1,30bf4b0ddb66a3e4e0b1f64ef31898ee9658fa70
103,filter,boolean_blind,backend_valid,200,1,403,1,0e4fa66facfa47c89c7a5a78b518fa0ecf5d53f1
