technique,cg_seed,page,blocked,payload_sha1
CRS-only,0,search,0,ea70b045cafe4ecd6b556500ba518518c45b0b91
CRS-only,0,search,0,9111ae75d337c39ac326b2a825b1e9f59f3b2f7b
CRS-only,0,search,0,84b9d411e7ad98b45e3b7ac37a1366a29d9634f6
CRS-only,0,search,0,116f50304a732573430159d0398fa05adfe8d5fb
CRS-only,0,search,0,4ed8d614b35ee4705212138ede93b2080507f48c
CRS-only,0,search,0,476ab40b04fcebbd5e6888627f8726de246ad904
CRS-only,0,search,0,88175cf38d07df288e7e1f9f013dd666f44321e4
CRS-only,0,search,0,0bdbf5884a6eb59b945f0ee8af4a578590579142
CRS-only,0,search,0,5b023c0893c729ab07fe795fa884edb41cd14912
CRS-only,0,search,0,16cd7d14fe3298fa545497f641a438decee3241e
CRS-only,0,search,0,0f105f58c781bab93fa34978f5b727beccba4db4
CRS-only,0,search,0,464fd362893f3a2c067792593dedf1d7c84b4252
CRS-only,0,search,0,ee4338b42c3a3f889f7efdd9192405a522774138
CRS-only,0,search,0,01cd272480e8069d316e2bf628dc9f06c56d5170
CRS-only,0,search,0,75fcca9a2c44507ce76463ffc7ae556c0ebbb45d
CRS-only,0,search,0,b1fd42fe628f5a3b9d9bebd3e191319f831d92ce
CRS-only,0,search,0,b4b481d5c7b90c0a778d009104e86ca132acff2e
CRS-only,0,calc,0,298a37c7d040603383d817c7132c1873c3f821fb
CRS-only,0,calc,0,2140a46d693a21a970093daf681f92dccb106fe3
CRS-only,0,calc,0,250d63150ea775cc404d57f8b68500028648525c
CRS-only,0,calc,0,a5c07a9ead4d7794de818a71697ce0a65be368b0
CRS-only,0,calc,0,a50c76412004697c73810f3ce8953159d71172cb
CRS-only,0,calc,0,6ae5fc6aa62f2bb90fbc2d34570fdd28026e4d39
CRS-only,0,calc,0,80bd94573c61061faf1b96dc032193c27017b90d
CRS-only,0,calc,0,b34e47e61362fd738d789708ec48ac00a10ac1a9
CRS-only,0,calc,0,9225df4ac68403c21babb265e7a4cc1bc82b03c4
CRS-only,0,calc,0,8b32b47d5ff092974c5b2e6ad610c8fcb642f4fb
CRS-only,0,calc,0,d4dbeeb374277fbb32dfed3e515d40a8f6db556e
CRS-only,0,calc,0,33213458132f6a6d0123acff8ce5f714312aaf88
CRS-only,0,calc,0,9db2124b035f5bd499f74dca60b80f17fd83dc14
CRS-only,0,calc,0,cbeb625adfce1fd5ed7df62602cf09738bcea041
CRS-only,0,calc,0,be0bff0a8e4a3d09e5b962f04f3f1b63b9a9d961
CRS-only,0,calc,0,4f856fd02e2e97d5b7a82416c8d788b1e84f3d2c
CRS-only,0,calc,0,036257153c6fa151e86711f96b91d2d866ba7083
CRS-only,0,calc,0,06e8a95a1b6c407bd72aab67d6a817b87f5fe3cf
CRS-only,0,calc,0,1aab7c29554e1c2d8fd010289c59e89c10d81f0f
CRS-only,0,calc,0,d6ddb8beea61c5c740c76e0d9b469d47f5a468eb
CRS-only,0,calc,0,91645321680370bfca91f0c8af04a430d1eac5cb
CRS-only,0,calc,0,e086b2c10acad223f0b2250cf7745d81d6527457
CRS-only,0,calc,0,0d2a25b391f27c2bea6f8532904aedc9a8638857
CRS-only,0,calc,0,ff39bc3190d76c5d1c0f4c886b34c5fd0af5e12b
CRS-only,0,calc,0,c1ef7179fe3c9952d19a2ff54dabe2056259ec58
CRS-only,0,calc,0,c51a3aebc5ffd84ff7213014e7af8c22dcb6a844
CRS-only,0,calc,0,1fd16a5b67d607e6a4627cfa2de631dc5d7bccc9
CRS-only,0,calc,0,f33b63c0bdc31d78cf78ab3de0329e7209d00e01
CG-Adaptive,1,search,1,ea70b045cafe4ecd6b556500ba518518c45b0b91
CG-Adaptive,1,search,1,9111ae75d337c39ac326b2a825b1e9f59f3b2f7b
CG-Adaptive,1,search,1,84b9d411e7ad98b45e3b7ac37a1366a29d9634f6
CG-Adaptive,1,search,1,116f50304a732573430159d0398fa05adfe8d5fb
CG-Adaptive,1,search,1,4ed8d614b35ee4705212138ede93b2080507f48c
CG-Adaptive,1,search,1,476ab40b04fcebbd5e6888627f8726de246ad904
CG-Adaptive,1,search,1,88175cf38d07df288e7e1f9f013dd666f44321e4
CG-Adaptive,1,search,1,0bdbf5884a6eb59b945f0ee8af4a578590579142
CG-Adaptive,1,search,1,5b023c0893c729ab07fe795fa884edb41cd14912
CG-Adaptive,1,search,1,16cd7d14fe3298fa545497f641a438decee3241e
CG-Adaptive,1,search,1,0f105f58c781bab93fa34978f5b727beccba4db4
CG-Adaptive,1,search,1,464fd362893f3a2c067792593dedf1d7c84b4252
CG-Adaptive,1,search,1,ee4338b42c3a3f889f7efdd9192405a522774138
CG-Adaptive,1,search,1,01cd272480e8069d316e2bf628dc9f06c56d5170
CG-Adaptive,1,search,1,75fcca9a2c44507ce76463ffc7ae556c0ebbb45d
CG-Adaptive,1,search,1,b1fd42fe628f5a3b9d9bebd3e191319f831d92ce
CG-Adaptive,1,search,1,b4b481d5c7b90c0a778d009104e86ca132acff2e
CG-Adaptive,1,calc,1,298a37c7d040603383d817c7132c1873c3f821fb
CG-Adaptive,1,calc,1,2140a46d693a21a970093daf681f92dccb106fe3
CG-Adaptive,1,calc,1,250d63150ea775cc404d57f8b68500028648525c
CG-Adaptive,1,calc,1,a5c07a9ead4d7794de818a71697ce0a65be368b0
CG-Adaptive,1,calc,1,a50c76412004697c73810f3ce8953159d71172cb
CG-Adaptive,1,calc,1,6ae5fc6aa62f2bb90fbc2d34570fdd28026e4d39
CG-Adaptive,1,calc,0,80bd94573c61061faf1b96dc032193c27017b90d
CG-Adaptive,1,calc,0,b34e47e61362fd738d789708ec48ac00a10ac1a9
CG-Adaptive,1,calc,1,9225df4ac68403c21babb265e7a4cc1bc82b03c4
CG-Adaptive,1,calc,1,8b32b47d5ff092974c5b2e6ad610c8fcb642f4fb
CG-Adaptive,1,calc,1,d4dbeeb374277fbb32dfed3e515d40a8f6db556e
CG-Adaptive,1,calc,1,33213458132f6a6d0123acff8ce5f714312aaf88
CG-Adaptive,1,calc,1,9db2124b035f5bd499f74dca60b80f17fd83dc14
CG-Adaptive,1,calc,1,cbeb625adfce1fd5ed7df62602cf09738bcea041
CG-Adaptive,1,calc,1,be0bff0a8e4a3d09e5b962f04f3f1b63b9a9d961
CG-Adaptive,1,calc,1,4f856fd02e2e97d5b7a82416c8d788b1e84f3d2c
CG-Adaptive,1,calc,1,036257153c6fa151e86711f96b91d2d866ba7083
CG-Adaptive,1,calc,1,06e8a95a1b6c407bd72aab67d6a817b87f5fe3cf
CG-Adaptive,1,calc,1,1aab7c29554e1c2d8fd010289c59e89c10d81f0f
CG-Adaptive,1,calc,1,d6ddb8beea61c5c740c76e0d9b469d47f5a468eb
CG-Adaptive,1,calc,1,91645321680370bfca91f0c8af04a430d1eac5cb
CG-Adaptive,1,calc,1,e086b2c10acad223f0b2250cf7745d81d6527457
CG-Adaptive,1,calc,1,0d2a25b391f27c2bea6f8532904aedc9a8638857
CG-Adaptive,1,calc,1,ff39bc3190d76c5d1c0f4c886b34c5fd0af5e12b
CG-Adaptive,1,calc,1,c1ef7179fe3c9952d19a2ff54dabe2056259ec58
CG-Adaptive,1,calc,1,c51a3aebc5ffd84ff7213014e7af8c22dcb6a844
CG-Adaptive,1,calc,0,1fd16a5b67d607e6a4627cfa2de631dc5d7bccc9
CG-Adaptive,1,calc,1,f33b63c0bdc31d78cf78ab3de0329e7209d00e01
CG-Adaptive,2,search,1,ea70b045cafe4ecd6b556500ba518518c45b0b91
CG-Adaptive,2,search,1,9111ae75d337c39ac326b2a825b1e9f59f3b2f7b
CG-Adaptive,2,search,1,84b9d411e7ad98b45e3b7ac37a1366a29d9634f6
CG-Adaptive,2,search,1,116f50304a732573430159d0398fa05adfe8d5fb
CG-Adaptive,2,search,1,4ed8d614b35ee4705212138ede93b2080507f48c
CG-Adaptive,2,search,1,476ab40b04fcebbd5e6888627f8726de246ad904
CG-Adaptive,2,search,1,88175cf38d07df288e7e1f9f013dd666f44321e4
CG-Adaptive,2,search,1,0bdbf5884a6eb59b945f0ee8af4a578590579142
CG-Adaptive,2,search,1,5b023c0893c729ab07fe795fa884edb41cd14912
CG-Adaptive,2,search,1,16cd7d14fe3298fa545497f641a438decee3241e
CG-Adaptive,2,search,1,0f105f58c781bab93fa34978f5b727beccba4db4
CG-Adaptive,2,search,1,464fd362893f3a2c067792593dedf1d7c84b4252
CG-Adaptive,2,search,1,ee4338b42c3a3f889f7efdd9192405a522774138
CG-Adaptive,2,search,1,01cd272480e8069d316e2bf628dc9f06c56d5170
CG-Adaptive,2,search,1,75fcca9a2c44507ce76463ffc7ae556c0ebbb45d
CG-Adaptive,2,search,1,b1fd42fe628f5a3b9d9bebd3e191319f831d92ce
CG-Adaptive,2,search,1,b4b481d5c7b90c0a778d009104e86ca132acff2e
CG-Adaptive,2,calc,1,298a37c7d040603383d817c7132c1873c3f821fb
CG-Adaptive,2,calc,1,2140a46d693a21a970093daf681f92dccb106fe3
CG-Adaptive,2,calc,1,250d63150ea775cc404d57f8b68500028648525c
CG-Adaptive,2,calc,1,a5c07a9ead4d7794de818a71697ce0a65be368b0
CG-Adaptive,2,calc,1,a50c76412004697c73810f3ce8953159d71172cb
CG-Adaptive,2,calc,1,6ae5fc6aa62f2bb90fbc2d34570fdd28026e4d39
CG-Adaptive,2,calc,1,80bd94573c61061faf1b96dc032193c27017b90d
CG-Adaptive,2,calc,1,b34e47e61362fd738d789708ec48ac00a10ac1a9
CG-Adaptive,2,calc,1,9225df4ac68403c21babb265e7a4cc1bc82b03c4
CG-Adaptive,2,calc,1,8b32b47d5ff092974c5b2e6ad610c8fcb642f4fb
CG-Adaptive,2,calc,1,d4dbeeb374277fbb32dfed3e515d40a8f6db556e
CG-Adaptive,2,calc,1,33213458132f6a6d0123acff8ce5f714312aaf88
CG-Adaptive,2,calc,1,9db2124b035f5bd499f74dca60b80f17fd83dc14
CG-Adaptive,2,calc,1,cbeb625adfce1fd5ed7df62602cf09738bcea041
CG-Adaptive,2,calc,1,be0bff0a8e4a3d09e5b962f04f3f1b63b9a9d961
CG-Adaptive,2,calc,1,4f856fd02e2e97d5b7a82416c8d788b1e84f3d2c
CG-Adaptive,2,calc,1,036257153c6fa151e86711f96b91d2d866ba7083
CG-Adaptive,2,calc,1,06e8a95a1b6c407bd72aab67d6a817b87f5fe3cf
CG-Adaptive,2,calc,1,1aab7c29554e1c2d8fd010289c59e89c10d81f0f
CG-Adaptive,2,calc,1,d6ddb8beea61c5c740c76e0d9b469d47f5a468eb
CG-Adaptive,2,calc,1,91645321680370bfca91f0c8af04a430d1eac5cb
CG-Adaptive,2,calc,1,e086b2c10acad223f0b2250cf7745d81d6527457
CG-Adaptive,2,calc,1,0d2a25b391f27c2bea6f8532904aedc9a8638857
CG-Adaptive,2,calc,1,ff39bc3190d76c5d1c0f4c886b34c5fd0af5e12b
CG-Adaptive,2,calc,1,c1ef7179fe3c9952d19a2ff54dabe2056259ec58
CG-Adaptive,2,calc,1,c51a3aebc5ffd84ff7213014e7af8c22dcb6a844
CG-Adaptive,2,calc,1,1fd16a5b67d607e6a4627cfa2de631dc5d7bccc9
CG-Adaptive,2,calc,1,f33b63c0bdc31d78cf78ab3de0329e7209d00e01
CG-Adaptive,3,search,1,ea70b045cafe4ecd6b556500ba518518c45b0b91
CG-Adaptive,3,search,1,9111ae75d337c39ac326b2a825b1e9f59f3b2f7b
CG-Adaptive,3,search,1,84b9d411e7ad98b45e3b7ac37a1366a29d9634f6
CG-Adaptive,3,search,1,116f50304a732573430159d0398fa05adfe8d5fb
CG-Adaptive,3,search,1,4ed8d614b35ee4705212138ede93b2080507f48c
CG-Adaptive,3,search,1,476ab40b04fcebbd5e6888627f8726de246ad904
CG-Adaptive,3,search,1,88175cf38d07df288e7e1f9f013dd666f44321e4
CG-Adaptive,3,search,1,0bdbf5884a6eb59b945f0ee8af4a578590579142
CG-Adaptive,3,search,1,5b023c0893c729ab07fe795fa884edb41cd14912
CG-Adaptive,3,search,1,16cd7d14fe3298fa545497f641a438decee3241e
CG-Adaptive,3,search,1,0f105f58c781bab93fa34978f5b727beccba4db4
CG-Adaptive,3,search,1,464fd362893f3a2c067792593dedf1d7c84b4252
CG-Adaptive,3,search,1,ee4338b42c3a3f889f7efdd9192405a522774138
CG-Adaptive,3,search,1,01cd272480e8069d316e2bf628dc9f06c56d5170
CG-Adaptive,3,search,1,75fcca9a2c44507ce76463ffc7ae556c0ebbb45d
CG-Adaptive,3,search,1,b1fd42fe628f5a3b9d9bebd3e191319f831d92ce
CG-Adaptive,3,search,1,b4b481d5c7b90c0a778d009104e86ca132acff2e
CG-Adaptive,3,calc,1,298a37c7d040603383d817c7132c1873c3f821fb
CG-Adaptive,3,calc,1,2140a46d693a21a970093daf681f92dccb106fe3
CG-Adaptive,3,calc,1,250d63150ea775cc404d57f8b68500028648525c
CG-Adaptive,3,calc,1,a5c07a9ead4d7794de818a71697ce0a65be368b0
CG-Adaptive,3,calc,1,a50c76412004697c73810f3ce8953159d71172cb
CG-Adaptive,3,calc,1,6ae5fc6aa62f2bb90fbc2d34570fdd28026e4d39
CG-Adaptive,3,calc,1,80bd94573c61061faf1b96dc032193c27017b90d
CG-Adaptive,3,calc,1,b34e47e61362fd738d789708ec48ac00a10ac1a9
CG-Adaptive,3,calc,1,9225df4ac68403c21babb265e7a4cc1bc82b03c4
CG-Adaptive,3,calc,1,8b32b47d5ff092974c5b2e6ad610c8fcb642f4fb
CG-Adaptive,3,calc,1,d4dbeeb374277fbb32dfed3e515d40a8f6db556e
CG-Adaptive,3,calc,1,33213458132f6a6d0123acff8ce5f714312aaf88
CG-Adaptive,3,calc,1,9db2124b035f5bd499f74dca60b80f17fd83dc14
CG-Adaptive,3,calc,1,cbeb625adfce1fd5ed7df62602cf09738bcea041
CG-Adaptive,3,calc,1,be0bff0a8e4a3d09e5b962f04f3f1b63b9a9d961
CG-Adaptive,3,calc,1,4f856fd02e2e97d5b7a82416c8d788b1e84f3d2c
CG-Adaptive,3,calc,1,036257153c6fa151e86711f96b91d2d866ba7083
CG-Adaptive,3,calc,1,06e8a95a1b6c407bd72aab67d6a817b87f5fe3cf
CG-Adaptive,3,calc,1,1aab7c29554e1c2d8fd010289c59e89c10d81f0f
CG-Adaptive,3,calc,1,d6ddb8beea61c5c740c76e0d9b469d47f5a468eb
CG-Adaptive,3,calc,1,91645321680370bfca91f0c8af04a430d1eac5cb
CG-Adaptive,3,calc,1,e086b2c10acad223f0b2250cf7745d81d6527457
CG-Adaptive,3,calc,1,0d2a25b391f27c2bea6f8532904aedc9a8638857
CG-Adaptive,3,calc,1,ff39bc3190d76c5d1c0f4c886b34c5fd0af5e12b
CG-Adaptive,3,calc,1,c1ef7179fe3c9952d19a2ff54dabe2056259ec58
CG-Adaptive,3,calc,1,c51a3aebc5ffd84ff7213014e7af8c22dcb6a844
CG-Adaptive,3,calc,1,1fd16a5b67d607e6a4627cfa2de631dc5d7bccc9
CG-Adaptive,3,calc,1,f33b63c0bdc31d78cf78ab3de0329e7209d00e01
CG-Adaptive,4,search,1,ea70b045cafe4ecd6b556500ba518518c45b0b91
CG-Adaptive,4,search,1,9111ae75d337c39ac326b2a825b1e9f59f3b2f7b
CG-Adaptive,4,search,1,84b9d411e7ad98b45e3b7ac37a1366a29d9634f6
CG-Adaptive,4,search,1,116f50304a732573430159d0398fa05adfe8d5fb
CG-Adaptive,4,search,1,4ed8d614b35ee4705212138ede93b2080507f48c
CG-Adaptive,4,search,1,476ab40b04fcebbd5e6888627f8726de246ad904
CG-Adaptive,4,search,1,88175cf38d07df288e7e1f9f013dd666f44321e4
CG-Adaptive,4,search,1,0bdbf5884a6eb59b945f0ee8af4a578590579142
CG-Adaptive,4,search,1,5b023c0893c729ab07fe795fa884edb41cd14912
CG-Adaptive,4,search,1,16cd7d14fe3298fa545497f641a438decee3241e
CG-Adaptive,4,search,1,0f105f58c781bab93fa34978f5b727beccba4db4
CG-Adaptive,4,search,1,464fd362893f3a2c067792593dedf1d7c84b4252
CG-Adaptive,4,search,1,ee4338b42c3a3f889f7efdd9192405a522774138
CG-Adaptive,4,search,1,01cd272480e8069d316e2bf628dc9f06c56d5170
CG-Adaptive,4,search,1,75fcca9a2c44507ce76463ffc7ae556c0ebbb45d
CG-Adaptive,4,search,1,b1fd42fe628f5a3b9d9bebd3e191319f831d92ce
CG-Adaptive,4,search,1,b4b481d5c7b90c0a778d009104e86ca132acff2e
CG-Adaptive,4,calc,1,298a37c7d040603383d817c7132c1873c3f821fb
CG-Adaptive,4,calc,1,2140a46d693a21a970093daf681f92dccb106fe3
CG-Adaptive,4,calc,1,250d63150ea775cc404d57f8b68500028648525c
CG-Adaptive,4,calc,1,a5c07a9ead4d7794de818a71697ce0a65be368b0
CG-Adaptive,4,calc,1,a50c76412004697c73810f3ce8953159d71172cb
CG-Adaptive,4,calc,1,6ae5fc6aa62f2bb90fbc2d34570fdd28026e4d39
CG-Adaptive,4,calc,1,80bd94573c61061faf1b96dc032193c27017b90d
CG-Adaptive,4,calc,1,b34e47e61362fd738d789708ec48ac00a10ac1a9
CG-Adaptive,4,calc,1,9225df4ac68403c21babb265e7a4cc1bc82b03c4
CG-Adaptive,4,calc,1,8b32b47d5ff092974c5b2e6ad610c8fcb642f4fb
CG-Adaptive,4,calc,1,d4dbeeb374277fbb32dfed3e515d40a8f6db556e
CG-Adaptive,4,calc,1,33213458132f6a6d0123acff8ce5f714312aaf88
CG-Adaptive,4,calc,1,9db2124b035f5bd499f74dca60b80f17fd83dc14
CG-Adaptive,4,calc,1,cbeb625adfce1fd5ed7df62602cf09738bcea041
CG-Adaptive,4,calc,1,be0bff0a8e4a3d09e5b962f04f3f1b63b9a9d961
CG-Adaptive,4,calc,1,4f856fd02e2e97d5b7a82416c8d788b1e84f3d2c
CG-Adaptive,4,calc,1,036257153c6fa151e86711f96b91d2d866ba7083
CG-Adaptive,4,calc,1,06e8a95a1b6c407bd72aab67d6a817b87f5fe3cf
CG-Adaptive,4,calc,1,1aab7c29554e1c2d8fd010289c59e89c10d81f0f
CG-Adaptive,4,calc,1,d6ddb8beea61c5c740c76e0d9b469d47f5a468eb
CG-Adaptive,4,calc,1,91645321680370bfca91f0c8af04a430d1eac5cb
CG-Adaptive,4,calc,1,e086b2c10acad223f0b2250cf7745d81d6527457
CG-Adaptive,4,calc,1,0d2a25b391f27c2bea6f8532904aedc9a8638857
CG-Adaptive,4,calc,1,ff39bc3190d76c5d1c0f4c886b34c5fd0af5e12b
CG-Adaptive,4,calc,1,c1ef7179fe3c9952d19a2ff54dabe2056259ec58
CG-Adaptive,4,calc,1,c51a3aebc5ffd84ff7213014e7af8c22dcb6a844
CG-Adaptive,4,calc,1,1fd16a5b67d607e6a4627cfa2de631dc5d7bccc9
CG-Adaptive,4,calc,1,f33b63c0bdc31d78cf78ab3de0329e7209d00e01
CG-Adaptive,5,search,1,ea70b045cafe4ecd6b556500ba518518c45b0b91
CG-Adaptive,5,search,1,9111ae75d337c39ac326b2a825b1e9f59f3b2f7b
CG-Adaptive,5,search,1,84b9d411e7ad98b45e3b7ac37a1366a29d9634f6
CG-Adaptive,5,search,1,116f50304a732573430159d0398fa05adfe8d5fb
CG-Adaptive,5,search,1,4ed8d614b35ee4705212138ede93b2080507f48c
CG-Adaptive,5,search,1,476ab40b04fcebbd5e6888627f8726de246ad904
CG-Adaptive,5,search,1,88175cf38d07df288e7e1f9f013dd666f44321e4
CG-Adaptive,5,search,1,0bdbf5884a6eb59b945f0ee8af4a578590579142
CG-Adaptive,5,search,1,5b023c0893c729ab07fe795fa884edb41cd14912
CG-Adaptive,5,search,1,16cd7d14fe3298fa545497f641a438decee3241e
CG-Adaptive,5,search,1,0f105f58c781bab93fa34978f5b727beccba4db4
CG-Adaptive,5,search,1,464fd362893f3a2c067792593dedf1d7c84b4252
CG-Adaptive,5,search,1,ee4338b42c3a3f889f7efdd9192405a522774138
CG-Adaptive,5,search,1,01cd272480e8069d316e2bf628dc9f06c56d5170
CG-Adaptive,5,search,1,75fcca9a2c44507ce76463ffc7ae556c0ebbb45d
CG-Adaptive,5,search,1,b1fd42fe628f5a3b9d9bebd3e191319f831d92ce
CG-Adaptive,5,search,1,b4b481d5c7b90c0a778d009104e86ca132acff2e
CG-Adaptive,5,calc,1,298a37c7d040603383d817c7132c1873c3f821fb
CG-Adaptive,5,calc,1,2140a46d693a21a970093daf681f92dccb106fe3
CG-Adaptive,5,calc,1,250d63150ea775cc404d57f8b68500028648525c
CG-Adaptive,5,calc,1,a5c07a9ead4d7794de818a71697ce0a65be368b0
CG-Adaptive,5,calc,1,a50c76412004697c73810f3ce8953159d71172cb
CG-Adaptive,5,calc,1,6ae5fc6aa62f2bb90fbc2d34570fdd28026e4d39
CG-Adaptive,5,calc,0,80bd94573c61061faf1b96dc032193c27017b90d
CG-Adaptive,5,calc,0,b34e47e61362fd738d789708ec48ac00a10ac1a9
CG-Adaptive,5,calc,1,9225df4ac68403c21babb265e7a4cc1bc82b03c4
CG-Adaptive,5,calc,1,8b32b47d5ff092974c5b2e6ad610c8fcb642f4fb
CG-Adaptive,5,calc,1,d4dbeeb374277fbb32dfed3e515d40a8f6db556e
CG-Adaptive,5,calc,1,33213458132f6a6d0123acff8ce5f714312aaf88
CG-Adaptive,5,calc,1,9db2124b035f5bd499f74dca60b80f17fd83dc14
CG-Adaptive,5,calc,1,cbeb625adfce1fd5ed7df62602cf09738bcea041
CG-Adaptive,5,calc,1,be0bff0a8e4a3d09e5b962f04f3f1b63b9a9d961
CG-Adaptive,5,calc,1,4f856fd02e2e97d5b7a82416c8d788b1e84f3d2c
CG-Adaptive,5,calc,1,036257153c6fa151e86711f96b91d2d866ba7083
CG-Adaptive,5,calc,1,06e8a95a1b6c407bd72aab67d6a817b87f5fe3cf
CG-Adaptive,5,calc,1,1aab7c29554e1c2d8fd010289c59e89c10d81f0f
CG-Adaptive,5,calc,1,d6ddb8beea61c5c740c76e0d9b469d47f5a468eb
CG-Adaptive,5,calc,1,91645321680370bfca91f0c8af04a430d1eac5cb
CG-Adaptive,5,calc,1,e086b2c10acad223f0b2250cf7745d81d6527457
CG-Adaptive,5,calc,1,0d2a25b391f27c2bea6f8532904aedc9a8638857
CG-Adaptive,5,calc,1,ff39bc3190d76c5d1c0f4c886b34c5fd0af5e12b
CG-Adaptive,5,calc,1,c1ef7179fe3c9952d19a2ff54dabe2056259ec58
CG-Adaptive,5,calc,1,c51a3aebc5ffd84ff7213014e7af8c22dcb6a844
CG-Adaptive,5,calc,0,1fd16a5b67d607e6a4627cfa2de631dc5d7bccc9
CG-Adaptive,5,calc,1,f33b63c0bdc31d78cf78ab3de0329e7209d00e01
CG-Adaptive,6,search,1,ea70b045cafe4ecd6b556500ba518518c45b0b91
CG-Adaptive,6,search,1,9111ae75d337c39ac326b2a825b1e9f59f3b2f7b
CG-Adaptive,6,search,1,84b9d411e7ad98b45e3b7ac37a1366a29d9634f6
CG-Adaptive,6,search,1,116f50304a732573430159d0398fa05adfe8d5fb
CG-Adaptive,6,search,1,4ed8d614b35ee4705212138ede93b2080507f48c
CG-Adaptive,6,search,1,476ab40b04fcebbd5e6888627f8726de246ad904
CG-Adaptive,6,search,1,88175cf38d07df288e7e1f9f013dd666f44321e4
CG-Adaptive,6,search,1,0bdbf5884a6eb59b945f0ee8af4a578590579142
CG-Adaptive,6,search,1,5b023c0893c729ab07fe795fa884edb41cd14912
CG-Adaptive,6,search,1,16cd7d14fe3298fa545497f641a438decee3241e
CG-Adaptive,6,search,1,0f105f58c781bab93fa34978f5b727beccba4db4
CG-Adaptive,6,search,1,464fd362893f3a2c067792593dedf1d7c84b4252
CG-Adaptive,6,search,1,ee4338b42c3a3f889f7efdd9192405a522774138
CG-Adaptive,6,search,1,01cd272480e8069d316e2bf628dc9f06c56d5170
CG-Adaptive,6,search,1,75fcca9a2c44507ce76463ffc7ae556c0ebbb45d
CG-Adaptive,6,search,1,b1fd42fe628f5a3b9d9bebd3e191319f831d92ce
CG-Adaptive,6,search,1,b4b481d5c7b90c0a778d009104e86ca132acff2e
CG-Adaptive,6,calc,1,298a37c7d040603383d817c7132c1873c3f821fb
CG-Adaptive,6,calc,1,2140a46d693a21a970093daf681f92dccb106fe3
CG-Adaptive,6,calc,1,250d63150ea775cc404d57f8b68500028648525c
CG-Adaptive,6,calc,1,a5c07a9ead4d7794de818a71697ce0a65be368b0
CG-Adaptive,6,calc,1,a50c76412004697c73810f3ce8953159d71172cb
CG-Adaptive,6,calc,1,6ae5fc6aa62f2bb90fbc2d34570fdd28026e4d39
CG-Adaptive,6,calc,0,80bd94573c61061faf1b96dc032193c27017b90d
CG-Adaptive,6,calc,0,b34e47e61362fd738d789708ec48ac00a10ac1a9
CG-Adaptive,6,calc,1,9225df4ac68403c21babb265e7a4cc1bc82b03c4
CG-Adaptive,6,calc,1,8b32b47d5ff092974c5b2e6ad610c8fcb642f4fb
CG-Adaptive,6,calc,1,d4dbeeb374277fbb32dfed3e515d40a8f6db556e
CG-Adaptive,6,calc,1,33213458132f6a6d0123acff8ce5f714312aaf88
CG-Adaptive,6,calc,1,9db2124b035f5bd499f74dca60b80f17fd83dc14
CG-Adaptive,6,calc,1,cbeb625adfce1fd5ed7df62602cf09738bcea041
CG-Adaptive,6,calc,1,be0bff0a8e4a3d09e5b962f04f3f1b63b9a9d961
CG-Adaptive,6,calc,1,4f856fd02e2e97d5b7a82416c8d788b1e84f3d2c
CG-Adaptive,6,calc,1,036257153c6fa151e86711f96b91d2d866ba7083
CG-Adaptive,6,calc,1,06e8a95a1b6c407bd72aab67d6a817b87f5fe3cf
CG-Adaptive,6,calc,1,1aab7c29554e1c2d8fd010289c59e89c10d81f0f
CG-Adaptive,6,calc,1,d6ddb8beea61c5c740c76e0d9b469d47f5a468eb
CG-Adaptive,6,calc,1,91645321680370bfca91f0c8af04a430d1eac5cb
CG-Adaptive,6,calc,1,e086b2c10acad223f0b2250cf7745d81d6527457
CG-Adaptive,6,calc,1,0d2a25b391f27c2bea6f8532904aedc9a8638857
CG-Adaptive,6,calc,1,ff39bc3190d76c5d1c0f4c886b34c5fd0af5e12b
CG-Adaptive,6,calc,1,c1ef7179fe3c9952d19a2ff54dabe2056259ec58
CG-Adaptive,6,calc,1,c51a3aebc5ffd84ff7213014e7af8c22dcb6a844
CG-Adaptive,6,calc,0,1fd16a5b67d607e6a4627cfa2de631dc5d7bccc9
CG-Adaptive,6,calc,1,f33b63c0bdc31d78cf78ab3de0329e7209d00e01
CG-Adaptive,7,search,1,ea70b045cafe4ecd6b556500ba518518c45b0b91
CG-Adaptive,7,search,1,9111ae75d337c39ac326b2a825b1e9f59f3b2f7b
CG-Adaptive,7,search,1,84b9d411e7ad98b45e3b7ac37a1366a29d9634f6
CG-Adaptive,7,search,1,116f50304a732573430159d0398fa05adfe8d5fb
CG-Adaptive,7,search,1,4ed8d614b35ee4705212138ede93b2080507f48c
CG-Adaptive,7,search,1,476ab40b04fcebbd5e6888627f8726de246ad904
CG-Adaptive,7,search,1,88175cf38d07df288e7e1f9f013dd666f44321e4
CG-Adaptive,7,search,1,0bdbf5884a6eb59b945f0ee8af4a578590579142
CG-Adaptive,7,search,1,5b023c0893c729ab07fe795fa884edb41cd14912
CG-Adaptive,7,search,1,16cd7d14fe3298fa545497f641a438decee3241e
CG-Adaptive,7,search,1,0f105f58c781bab93fa34978f5b727beccba4db4
CG-Adaptive,7,search,1,464fd362893f3a2c067792593dedf1d7c84b4252
CG-Adaptive,7,search,1,ee4338b42c3a3f889f7efdd9192405a522774138
CG-Adaptive,7,search,1,01cd272480e8069d316e2bf628dc9f06c56d5170
CG-Adaptive,7,search,1,75fcca9a2c44507ce76463ffc7ae556c0ebbb45d
CG-Adaptive,7,search,1,b1fd42fe628f5a3b9d9bebd3e191319f831d92ce
CG-Adaptive,7,search,1,b4b481d5c7b90c0a778d009104e86ca132acff2e
CG-Adaptive,7,calc,1,298a37c7d040603383d817c7132c1873c3f821fb
CG-Adaptive,7,calc,1,2140a46d693a21a970093daf681f92dccb106fe3
CG-Adaptive,7,calc,1,250d63150ea775cc404d57f8b68500028648525c
CG-Adaptive,7,calc,1,a5c07a9ead4d7794de818a71697ce0a65be368b0
CG-Adaptive,7,calc,1,a50c76412004697c73810f3ce8953159d71172cb
CG-Adaptive,7,calc,1,6ae5fc6aa62f2bb90fbc2d34570fdd28026e4d39
CG-Adaptive,7,calc,0,80bd94573c61061faf1b96dc032193c27017b90d
CG-Adaptive,7,calc,0,b34e47e61362fd738d789708ec48ac00a10ac1a9
CG-Adaptive,7,calc,1,9225df4ac68403c21babb265e7a4cc1bc82b03c4
CG-Adaptive,7,calc,1,8b32b47d5ff092974c5b2e6ad610c8fcb642f4fb
CG-Adaptive,7,calc,1,d4dbeeb374277fbb32dfed3e515d40a8f6db556e
CG-Adaptive,7,calc,1,33213458132f6a6d0123acff8ce5f714312aaf88
CG-Adaptive,7,calc,1,9db2124b035f5bd499f74dca60b80f17fd83dc14
CG-Adaptive,7,calc,1,cbeb625adfce1fd5ed7df62602cf09738bcea041
CG-Adaptive,7,calc,1,be0bff0a8e4a3d09e5b962f04f3f1b63b9a9d961
CG-Adaptive,7,calc,1,4f856fd02e2e97d5b7a82416c8d788b1e84f3d2c
CG-Adaptive,7,calc,1,036257153c6fa151e86711f96b91d2d866ba7083
CG-Adaptive,7,calc,1,06e8a95a1b6c407bd72aab67d6a817b87f5fe3cf
CG-Adaptive,7,calc,1,1aab7c29554e1c2d8fd010289c59e89c10d81f0f
CG-Adaptive,7,calc,1,d6ddb8beea61c5c740c76e0d9b469d47f5a468eb
CG-Adaptive,7,calc,1,91645321680370bfca91f0c8af04a430d1eac5cb
CG-Adaptive,7,calc,1,e086b2c10acad223f0b2250cf7745d81d6527457
CG-Adaptive,7,calc,1,0d2a25b391f27c2bea6f8532904aedc9a8638857
CG-Adaptive,7,calc,1,ff39bc3190d76c5d1c0f4c886b34c5fd0af5e12b
CG-Adaptive,7,calc,1,c1ef7179fe3c9952d19a2ff54dabe2056259ec58
CG-Adaptive,7,calc,1,c51a3aebc5ffd84ff7213014e7af8c22dcb6a844
CG-Adaptive,7,calc,0,1fd16a5b67d607e6a4627cfa2de631dc5d7bccc9
CG-Adaptive,7,calc,1,f33b63c0bdc31d78cf78ab3de0329e7209d00e01
CG-Adaptive,8,search,1,ea70b045cafe4ecd6b556500ba518518c45b0b91
CG-Adaptive,8,search,1,9111ae75d337c39ac326b2a825b1e9f59f3b2f7b
CG-Adaptive,8,search,1,84b9d411e7ad98b45e3b7ac37a1366a29d9634f6
CG-Adaptive,8,search,1,116f50304a732573430159d0398fa05adfe8d5fb
CG-Adaptive,8,search,1,4ed8d614b35ee4705212138ede93b2080507f48c
CG-Adaptive,8,search,1,476ab40b04fcebbd5e6888627f8726de246ad904
CG-Adaptive,8,search,1,88175cf38d07df288e7e1f9f013dd666f44321e4
CG-Adaptive,8,search,1,0bdbf5884a6eb59b945f0ee8af4a578590579142
CG-Adaptive,8,search,1,5b023c0893c729ab07fe795fa884edb41cd14912
CG-Adaptive,8,search,1,16cd7d14fe3298fa545497f641a438decee3241e
CG-Adaptive,8,search,1,0f105f58c781bab93fa34978f5b727beccba4db4
CG-Adaptive,8,search,1,464fd362893f3a2c067792593dedf1d7c84b4252
CG-Adaptive,8,search,1,ee4338b42c3a3f889f7efdd9192405a522774138
CG-Adaptive,8,search,1,01cd272480e8069d316e2bf628dc9f06c56d5170
CG-Adaptive,8,search,1,75fcca9a2c44507ce76463ffc7ae556c0ebbb45d
CG-Adaptive,8,search,1,b1fd42fe628f5a3b9d9bebd3e191319f831d92ce
CG-Adaptive,8,search,1,b4b481d5c7b90c0a778d009104e86ca132acff2e
CG-Adaptive,8,calc,1,298a37c7d040603383d817c7132c1873c3f821fb
CG-Adaptive,8,calc,1,2140a46d693a21a970093daf681f92dccb106fe3
CG-Adaptive,8,calc,1,250d63150ea775cc404d57f8b68500028648525c
CG-Adaptive,8,calc,1,a5c07a9ead4d7794de818a71697ce0a65be368b0
CG-Adaptive,8,calc,1,a50c76412004697c73810f3ce8953159d71172cb
CG-Adaptive,8,calc,1,6ae5fc6aa62f2bb90fbc2d34570fdd28026e4d39
CG-Adaptive,8,calc,0,80bd94573c61061faf1b96dc032193c27017b90d
CG-Adaptive,8,calc,0,b34e47e61362fd738d789708ec48ac00a10ac1a9
CG-Adaptive,8,calc,1,9225df4ac68403c21babb265e7a4cc1bc82b03c4
CG-Adaptive,8,calc,1,8b32b47d5ff092974c5b2e6ad610c8fcb642f4fb
CG-Adaptive,8,calc,1,d4dbeeb374277fbb32dfed3e515d40a8f6db556e
CG-Adaptive,8,calc,1,33213458132f6a6d0123acff8ce5f714312aaf88
CG-Adaptive,8,calc,1,9db2124b035f5bd499f74dca60b80f17fd83dc14
CG-Adaptive,8,calc,1,cbeb625adfce1fd5ed7df62602cf09738bcea041
CG-Adaptive,8,calc,1,be0bff0a8e4a3d09e5b962f04f3f1b63b9a9d961
CG-Adaptive,8,calc,1,4f856fd02e2e97d5b7a82416c8d788b1e84f3d2c
CG-Adaptive,8,calc,1,036257153c6fa151e86711f96b91d2d866ba7083
CG-Adaptive,8,calc,1,06e8a95a1b6c407bd72aab67d6a817b87f5fe3cf
CG-Adaptive,8,calc,1,1aab7c29554e1c2d8fd010289c59e89c10d81f0f
CG-Adaptive,8,calc,1,d6ddb8beea61c5c740c76e0d9b469d47f5a468eb
CG-Adaptive,8,calc,1,91645321680370bfca91f0c8af04a430d1eac5cb
CG-Adaptive,8,calc,1,e086b2c10acad223f0b2250cf7745d81d6527457
CG-Adaptive,8,calc,1,0d2a25b391f27c2bea6f8532904aedc9a8638857
CG-Adaptive,8,calc,1,ff39bc3190d76c5d1c0f4c886b34c5fd0af5e12b
CG-Adaptive,8,calc,1,c1ef7179fe3c9952d19a2ff54dabe2056259ec58
CG-Adaptive,8,calc,1,c51a3aebc5ffd84ff7213014e7af8c22dcb6a844
CG-Adaptive,8,calc,0,1fd16a5b67d607e6a4627cfa2de631dc5d7bccc9
CG-Adaptive,8,calc,1,f33b63c0bdc31d78cf78ab3de0329e7209d00e01
CG-Adaptive,9,search,1,ea70b045cafe4ecd6b556500ba518518c45b0b91
CG-Adaptive,9,search,1,9111ae75d337c39ac326b2a825b1e9f59f3b2f7b
CG-Adaptive,9,search,1,84b9d411e7ad98b45e3b7ac37a1366a29d9634f6
CG-Adaptive,9,search,1,116f50304a732573430159d0398fa05adfe8d5fb
CG-Adaptive,9,search,1,4ed8d614b35ee4705212138ede93b2080507f48c
CG-Adaptive,9,search,1,476ab40b04fcebbd5e6888627f8726de246ad904
CG-Adaptive,9,search,1,88175cf38d07df288e7e1f9f013dd666f44321e4
CG-Adaptive,9,search,1,0bdbf5884a6eb59b945f0ee8af4a578590579142
CG-Adaptive,9,search,1,5b023c0893c729ab07fe795fa884edb41cd14912
CG-Adaptive,9,search,1,16cd7d14fe3298fa545497f641a438decee3241e
CG-Adaptive,9,search,1,0f105f58c781bab93fa34978f5b727beccba4db4
CG-Adaptive,9,search,1,464fd362893f3a2c067792593dedf1d7c84b4252
CG-Adaptive,9,search,1,ee4338b42c3a3f889f7efdd9192405a522774138
CG-Adaptive,9,search,1,01cd272480e8069d316e2bf628dc9f06c56d5170
CG-Adaptive,9,search,1,75fcca9a2c44507ce76463ffc7ae556c0ebbb45d
CG-Adaptive,9,search,1,b1fd42fe628f5a3b9d9bebd3e191319f831d92ce
CG-Adaptive,9,search,1,b4b481d5c7b90c0a778d009104e86ca132acff2e
CG-Adaptive,9,calc,1,298a37c7d040603383d817c7132c1873c3f821fb
CG-Adaptive,9,calc,1,2140a46d693a21a970093daf681f92dccb106fe3
CG-Adaptive,9,calc,1,250d63150ea775cc404d57f8b68500028648525c
CG-Adaptive,9,calc,1,a5c07a9ead4d7794de818a71697ce0a65be368b0
CG-Adaptive,9,calc,1,a50c76412004697c73810f3ce8953159d71172cb
CG-Adaptive,9,calc,1,6ae5fc6aa62f2bb90fbc2d34570fdd28026e4d39
CG-Adaptive,9,calc,1,80bd94573c61061faf1b96dc032193c27017b90d
CG-Adaptive,9,calc,1,b34e47e61362fd738d789708ec48ac00a10ac1a9
CG-Adaptive,9,calc,1,9225df4ac68403c21babb265e7a4cc1bc82b03c4
CG-Adaptive,9,calc,1,8b32b47d5ff092974c5b2e6ad610c8fcb642f4fb
CG-Adaptive,9,calc,1,d4dbeeb374277fbb32dfed3e515d40a8f6db556e
CG-Adaptive,9,calc,1,33213458132f6a6d0123acff8ce5f714312aaf88
CG-Adaptive,9,calc,1,9db2124b035f5bd499f74dca60b80f17fd83dc14
CG-Adaptive,9,calc,1,cbeb625adfce1fd5ed7df62602cf09738bcea041
CG-Adaptive,9,calc,1,be0bff0a8e4a3d09e5b962f04f3f1b63b9a9d961
CG-Adaptive,9,calc,1,4f856fd02e2e97d5b7a82416c8d788b1e84f3d2c
CG-Adaptive,9,calc,1,036257153c6fa151e86711f96b91d2d866ba7083
CG-Adaptive,9,calc,1,06e8a95a1b6c407bd72aab67d6a817b87f5fe3cf
CG-Adaptive,9,calc,1,1aab7c29554e1c2d8fd010289c59e89c10d81f0f
CG-Adaptive,9,calc,1,d6ddb8beea61c5c740c76e0d9b469d47f5a468eb
CG-Adaptive,9,calc,1,91645321680370bfca91f0c8af04a430d1eac5cb
CG-Adaptive,9,calc,1,e086b2c10acad223f0b2250cf7745d81d6527457
CG-Adaptive,9,calc,1,0d2a25b391f27c2bea6f8532904aedc9a8638857
CG-Adaptive,9,calc,1,ff39bc3190d76c5d1c0f4c886b34c5fd0af5e12b
CG-Adaptive,9,calc,1,c1ef7179fe3c9952d19a2ff54dabe2056259ec58
CG-Adaptive,9,calc,1,c51a3aebc5ffd84ff7213014e7af8c22dcb6a844
CG-Adaptive,9,calc,1,1fd16a5b67d607e6a4627cfa2de631dc5d7bccc9
CG-Adaptive,9,calc,1,f33b63c0bdc31d78cf78ab3de0329e7209d00e01
CG-Adaptive,10,search,1,ea70b045cafe4ecd6b556500ba518518c45b0b91
CG-Adaptive,10,search,1,9111ae75d337c39ac326b2a825b1e9f59f3b2f7b
CG-Adaptive,10,search,1,84b9d411e7ad98b45e3b7ac37a1366a29d9634f6
CG-Adaptive,10,search,1,116f50304a732573430159d0398fa05adfe8d5fb
CG-Adaptive,10,search,1,4ed8d614b35ee4705212138ede93b2080507f48c
CG-Adaptive,10,search,1,476ab40b04fcebbd5e6888627f8726de246ad904
CG-Adaptive,10,search,1,88175cf38d07df288e7e1f9f013dd666f44321e4
CG-Adaptive,10,search,1,0bdbf5884a6eb59b945f0ee8af4a578590579142
CG-Adaptive,10,search,1,5b023c0893c729ab07fe795fa884edb41cd14912
CG-Adaptive,10,search,1,16cd7d14fe3298fa545497f641a438decee3241e
CG-Adaptive,10,search,1,0f105f58c781bab93fa34978f5b727beccba4db4
CG-Adaptive,10,search,1,464fd362893f3a2c067792593dedf1d7c84b4252
CG-Adaptive,10,search,1,ee4338b42c3a3f889f7efdd9192405a522774138
CG-Adaptive,10,search,1,01cd272480e8069d316e2bf628dc9f06c56d5170
CG-Adaptive,10,search,1,75fcca9a2c44507ce76463ffc7ae556c0ebbb45d
CG-Adaptive,10,search,1,b1fd42fe628f5a3b9d9bebd3e191319f831d92ce
CG-Adaptive,10,search,1,b4b481d5c7b90c0a778d009104e86ca132acff2e
CG-Adaptive,10,calc,1,298a37c7d040603383d817c7132c1873c3f821fb
CG-Adaptive,10,calc,1,2140a46d693a21a970093daf681f92dccb106fe3
CG-Adaptive,10,calc,1,250d63150ea775cc404d57f8b68500028648525c
CG-Adaptive,10,calc,1,a5c07a9ead4d7794de818a71697ce0a65be368b0
CG-Adaptive,10,calc,1,a50c76412004697c73810f3ce8953159d71172cb
CG-Adaptive,10,calc,1,6ae5fc6aa62f2bb90fbc2d34570fdd28026e4d39
CG-Adaptive,10,calc,0,80bd94573c61061faf1b96dc032193c27017b90d
CG-Adaptive,10,calc,0,b34e47e61362fd738d789708ec48ac00a10ac1a9
CG-Adaptive,10,calc,1,9225df4ac68403c21babb265e7a4cc1bc82b03c4
CG-Adaptive,10,calc,1,8b32b47d5ff092974c5b2e6ad610c8fcb642f4fb
CG-Adaptive,10,calc,1,d4dbeeb374277fbb32dfed3e515d40a8f6db556e
CG-Adaptive,10,calc,1,33213458132f6a6d0123acff8ce5f714312aaf88
CG-Adaptive,10,calc,1,9db2124b035f5bd499f74dca60b80f17fd83dc14
CG-Adaptive,10,calc,1,cbeb625adfce1fd5ed7df62602cf09738bcea041
CG-Adaptive,10,calc,1,be0bff0a8e4a3d09e5b962f04f3f1b63b9a9d961
CG-Adaptive,10,calc,1,4f856fd02e2e97d5b7a82416c8d788b1e84f3d2c
CG-Adaptive,10,calc,1,036257153c6fa151e86711f96b91d2d866ba7083
CG-Adaptive,10,calc,1,06e8a95a1b6c407bd72aab67d6a817b87f5fe3cf
CG-Adaptive,10,calc,1,1aab7c29554e1c2d8fd010289c59e89c10d81f0f
CG-Adaptive,10,calc,1,d6ddb8beea61c5c740c76e0d9b469d47f5a468eb
CG-Adaptive,10,calc,1,91645321680370bfca91f0c8af04a430d1eac5cb
CG-Adaptive,10,calc,1,e086b2c10acad223f0b2250cf7745d81d6527457
CG-Adaptive,10,calc,1,0d2a25b391f27c2bea6f8532904aedc9a8638857
CG-Adaptive,10,calc,1,ff39bc3190d76c5d1c0f4c886b34c5fd0af5e12b
CG-Adaptive,10,calc,1,c1ef7179fe3c9952d19a2ff54dabe2056259ec58
CG-Adaptive,10,calc,1,c51a3aebc5ffd84ff7213014e7af8c22dcb6a844
CG-Adaptive,10,calc,0,1fd16a5b67d607e6a4627cfa2de631dc5d7bccc9
CG-Adaptive,10,calc,1,f33b63c0bdc31d78cf78ab3de0329e7209d00e01
CG-Static,1,search,1,ea70b045cafe4ecd6b556500ba518518c45b0b91
CG-Static,1,search,1,9111ae75d337c39ac326b2a825b1e9f59f3b2f7b
CG-Static,1,search,1,84b9d411e7ad98b45e3b7ac37a1366a29d9634f6
CG-Static,1,search,1,116f50304a732573430159d0398fa05adfe8d5fb
CG-Static,1,search,1,4ed8d614b35ee4705212138ede93b2080507f48c
CG-Static,1,search,1,476ab40b04fcebbd5e6888627f8726de246ad904
CG-Static,1,search,1,88175cf38d07df288e7e1f9f013dd666f44321e4
CG-Static,1,search,1,0bdbf5884a6eb59b945f0ee8af4a578590579142
CG-Static,1,search,1,5b023c0893c729ab07fe795fa884edb41cd14912
CG-Static,1,search,1,16cd7d14fe3298fa545497f641a438decee3241e
CG-Static,1,search,1,0f105f58c781bab93fa34978f5b727beccba4db4
CG-Static,1,search,1,464fd362893f3a2c067792593dedf1d7c84b4252
CG-Static,1,search,1,ee4338b42c3a3f889f7efdd9192405a522774138
CG-Static,1,search,1,01cd272480e8069d316e2bf628dc9f06c56d5170
CG-Static,1,search,1,75fcca9a2c44507ce76463ffc7ae556c0ebbb45d
CG-Static,1,search,1,b1fd42fe628f5a3b9d9bebd3e191319f831d92ce
CG-Static,1,search,1,b4b481d5c7b90c0a778d009104e86ca132acff2e
CG-Static,1,calc,1,298a37c7d040603383d817c7132c1873c3f821fb
CG-Static,1,calc,1,2140a46d693a21a970093daf681f92dccb106fe3
CG-Static,1,calc,1,250d63150ea775cc404d57f8b68500028648525c
CG-Static,1,calc,1,a5c07a9ead4d7794de818a71697ce0a65be368b0
CG-Static,1,calc,1,a50c76412004697c73810f3ce8953159d71172cb
CG-Static,1,calc,1,6ae5fc6aa62f2bb90fbc2d34570fdd28026e4d39
CG-Static,1,calc,0,80bd94573c61061faf1b96dc032193c27017b90d
CG-Static,1,calc,0,b34e47e61362fd738d789708ec48ac00a10ac1a9
CG-Static,1,calc,1,9225df4ac68403c21babb265e7a4cc1bc82b03c4
CG-Static,1,calc,1,8b32b47d5ff092974c5b2e6ad610c8fcb642f4fb
CG-Static,1,calc,1,d4dbeeb374277fbb32dfed3e515d40a8f6db556e
CG-Static,1,calc,1,33213458132f6a6d0123acff8ce5f714312aaf88
CG-Static,1,calc,1,9db2124b035f5bd499f74dca60b80f17fd83dc14
CG-Static,1,calc,1,cbeb625adfce1fd5ed7df62602cf09738bcea041
CG-Static,1,calc,1,be0bff0a8e4a3d09e5b962f04f3f1b63b9a9d961
CG-Static,1,calc,1,4f856fd02e2e97d5b7a82416c8d788b1e84f3d2c
CG-Static,1,calc,1,036257153c6fa151e86711f96b91d2d866ba7083
CG-Static,1,calc,1,06e8a95a1b6c407bd72aab67d6a817b87f5fe3cf
CG-Static,1,calc,1,1aab7c29554e1c2d8fd010289c59e89c10d81f0f
CG-Static,1,calc,1,d6ddb8beea61c5c740c76e0d9b469d47f5a468eb
CG-Static,1,calc,1,91645321680370bfca91f0c8af04a430d1eac5cb
CG-Static,1,calc,1,e086b2c10acad223f0b2250cf7745d81d6527457
CG-Static,1,calc,1,0d2a25b391f27c2bea6f8532904aedc9a8638857
CG-Static,1,calc,1,ff39bc3190d76c5d1c0f4c886b34c5fd0af5e12b
CG-Static,1,calc,1,c1ef7179fe3c9952d19a2ff54dabe2056259ec58
CG-Static,1,calc,1,c51a3aebc5ffd84ff7213014e7af8c22dcb6a844
CG-Static,1,calc,0,1fd16a5b67d607e6a4627cfa2de631dc5d7bccc9
CG-Static,1,calc,1,f33b63c0bdc31d78cf78ab3de0329e7209d00e01
CG-Static,2,search,1,ea70b045cafe4ecd6b556500ba518518c45b0b91
CG-Static,2,search,1,9111ae75d337c39ac326b2a825b1e9f59f3b2f7b
CG-Static,2,search,1,84b9d411e7ad98b45e3b7ac37a1366a29d9634f6
CG-Static,2,search,1,116f50304a732573430159d0398fa05adfe8d5fb
CG-Static,2,search,1,4ed8d614b35ee4705212138ede93b2080507f48c
CG-Static,2,search,1,476ab40b04fcebbd5e6888627f8726de246ad904
CG-Static,2,search,1,88175cf38d07df288e7e1f9f013dd666f44321e4
CG-Static,2,search,1,0bdbf5884a6eb59b945f0ee8af4a578590579142
CG-Static,2,search,1,5b023c0893c729ab07fe795fa884edb41cd14912
CG-Static,2,search,1,16cd7d14fe3298fa545497f641a438decee3241e
CG-Static,2,search,1,0f105f58c781bab93fa34978f5b727beccba4db4
CG-Static,2,search,1,464fd362893f3a2c067792593dedf1d7c84b4252
CG-Static,2,search,1,ee4338b42c3a3f889f7efdd9192405a522774138
CG-Static,2,search,1,01cd272480e8069d316e2bf628dc9f06c56d5170
CG-Static,2,search,1,75fcca9a2c44507ce76463ffc7ae556c0ebbb45d
CG-Static,2,search,1,b1fd42fe628f5a3b9d9bebd3e191319f831d92ce
CG-Static,2,search,1,b4b481d5c7b90c0a778d009104e86ca132acff2e
CG-Static,2,calc,1,298a37c7d040603383d817c7132c1873c3f821fb
CG-Static,2,calc,1,2140a46d693a21a970093daf681f92dccb106fe3
CG-Static,2,calc,1,250d63150ea775cc404d57f8b68500028648525c
CG-Static,2,calc,1,a5c07a9ead4d7794de818a71697ce0a65be368b0
CG-Static,2,calc,1,a50c76412004697c73810f3ce8953159d71172cb
CG-Static,2,calc,1,6ae5fc6aa62f2bb90fbc2d34570fdd28026e4d39
CG-Static,2,calc,0,80bd94573c61061faf1b96dc032193c27017b90d
CG-Static,2,calc,0,b34e47e61362fd738d789708ec48ac00a10ac1a9
CG-Static,2,calc,1,9225df4ac68403c21babb265e7a4cc1bc82b03c4
CG-Static,2,calc,1,8b32b47d5ff092974c5b2e6ad610c8fcb642f4fb
CG-Static,2,calc,1,d4dbeeb374277fbb32dfed3e515d40a8f6db556e
CG-Static,2,calc,1,33213458132f6a6d0123acff8ce5f714312aaf88
CG-Static,2,calc,1,9db2124b035f5bd499f74dca60b80f17fd83dc14
CG-Static,2,calc,1,cbeb625adfce1fd5ed7df62602cf09738bcea041
CG-Static,2,calc,1,be0bff0a8e4a3d09e5b962f04f3f1b63b9a9d961
CG-Static,2,calc,1,4f856fd02e2e97d5b7a82416c8d788b1e84f3d2c
CG-Static,2,calc,1,036257153c6fa151e86711f96b91d2d866ba7083
CG-Static,2,calc,1,06e8a95a1b6c407bd72aab67d6a817b87f5fe3cf
CG-Static,2,calc,1,1aab7c29554e1c2d8fd010289c59e89c10d81f0f
CG-Static,2,calc,1,d6ddb8beea61c5c740c76e0d9b469d47f5a468eb
CG-Static,2,calc,1,91645321680370bfca91f0c8af04a430d1eac5cb
CG-Static,2,calc,1,e086b2c10acad223f0b2250cf7745d81d6527457
CG-Static,2,calc,1,0d2a25b391f27c2bea6f8532904aedc9a8638857
CG-Static,2,calc,1,ff39bc3190d76c5d1c0f4c886b34c5fd0af5e12b
CG-Static,2,calc,1,c1ef7179fe3c9952d19a2ff54dabe2056259ec58
CG-Static,2,calc,1,c51a3aebc5ffd84ff7213014e7af8c22dcb6a844
CG-Static,2,calc,0,1fd16a5b67d607e6a4627cfa2de631dc5d7bccc9
CG-Static,2,calc,1,f33b63c0bdc31d78cf78ab3de0329e7209d00e01
CG-Static,3,search,1,ea70b045cafe4ecd6b556500ba518518c45b0b91
CG-Static,3,search,1,9111ae75d337c39ac326b2a825b1e9f59f3b2f7b
CG-Static,3,search,1,84b9d411e7ad98b45e3b7ac37a1366a29d9634f6
CG-Static,3,search,1,116f50304a732573430159d0398fa05adfe8d5fb
CG-Static,3,search,1,4ed8d614b35ee4705212138ede93b2080507f48c
CG-Static,3,search,1,476ab40b04fcebbd5e6888627f8726de246ad904
CG-Static,3,search,1,88175cf38d07df288e7e1f9f013dd666f44321e4
CG-Static,3,search,1,0bdbf5884a6eb59b945f0ee8af4a578590579142
CG-Static,3,search,1,5b023c0893c729ab07fe795fa884edb41cd14912
CG-Static,3,search,1,16cd7d14fe3298fa545497f641a438decee3241e
CG-Static,3,search,1,0f105f58c781bab93fa34978f5b727beccba4db4
CG-Static,3,search,1,464fd362893f3a2c067792593dedf1d7c84b4252
CG-Static,3,search,1,ee4338b42c3a3f889f7efdd9192405a522774138
CG-Static,3,search,1,01cd272480e8069d316e2bf628dc9f06c56d5170
CG-Static,3,search,1,75fcca9a2c44507ce76463ffc7ae556c0ebbb45d
CG-Static,3,search,1,b1fd42fe628f5a3b9d9bebd3e191319f831d92ce
CG-Static,3,search,1,b4b481d5c7b90c0a778d009104e86ca132acff2e
CG-Static,3,calc,1,298a37c7d040603383d817c7132c1873c3f821fb
CG-Static,3,calc,1,2140a46d693a21a970093daf681f92dccb106fe3
CG-Static,3,calc,1,250d63150ea775cc404d57f8b68500028648525c
CG-Static,3,calc,1,a5c07a9ead4d7794de818a71697ce0a65be368b0
CG-Static,3,calc,1,a50c76412004697c73810f3ce8953159d71172cb
CG-Static,3,calc,1,6ae5fc6aa62f2bb90fbc2d34570fdd28026e4d39
CG-Static,3,calc,0,80bd94573c61061faf1b96dc032193c27017b90d
CG-Static,3,calc,0,b34e47e61362fd738d789708ec48ac00a10ac1a9
CG-Static,3,calc,1,9225df4ac68403c21babb265e7a4cc1bc82b03c4
CG-Static,3,calc,1,8b32b47d5ff092974c5b2e6ad610c8fcb642f4fb
CG-Static,3,calc,1,d4dbeeb374277fbb32dfed3e515d40a8f6db556e
CG-Static,3,calc,1,33213458132f6a6d0123acff8ce5f714312aaf88
CG-Static,3,calc,1,9db2124b035f5bd499f74dca60b80f17fd83dc14
CG-Static,3,calc,1,cbeb625adfce1fd5ed7df62602cf09738bcea041
CG-Static,3,calc,1,be0bff0a8e4a3d09e5b962f04f3f1b63b9a9d961
CG-Static,3,calc,1,4f856fd02e2e97d5b7a82416c8d788b1e84f3d2c
CG-Static,3,calc,1,036257153c6fa151e86711f96b91d2d866ba7083
CG-Static,3,calc,1,06e8a95a1b6c407bd72aab67d6a817b87f5fe3cf
CG-Static,3,calc,1,1aab7c29554e1c2d8fd010289c59e89c10d81f0f
CG-Static,3,calc,1,d6ddb8beea61c5c740c76e0d9b469d47f5a468eb
CG-Static,3,calc,1,91645321680370bfca91f0c8af04a430d1eac5cb
CG-Static,3,calc,1,e086b2c10acad223f0b2250cf7745d81d6527457
CG-Static,3,calc,1,0d2a25b391f27c2bea6f8532904aedc9a8638857
CG-Static,3,calc,1,ff39bc3190d76c5d1c0f4c886b34c5fd0af5e12b
CG-Static,3,calc,1,c1ef7179fe3c9952d19a2ff54dabe2056259ec58
CG-Static,3,calc,1,c51a3aebc5ffd84ff7213014e7af8c22dcb6a844
CG-Static,3,calc,0,1fd16a5b67d607e6a4627cfa2de631dc5d7bccc9
CG-Static,3,calc,1,f33b63c0bdc31d78cf78ab3de0329e7209d00e01
CG-Static,4,search,1,ea70b045cafe4ecd6b556500ba518518c45b0b91
CG-Static,4,search,1,9111ae75d337c39ac326b2a825b1e9f59f3b2f7b
CG-Static,4,search,1,84b9d411e7ad98b45e3b7ac37a1366a29d9634f6
CG-Static,4,search,1,116f50304a732573430159d0398fa05adfe8d5fb
CG-Static,4,search,1,4ed8d614b35ee4705212138ede93b2080507f48c
CG-Static,4,search,1,476ab40b04fcebbd5e6888627f8726de246ad904
CG-Static,4,search,1,88175cf38d07df288e7e1f9f013dd666f44321e4
CG-Static,4,search,1,0bdbf5884a6eb59b945f0ee8af4a578590579142
CG-Static,4,search,1,5b023c0893c729ab07fe795fa884edb41cd14912
CG-Static,4,search,1,16cd7d14fe3298fa545497f641a438decee3241e
CG-Static,4,search,1,0f105f58c781bab93fa34978f5b727beccba4db4
CG-Static,4,search,1,464fd362893f3a2c067792593dedf1d7c84b4252
CG-Static,4,search,1,ee4338b42c3a3f889f7efdd9192405a522774138
CG-Static,4,search,1,01cd272480e8069d316e2bf628dc9f06c56d5170
CG-Static,4,search,1,75fcca9a2c44507ce76463ffc7ae556c0ebbb45d
CG-Static,4,search,1,b1fd42fe628f5a3b9d9bebd3e191319f831d92ce
CG-Static,4,search,1,b4b481d5c7b90c0a778d009104e86ca132acff2e
CG-Static,4,calc,1,298a37c7d040603383d817c7132c1873c3f821fb
CG-Static,4,calc,1,2140a46d693a21a970093daf681f92dccb106fe3
CG-Static,4,calc,1,250d63150ea775cc404d57f8b68500028648525c
CG-Static,4,calc,1,a5c07a9ead4d7794de818a71697ce0a65be368b0
CG-Static,4,calc,1,a50c76412004697c73810f3ce8953159d71172cb
CG-Static,4,calc,1,6ae5fc6aa62f2bb90fbc2d34570fdd28026e4d39
CG-Static,4,calc,1,80bd94573c61061faf1b96dc032193c27017b90d
CG-Static,4,calc,1,b34e47e61362fd738d789708ec48ac00a10ac1a9
CG-Static,4,calc,1,9225df4ac68403c21babb265e7a4cc1bc82b03c4
CG-Static,4,calc,1,8b32b47d5ff092974c5b2e6ad610c8fcb642f4fb
CG-Static,4,calc,1,d4dbeeb374277fbb32dfed3e515d40a8f6db556e
CG-Static,4,calc,1,33213458132f6a6d0123acff8ce5f714312aaf88
CG-Static,4,calc,1,9db2124b035f5bd499f74dca60b80f17fd83dc14
CG-Static,4,calc,1,cbeb625adfce1fd5ed7df62602cf09738bcea041
CG-Static,4,calc,1,be0bff0a8e4a3d09e5b962f04f3f1b63b9a9d961
CG-Static,4,calc,1,4f856fd02e2e97d5b7a82416c8d788b1e84f3d2c
CG-Static,4,calc,1,036257153c6fa151e86711f96b91d2d866ba7083
CG-Static,4,calc,1,06e8a95a1b6c407bd72aab67d6a817b87f5fe3cf
CG-Static,4,calc,1,1aab7c29554e1c2d8fd010289c59e89c10d81f0f
CG-Static,4,calc,1,d6ddb8beea61c5c740c76e0d9b469d47f5a468eb
CG-Static,4,calc,1,91645321680370bfca91f0c8af04a430d1eac5cb
CG-Static,4,calc,1,e086b2c10acad223f0b2250cf7745d81d6527457
CG-Static,4,calc,1,0d2a25b391f27c2bea6f8532904aedc9a8638857
CG-Static,4,calc,1,ff39bc3190d76c5d1c0f4c886b34c5fd0af5e12b
CG-Static,4,calc,1,c1ef7179fe3c9952d19a2ff54dabe2056259ec58
CG-Static,4,calc,1,c51a3aebc5ffd84ff7213014e7af8c22dcb6a844
CG-Static,4,calc,1,1fd16a5b67d607e6a4627cfa2de631dc5d7bccc9
CG-Static,4,calc,1,f33b63c0bdc31d78cf78ab3de0329e7209d00e01
CG-Static,5,search,1,ea70b045cafe4ecd6b556500ba518518c45b0b91
CG-Static,5,search,1,9111ae75d337c39ac326b2a825b1e9f59f3b2f7b
CG-Static,5,search,1,84b9d411e7ad98b45e3b7ac37a1366a29d9634f6
CG-Static,5,search,1,116f50304a732573430159d0398fa05adfe8d5fb
CG-Static,5,search,1,4ed8d614b35ee4705212138ede93b2080507f48c
CG-Static,5,search,1,476ab40b04fcebbd5e6888627f8726de246ad904
CG-Static,5,search,1,88175cf38d07df288e7e1f9f013dd666f44321e4
CG-Static,5,search,1,0bdbf5884a6eb59b945f0ee8af4a578590579142
CG-Static,5,search,1,5b023c0893c729ab07fe795fa884edb41cd14912
CG-Static,5,search,1,16cd7d14fe3298fa545497f641a438decee3241e
CG-Static,5,search,1,0f105f58c781bab93fa34978f5b727beccba4db4
CG-Static,5,search,1,464fd362893f3a2c067792593dedf1d7c84b4252
CG-Static,5,search,1,ee4338b42c3a3f889f7efdd9192405a522774138
CG-Static,5,search,1,01cd272480e8069d316e2bf628dc9f06c56d5170
CG-Static,5,search,1,75fcca9a2c44507ce76463ffc7ae556c0ebbb45d
CG-Static,5,search,1,b1fd42fe628f5a3b9d9bebd3e191319f831d92ce
CG-Static,5,search,1,b4b481d5c7b90c0a778d009104e86ca132acff2e
CG-Static,5,calc,1,298a37c7d040603383d817c7132c1873c3f821fb
CG-Static,5,calc,1,2140a46d693a21a970093daf681f92dccb106fe3
CG-Static,5,calc,1,250d63150ea775cc404d57f8b68500028648525c
CG-Static,5,calc,1,a5c07a9ead4d7794de818a71697ce0a65be368b0
CG-Static,5,calc,1,a50c76412004697c73810f3ce8953159d71172cb
CG-Static,5,calc,1,6ae5fc6aa62f2bb90fbc2d34570fdd28026e4d39
CG-Static,5,calc,1,80bd94573c61061faf1b96dc032193c27017b90d
CG-Static,5,calc,1,b34e47e61362fd738d789708ec48ac00a10ac1a9
CG-Static,5,calc,1,9225df4ac68403c21babb265e7a4cc1bc82b03c4
CG-Static,5,calc,1,8b32b47d5ff092974c5b2e6ad610c8fcb642f4fb
CG-Static,5,calc,1,d4dbeeb374277fbb32dfed3e515d40a8f6db556e
CG-Static,5,calc,1,33213458132f6a6d0123acff8ce5f714312aaf88
CG-Static,5,calc,1,9db2124b035f5bd499f74dca60b80f17fd83dc14
CG-Static,5,calc,1,cbeb625adfce1fd5ed7df62602cf09738bcea041
CG-Static,5,calc,1,be0bff0a8e4a3d09e5b962f04f3f1b63b9a9d961
CG-Static,5,calc,1,4f856fd02e2e97d5b7a82416c8d788b1e84f3d2c
CG-Static,5,calc,1,036257153c6fa151e86711f96b91d2d866ba7083
CG-Static,5,calc,1,06e8a95a1b6c407bd72aab67d6a817b87f5fe3cf
CG-Static,5,calc,1,1aab7c29554e1c2d8fd010289c59e89c10d81f0f
CG-Static,5,calc,1,d6ddb8beea61c5c740c76e0d9b469d47f5a468eb
CG-Static,5,calc,1,91645321680370bfca91f0c8af04a430d1eac5cb
CG-Static,5,calc,1,e086b2c10acad223f0b2250cf7745d81d6527457
CG-Static,5,calc,1,0d2a25b391f27c2bea6f8532904aedc9a8638857
CG-Static,5,calc,1,ff39bc3190d76c5d1c0f4c886b34c5fd0af5e12b
CG-Static,5,calc,1,c1ef7179fe3c9952d19a2ff54dabe2056259ec58
CG-Static,5,calc,1,c51a3aebc5ffd84ff7213014e7af8c22dcb6a844
CG-Static,5,calc,1,1fd16a5b67d607e6a4627cfa2de631dc5d7bccc9
CG-Static,5,calc,1,f33b63c0bdc31d78cf78ab3de0329e7209d00e01
CG-Static,6,search,1,ea70b045cafe4ecd6b556500ba518518c45b0b91
CG-Static,6,search,1,9111ae75d337c39ac326b2a825b1e9f59f3b2f7b
CG-Static,6,search,1,84b9d411e7ad98b45e3b7ac37a1366a29d9634f6
CG-Static,6,search,1,116f50304a732573430159d0398fa05adfe8d5fb
CG-Static,6,search,1,4ed8d614b35ee4705212138ede93b2080507f48c
CG-Static,6,search,1,476ab40b04fcebbd5e6888627f8726de246ad904
CG-Static,6,search,1,88175cf38d07df288e7e1f9f013dd666f44321e4
CG-Static,6,search,1,0bdbf5884a6eb59b945f0ee8af4a578590579142
CG-Static,6,search,1,5b023c0893c729ab07fe795fa884edb41cd14912
CG-Static,6,search,1,16cd7d14fe3298fa545497f641a438decee3241e
CG-Static,6,search,1,0f105f58c781bab93fa34978f5b727beccba4db4
CG-Static,6,search,1,464fd362893f3a2c067792593dedf1d7c84b4252
CG-Static,6,search,1,ee4338b42c3a3f889f7efdd9192405a522774138
CG-Static,6,search,1,01cd272480e8069d316e2bf628dc9f06c56d5170
CG-Static,6,search,1,75fcca9a2c44507ce76463ffc7ae556c0ebbb45d
CG-Static,6,search,1,b1fd42fe628f5a3b9d9bebd3e191319f831d92ce
CG-Static,6,search,1,b4b481d5c7b90c0a778d009104e86ca132acff2e
CG-Static,6,calc,1,298a37c7d040603383d817c7132c1873c3f821fb
CG-Static,6,calc,1,2140a46d693a21a970093daf681f92dccb106fe3
CG-Static,6,calc,1,250d63150ea775cc404d57f8b68500028648525c
CG-Static,6,calc,1,a5c07a9ead4d7794de818a71697ce0a65be368b0
CG-Static,6,calc,1,a50c76412004697c73810f3ce8953159d71172cb
CG-Static,6,calc,1,6ae5fc6aa62f2bb90fbc2d34570fdd28026e4d39
CG-Static,6,calc,0,80bd94573c61061faf1b96dc032193c27017b90d
CG-Static,6,calc,0,b34e47e61362fd738d789708ec48ac00a10ac1a9
CG-Static,6,calc,1,9225df4ac68403c21babb265e7a4cc1bc82b03c4
CG-Static,6,calc,1,8b32b47d5ff092974c5b2e6ad610c8fcb642f4fb
CG-Static,6,calc,1,d4dbeeb374277fbb32dfed3e515d40a8f6db556e
CG-Static,6,calc,1,33213458132f6a6d0123acff8ce5f714312aaf88
CG-Static,6,calc,1,9db2124b035f5bd499f74dca60b80f17fd83dc14
CG-Static,6,calc,1,cbeb625adfce1fd5ed7df62602cf09738bcea041
CG-Static,6,calc,1,be0bff0a8e4a3d09e5b962f04f3f1b63b9a9d961
CG-Static,6,calc,1,4f856fd02e2e97d5b7a82416c8d788b1e84f3d2c
CG-Static,6,calc,1,036257153c6fa151e86711f96b91d2d866ba7083
CG-Static,6,calc,1,06e8a95a1b6c407bd72aab67d6a817b87f5fe3cf
CG-Static,6,calc,1,1aab7c29554e1c2d8fd010289c59e89c10d81f0f
CG-Static,6,calc,1,d6ddb8beea61c5c740c76e0d9b469d47f5a468eb
CG-Static,6,calc,1,91645321680370bfca91f0c8af04a430d1eac5cb
CG-Static,6,calc,1,e086b2c10acad223f0b2250cf7745d81d6527457
CG-Static,6,calc,1,0d2a25b391f27c2bea6f8532904aedc9a8638857
CG-Static,6,calc,1,ff39bc3190d76c5d1c0f4c886b34c5fd0af5e12b
CG-Static,6,calc,1,c1ef7179fe3c9952d19a2ff54dabe2056259ec58
CG-Static,6,calc,1,c51a3aebc5ffd84ff7213014e7af8c22dcb6a844
CG-Static,6,calc,0,1fd16a5b67d607e6a4627cfa2de631dc5d7bccc9
CG-Static,6,calc,1,f33b63c0bdc31d78cf78ab3de0329e7209d00e01
CG-Static,7,search,1,ea70b045cafe4ecd6b556500ba518518c45b0b91
CG-Static,7,search,1,9111ae75d337c39ac326b2a825b1e9f59f3b2f7b
CG-Static,7,search,1,84b9d411e7ad98b45e3b7ac37a1366a29d9634f6
CG-Static,7,search,1,116f50304a732573430159d0398fa05adfe8d5fb
CG-Static,7,search,1,4ed8d614b35ee4705212138ede93b2080507f48c
CG-Static,7,search,1,476ab40b04fcebbd5e6888627f8726de246ad904
CG-Static,7,search,1,88175cf38d07df288e7e1f9f013dd666f44321e4
CG-Static,7,search,1,0bdbf5884a6eb59b945f0ee8af4a578590579142
CG-Static,7,search,1,5b023c0893c729ab07fe795fa884edb41cd14912
CG-Static,7,search,1,16cd7d14fe3298fa545497f641a438decee3241e
CG-Static,7,search,1,0f105f58c781bab93fa34978f5b727beccba4db4
CG-Static,7,search,1,464fd362893f3a2c067792593dedf1d7c84b4252
CG-Static,7,search,1,ee4338b42c3a3f889f7efdd9192405a522774138
CG-Static,7,search,1,01cd272480e8069d316e2bf628dc9f06c56d5170
CG-Static,7,search,1,75fcca9a2c44507ce76463ffc7ae556c0ebbb45d
CG-Static,7,search,1,b1fd42fe628f5a3b9d9bebd3e191319f831d92ce
CG-Static,7,search,1,b4b481d5c7b90c0a778d009104e86ca132acff2e
CG-Static,7,calc,1,298a37c7d040603383d817c7132c1873c3f821fb
CG-Static,7,calc,1,2140a46d693a21a970093daf681f92dccb106fe3
CG-Static,7,calc,1,250d63150ea775cc404d57f8b68500028648525c
CG-Static,7,calc,1,a5c07a9ead4d7794de818a71697ce0a65be368b0
CG-Static,7,calc,1,a50c76412004697c73810f3ce8953159d71172cb
CG-Static,7,calc,1,6ae5fc6aa62f2bb90fbc2d34570fdd28026e4d39
CG-Static,7,calc,0,80bd94573c61061faf1b96dc032193c27017b90d
CG-Static,7,calc,0,b34e47e61362fd738d789708ec48ac00a10ac1a9
CG-Static,7,calc,1,9225df4ac68403c21babb265e7a4cc1bc82b03c4
CG-Static,7,calc,1,8b32b47d5ff092974c5b2e6ad610c8fcb642f4fb
CG-Static,7,calc,1,d4dbeeb374277fbb32dfed3e515d40a8f6db556e
CG-Static,7,calc,1,33213458132f6a6d0123acff8ce5f714312aaf88
CG-Static,7,calc,1,9db2124b035f5bd499f74dca60b80f17fd83dc14
CG-Static,7,calc,1,cbeb625adfce1fd5ed7df62602cf09738bcea041
CG-Static,7,calc,1,be0bff0a8e4a3d09e5b962f04f3f1b63b9a9d961
CG-Static,7,calc,1,4f856fd02e2e97d5b7a82416c8d788b1e84f3d2c
CG-Static,7,calc,1,036257153c6fa151e86711f96b91d2d866ba7083
CG-Static,7,calc,1,06e8a95a1b6c407bd72aab67d6a817b87f5fe3cf
CG-Static,7,calc,1,1aab7c29554e1c2d8fd010289c59e89c10d81f0f
CG-Static,7,calc,1,d6ddb8beea61c5c740c76e0d9b469d47f5a468eb
CG-Static,7,calc,1,91645321680370bfca91f0c8af04a430d1eac5cb
CG-Static,7,calc,1,e086b2c10acad223f0b2250cf7745d81d6527457
CG-Static,7,calc,1,0d2a25b391f27c2bea6f8532904aedc9a8638857
CG-Static,7,calc,1,ff39bc3190d76c5d1c0f4c886b34c5fd0af5e12b
CG-Static,7,calc,1,c1ef7179fe3c9952d19a2ff54dabe2056259ec58
CG-Static,7,calc,1,c51a3aebc5ffd84ff7213014e7af8c22dcb6a844
CG-Static,7,calc,0,1fd16a5b67d607e6a4627cfa2de631dc5d7bccc9
CG-Static,7,calc,1,f33b63c0bdc31d78cf78ab3de0329e7209d00e01
CG-Static,8,search,1,ea70b045cafe4ecd6b556500ba518518c45b0b91
CG-Static,8,search,1,9111ae75d337c39ac326b2a825b1e9f59f3b2f7b
CG-Static,8,search,1,84b9d411e7ad98b45e3b7ac37a1366a29d9634f6
CG-Static,8,search,1,116f50304a732573430159d0398fa05adfe8d5fb
CG-Static,8,search,1,4ed8d614b35ee4705212138ede93b2080507f48c
CG-Static,8,search,1,476ab40b04fcebbd5e6888627f8726de246ad904
CG-Static,8,search,1,88175cf38d07df288e7e1f9f013dd666f44321e4
CG-Static,8,search,1,0bdbf5884a6eb59b945f0ee8af4a578590579142
CG-Static,8,search,1,5b023c0893c729ab07fe795fa884edb41cd14912
CG-Static,8,search,1,16cd7d14fe3298fa545497f641a438decee3241e
CG-Static,8,search,1,0f105f58c781bab93fa34978f5b727beccba4db4
CG-Static,8,search,1,464fd362893f3a2c067792593dedf1d7c84b4252
CG-Static,8,search,1,ee4338b42c3a3f889f7efdd9192405a522774138
CG-Static,8,search,1,01cd272480e8069d316e2bf628dc9f06c56d5170
CG-Static,8,search,1,75fcca9a2c44507ce76463ffc7ae556c0ebbb45d
CG-Static,8,search,1,b1fd42fe628f5a3b9d9bebd3e191319f831d92ce
CG-Static,8,search,1,b4b481d5c7b90c0a778d009104e86ca132acff2e
CG-Static,8,calc,1,298a37c7d040603383d817c7132c1873c3f821fb
CG-Static,8,calc,1,2140a46d693a21a970093daf681f92dccb106fe3
CG-Static,8,calc,1,250d63150ea775cc404d57f8b68500028648525c
CG-Static,8,calc,1,a5c07a9ead4d7794de818a71697ce0a65be368b0
CG-Static,8,calc,1,a50c76412004697c73810f3ce8953159d71172cb
CG-Static,8,calc,1,6ae5fc6aa62f2bb90fbc2d34570fdd28026e4d39
CG-Static,8,calc,0,80bd94573c61061faf1b96dc032193c27017b90d
CG-Static,8,calc,0,b34e47e61362fd738d789708ec48ac00a10ac1a9
CG-Static,8,calc,1,9225df4ac68403c21babb265e7a4cc1bc82b03c4
CG-Static,8,calc,1,8b32b47d5ff092974c5b2e6ad610c8fcb642f4fb
CG-Static,8,calc,1,d4dbeeb374277fbb32dfed3e515d40a8f6db556e
CG-Static,8,calc,1,33213458132f6a6d0123acff8ce5f714312aaf88
CG-Static,8,calc,1,9db2124b035f5bd499f74dca60b80f17fd83dc14
CG-Static,8,calc,1,cbeb625adfce1fd5ed7df62602cf09738bcea041
CG-Static,8,calc,1,be0bff0a8e4a3d09e5b962f04f3f1b63b9a9d961
CG-Static,8,calc,1,4f856fd02e2e97d5b7a82416c8d788b1e84f3d2c
CG-Static,8,calc,1,036257153c6fa151e86711f96b91d2d866ba7083
CG-Static,8,calc,1,06e8a95a1b6c407bd72aab67d6a817b87f5fe3cf
CG-Static,8,calc,1,1aab7c29554e1c2d8fd010289c59e89c10d81f0f
CG-Static,8,calc,1,d6ddb8beea61c5c740c76e0d9b469d47f5a468eb
CG-Static,8,calc,1,91645321680370bfca91f0c8af04a430d1eac5cb
CG-Static,8,calc,1,e086b2c10acad223f0b2250cf7745d81d6527457
CG-Static,8,calc,1,0d2a25b391f27c2bea6f8532904aedc9a8638857
CG-Static,8,calc,1,ff39bc3190d76c5d1c0f4c886b34c5fd0af5e12b
CG-Static,8,calc,1,c1ef7179fe3c9952d19a2ff54dabe2056259ec58
CG-Static,8,calc,1,c51a3aebc5ffd84ff7213014e7af8c22dcb6a844
CG-Static,8,calc,0,1fd16a5b67d607e6a4627cfa2de631dc5d7bccc9
CG-Static,8,calc,1,f33b63c0bdc31d78cf78ab3de0329e7209d00e01
CG-Static,9,search,1,ea70b045cafe4ecd6b556500ba518518c45b0b91
CG-Static,9,search,1,9111ae75d337c39ac326b2a825b1e9f59f3b2f7b
CG-Static,9,search,1,84b9d411e7ad98b45e3b7ac37a1366a29d9634f6
CG-Static,9,search,1,116f50304a732573430159d0398fa05adfe8d5fb
CG-Static,9,search,1,4ed8d614b35ee4705212138ede93b2080507f48c
CG-Static,9,search,1,476ab40b04fcebbd5e6888627f8726de246ad904
CG-Static,9,search,1,88175cf38d07df288e7e1f9f013dd666f44321e4
CG-Static,9,search,1,0bdbf5884a6eb59b945f0ee8af4a578590579142
CG-Static,9,search,1,5b023c0893c729ab07fe795fa884edb41cd14912
CG-Static,9,search,1,16cd7d14fe3298fa545497f641a438decee3241e
CG-Static,9,search,1,0f105f58c781bab93fa34978f5b727beccba4db4
CG-Static,9,search,1,464fd362893f3a2c067792593dedf1d7c84b4252
CG-Static,9,search,1,ee4338b42c3a3f889f7efdd9192405a522774138
CG-Static,9,search,1,01cd272480e8069d316e2bf628dc9f06c56d5170
CG-Static,9,search,1,75fcca9a2c44507ce76463ffc7ae556c0ebbb45d
CG-Static,9,search,1,b1fd42fe628f5a3b9d9bebd3e191319f831d92ce
CG-Static,9,search,1,b4b481d5c7b90c0a778d009104e86ca132acff2e
CG-Static,9,calc,1,298a37c7d040603383d817c7132c1873c3f821fb
CG-Static,9,calc,1,2140a46d693a21a970093daf681f92dccb106fe3
CG-Static,9,calc,1,250d63150ea775cc404d57f8b68500028648525c
CG-Static,9,calc,1,a5c07a9ead4d7794de818a71697ce0a65be368b0
CG-Static,9,calc,1,a50c76412004697c73810f3ce8953159d71172cb
CG-Static,9,calc,1,6ae5fc6aa62f2bb90fbc2d34570fdd28026e4d39
CG-Static,9,calc,0,80bd94573c61061faf1b96dc032193c27017b90d
CG-Static,9,calc,0,b34e47e61362fd738d789708ec48ac00a10ac1a9
CG-Static,9,calc,1,9225df4ac68403c21babb265e7a4cc1bc82b03c4
CG-Static,9,calc,1,8b32b47d5ff092974c5b2e6ad610c8fcb642f4fb
CG-Static,9,calc,1,d4dbeeb374277fbb32dfed3e515d40a8f6db556e
CG-Static,9,calc,1,33213458132f6a6d0123acff8ce5f714312aaf88
CG-Static,9,calc,1,9db2124b035f5bd499f74dca60b80f17fd83dc14
CG-Static,9,calc,1,cbeb625adfce1fd5ed7df62602cf09738bcea041
CG-Static,9,calc,1,be0bff0a8e4a3d09e5b962f04f3f1b63b9a9d961
CG-Static,9,calc,1,4f856fd02e2e97d5b7a82416c8d788b1e84f3d2c
CG-Static,9,calc,1,036257153c6fa151e86711f96b91d2d866ba7083
CG-Static,9,calc,1,06e8a95a1b6c407bd72aab67d6a817b87f5fe3cf
CG-Static,9,calc,1,1aab7c29554e1c2d8fd010289c59e89c10d81f0f
CG-Static,9,calc,1,d6ddb8beea61c5c740c76e0d9b469d47f5a468eb
CG-Static,9,calc,1,91645321680370bfca91f0c8af04a430d1eac5cb
CG-Static,9,calc,1,e086b2c10acad223f0b2250cf7745d81d6527457
CG-Static,9,calc,1,0d2a25b391f27c2bea6f8532904aedc9a8638857
CG-Static,9,calc,1,ff39bc3190d76c5d1c0f4c886b34c5fd0af5e12b
CG-Static,9,calc,1,c1ef7179fe3c9952d19a2ff54dabe2056259ec58
CG-Static,9,calc,1,c51a3aebc5ffd84ff7213014e7af8c22dcb6a844
CG-Static,9,calc,0,1fd16a5b67d607e6a4627cfa2de631dc5d7bccc9
CG-Static,9,calc,1,f33b63c0bdc31d78cf78ab3de0329e7209d00e01
CG-Static,10,search,1,ea70b045cafe4ecd6b556500ba518518c45b0b91
CG-Static,10,search,1,9111ae75d337c39ac326b2a825b1e9f59f3b2f7b
CG-Static,10,search,1,84b9d411e7ad98b45e3b7ac37a1366a29d9634f6
CG-Static,10,search,1,116f50304a732573430159d0398fa05adfe8d5fb
CG-Static,10,search,1,4ed8d614b35ee4705212138ede93b2080507f48c
CG-Static,10,search,1,476ab40b04fcebbd5e6888627f8726de246ad904
CG-Static,10,search,1,88175cf38d07df288e7e1f9f013dd666f44321e4
CG-Static,10,search,1,0bdbf5884a6eb59b945f0ee8af4a578590579142
CG-Static,10,search,1,5b023c0893c729ab07fe795fa884edb41cd14912
CG-Static,10,search,1,16cd7d14fe3298fa545497f641a438decee3241e
CG-Static,10,search,1,0f105f58c781bab93fa34978f5b727beccba4db4
CG-Static,10,search,1,464fd362893f3a2c067792593dedf1d7c84b4252
CG-Static,10,search,1,ee4338b42c3a3f889f7efdd9192405a522774138
CG-Static,10,search,1,01cd272480e8069d316e2bf628dc9f06c56d5170
CG-Static,10,search,1,75fcca9a2c44507ce76463ffc7ae556c0ebbb45d
CG-Static,10,search,1,b1fd42fe628f5a3b9d9bebd3e191319f831d92ce
CG-Static,10,search,1,b4b481d5c7b90c0a778d009104e86ca132acff2e
CG-Static,10,calc,1,298a37c7d040603383d817c7132c1873c3f821fb
CG-Static,10,calc,1,2140a46d693a21a970093daf681f92dccb106fe3
CG-Static,10,calc,1,250d63150ea775cc404d57f8b68500028648525c
CG-Static,10,calc,1,a5c07a9ead4d7794de818a71697ce0a65be368b0
CG-Static,10,calc,1,a50c76412004697c73810f3ce8953159d71172cb
CG-Static,10,calc,1,6ae5fc6aa62f2bb90fbc2d34570fdd28026e4d39
CG-Static,10,calc,1,80bd94573c61061faf1b96dc032193c27017b90d
CG-Static,10,calc,1,b34e47e61362fd738d789708ec48ac00a10ac1a9
CG-Static,10,calc,1,9225df4ac68403c21babb265e7a4cc1bc82b03c4
CG-Static,10,calc,1,8b32b47d5ff092974c5b2e6ad610c8fcb642f4fb
CG-Static,10,calc,1,d4dbeeb374277fbb32dfed3e515d40a8f6db556e
CG-Static,10,calc,1,33213458132f6a6d0123acff8ce5f714312aaf88
CG-Static,10,calc,1,9db2124b035f5bd499f74dca60b80f17fd83dc14
CG-Static,10,calc,1,cbeb625adfce1fd5ed7df62602cf09738bcea041
CG-Static,10,calc,1,be0bff0a8e4a3d09e5b962f04f3f1b63b9a9d961
CG-Static,10,calc,1,4f856fd02e2e97d5b7a82416c8d788b1e84f3d2c
CG-Static,10,calc,1,036257153c6fa151e86711f96b91d2d866ba7083
CG-Static,10,calc,1,06e8a95a1b6c407bd72aab67d6a817b87f5fe3cf
CG-Static,10,calc,1,1aab7c29554e1c2d8fd010289c59e89c10d81f0f
CG-Static,10,calc,1,d6ddb8beea61c5c740c76e0d9b469d47f5a468eb
CG-Static,10,calc,1,91645321680370bfca91f0c8af04a430d1eac5cb
CG-Static,10,calc,1,e086b2c10acad223f0b2250cf7745d81d6527457
CG-Static,10,calc,1,0d2a25b391f27c2bea6f8532904aedc9a8638857
CG-Static,10,calc,1,ff39bc3190d76c5d1c0f4c886b34c5fd0af5e12b
CG-Static,10,calc,1,c1ef7179fe3c9952d19a2ff54dabe2056259ec58
CG-Static,10,calc,1,c51a3aebc5ffd84ff7213014e7af8c22dcb6a844
CG-Static,10,calc,1,1fd16a5b67d607e6a4627cfa2de631dc5d7bccc9
CG-Static,10,calc,1,f33b63c0bdc31d78cf78ab3de0329e7209d00e01
