idx,page,src_param,tech_tag,route_a_category,backend_status,backend_valid,waf_status,crs_blocked,payload_sha1
1836,login,remember,or_tautology,backend_valid,200,1,403,1,b5a0b80abdbfb94b185cca9fa70c7ef6ea283280
1844,login,remember,or_tautology,backend_valid,200,1,403,1,263182bb29ffbce7791bf0609f308230849e494c
1944,login,remember,or_tautology,backend_valid,200,1,403,1,d20504c6fa3582f437ed5063f57d453b75429e3e
1952,login,remember,or_tautology,backend_valid,200,1,403,1,6361426d38028a6f92029fdd398dbae7f64b3f72
1992,login,remember,or_tautology,backend_valid,200,1,403,1,55902d79b34fa53856ed8464d4cbb280a941d013
2000,login,remember,or_tautology,backend_valid,200,1,403,1,40e47a2abec8f600fa8fd4c26ecba67eba299867
30340,login,modo,or_tautology,backend_valid,200,1,403,1,3faac7e0ca510f85367eff142e359b678f665276
30348,login,modo,or_tautology,backend_valid,200,1,403,1,4905f41c41f851693a75db48fe9d1391572b6f05
30448,login,modo,or_tautology,backend_valid,200,1,403,1,49a28bcc1cd1e92c6988993dcd81e89963d945aa
30456,login,modo,or_tautology,backend_valid,200,1,403,1,8157ded5343e1d44ea924596d8f17742c0c21f0e
30496,login,modo,or_tautology,backend_valid,200,1,403,1,45903a7f8aa2397c565466d482fac6e0f08aabaf
30504,login,modo,or_tautology,backend_valid,200,1,403,1,9a0c040a65ab8fe11fd0b628224c125a6416762d
1133,search,remember,and_based,backend_valid,200,1,403,1,d389382ecd1bb84e6d18969471ef046f822da852
1265,search,remember,and_based,backend_valid,200,1,403,1,68d6b8485ea548e58387c0c4dd1c46ba6e915370
1373,search,remember,and_based,backend_valid,200,1,403,1,ecc35fb36ff90f8acf0b72edd44e054ce08916c7
1421,search,remember,and_based,backend_valid,200,1,403,1,9b63ddb2c07332dd7bd4330ccc5081e4341ccade
1705,search,remember,or_tautology,backend_valid,200,1,403,1,10b2ca2f38738a36bbb075ad4535a660ea408a98
1713,search,remember,or_tautology,backend_valid,200,1,403,1,44b3dc8234783e8570a8cfb364211a1a0f607ab6
1837,search,remember,or_tautology,backend_valid,200,1,403,1,b5a0b80abdbfb94b185cca9fa70c7ef6ea283280
1845,search,remember,or_tautology,backend_valid,200,1,403,1,263182bb29ffbce7791bf0609f308230849e494c
1945,search,remember,or_tautology,backend_valid,200,1,403,1,d20504c6fa3582f437ed5063f57d453b75429e3e
1953,search,remember,or_tautology,backend_valid,200,1,403,1,6361426d38028a6f92029fdd398dbae7f64b3f72
1993,search,remember,or_tautology,backend_valid,200,1,403,1,55902d79b34fa53856ed8464d4cbb280a941d013
2001,search,remember,or_tautology,backend_valid,200,1,403,1,40e47a2abec8f600fa8fd4c26ecba67eba299867
19941,search,remember,union,backend_valid,200,1,403,1,d630a8dab330a1f2be9aa584b8cf123e7d28b5ef
20301,search,remember,union,backend_valid,200,1,403,1,6539e64b8fe3ce1a2c4d8d58cb5eed7802d8438a
20461,search,remember,union,backend_valid,200,1,403,1,29b0cbcbc3445b5ce80c9ca6918d21f4d9d058af
20901,search,remember,union,backend_valid,200,1,403,1,3bdbf0465c485aecba2870cb9ced4bc6da573d06
21261,search,remember,union,backend_valid,200,1,403,1,131b7905795c31fff0dd081e76e4724110f9c312
21421,search,remember,union,backend_valid,200,1,403,1,326c48d9503aa56de8a5ac28e42f6baf6beae031
30209,search,modo,or_tautology,backend_valid,200,1,403,1,b73e27a055b4b0a892f1569985b7a1668eca78b3
30217,search,modo,or_tautology,backend_valid,200,1,403,1,5a334a3b70aea73b31c7e3ede380e85a871ad4ed
30341,search,modo,or_tautology,backend_valid,200,1,403,1,3faac7e0ca510f85367eff142e359b678f665276
30349,search,modo,or_tautology,backend_valid,200,1,403,1,4905f41c41f851693a75db48fe9d1391572b6f05
30449,search,modo,or_tautology,backend_valid,200,1,403,1,49a28bcc1cd1e92c6988993dcd81e89963d945aa
30457,search,modo,or_tautology,backend_valid,200,1,403,1,8157ded5343e1d44ea924596d8f17742c0c21f0e
30497,search,modo,or_tautology,backend_valid,200,1,403,1,45903a7f8aa2397c565466d482fac6e0f08aabaf
30505,search,modo,or_tautology,backend_valid,200,1,403,1,9a0c040a65ab8fe11fd0b628224c125a6416762d
1610,product,remember,or_tautology,backend_valid,200,1,403,1,4f150acfab4ef28e1ed0ce52dba130de43791cc3
1618,product,remember,or_tautology,backend_valid,200,1,403,1,48ebc64afe1c5e23711d8f1f888234b8ec74e46b
1898,product,remember,or_tautology,backend_valid,200,1,403,1,427ea0d1e025a58ea5a898ea854d9683f6c838f9
1906,product,remember,or_tautology,backend_valid,200,1,403,1,b255a1dcc11c6324526226713a4a1f370210bc24
30114,product,modo,or_tautology,backend_valid,200,1,403,1,003b319e9685782471da252b2686c43ac2854268
30122,product,modo,or_tautology,backend_valid,200,1,403,1,24f817e36c4bdf85153d3ee011573cf724968620
30402,product,modo,or_tautology,backend_valid,200,1,403,1,7fb8d75b97141f5b36d5cc5059c0b2b2cfb16fa7
30410,product,modo,or_tautology,backend_valid,200,1,403,1,6c7260d175d6612cb15bdd736f48db61a922226d
57954,product,precio,or_tautology,backend_valid,200,1,403,1,db3c1782af4b0f71f7ae44a346691f1e6c6c031b
58026,product,id,or_tautology,backend_valid,200,1,403,1,a2f8e07acb3c9e815e0210ded84c5c5e2149b7e3
58066,product,precio,or_tautology,backend_valid,200,1,403,1,f368286d7d1b5682d19f8f19dc5a30452fb5a272
58090,product,id,or_tautology,backend_valid,200,1,403,1,994674fb03c34415158cf9497af8c2e49833e149
58114,product,cantidad,or_tautology,backend_valid,200,1,403,1,f86fbc87cc3b17a3ad0354cc837bb8e9cbc3df52
58138,product,id,or_tautology,backend_valid,200,1,403,1,4f1c217e12bcfea28bcc0082171c782239190bf3
58178,product,precio,or_tautology,backend_valid,200,1,403,1,f410a35902df747e78d8d6c3300c7f5e5f4e3b25
58202,product,id,or_tautology,backend_valid,200,1,403,1,8578c8f6262e860dc964e80b9cc144a1478f9cc8
58226,product,cantidad,or_tautology,backend_valid,200,1,403,1,8f7ed8232c570070be6794c96f5991c7d43b230a
58250,product,id,or_tautology,backend_valid,200,1,403,1,50f988c521808406c1ea4d17aa9683c3556683ce
58290,product,precio,or_tautology,backend_valid,200,1,403,1,c29847ae86591046c4b58888d402c6e398e57fbb
58314,product,id,or_tautology,backend_valid,200,1,403,1,9dd6716b28f3487fee605ad24872d6ea29257d38
58338,product,cantidad,or_tautology,backend_valid,200,1,403,1,7dfd3f38402e55c2a9f3d98f5eca9a4591af2a4b
58410,product,remember,or_tautology,backend_valid,200,1,403,1,1fca7df34d54d9f3636bb7946900493e5554f5ae
58514,product,password,or_tautology,backend_valid,200,1,403,1,a4cbb622c92047b88b79b19cc4434707676a5e4a
58538,product,provincia,or_tautology,backend_valid,200,1,403,1,d4b5f807542c3f36812746bdf95f0dd2314c580a
58562,product,dni,or_tautology,backend_valid,200,1,403,1,51ad32dd6570772212f24675c2037ed9abb8f6c3
58586,product,direccion,or_tautology,backend_valid,200,1,403,1,c04468cbd0ecc25e8fd8ac2abbef05aa2594b28a
58602,product,apellidos,or_tautology,backend_valid,200,1,403,1,52c599fced994dad349d0390d861d320a3d2104d
58626,product,email,or_tautology,backend_valid,200,1,403,1,9d9a29fd542f147fafeff2e309b6aff7dbfe4065
58650,product,ciudad,or_tautology,backend_valid,200,1,403,1,f2dd34b1d454234fb5af39e0d05086b5040ca919
58674,product,nombre,or_tautology,backend_valid,200,1,403,1,844fa29fdccea06294ee8b418443220650985ca0
58698,product,cp,or_tautology,backend_valid,200,1,403,1,2eb03b0257471ee69ed8362ec2d0a9ea221bf2b8
58738,product,cp,or_tautology,backend_valid,200,1,403,1,b1d7cd7da12fd8560fee93dac47cd5dc5a7900fa
58762,product,provincia,or_tautology,backend_valid,200,1,403,1,95d21b0323aca0d987dcf0bf95ee22ac6c771244
58786,product,dni,or_tautology,backend_valid,200,1,403,1,76314140eabe096e810fa65bf4015e2fdf0a349a
58810,product,direccion,or_tautology,backend_valid,200,1,403,1,950431528d69cbafa0b5db4542e57aaabc983534
58834,product,apellidos,or_tautology,backend_valid,200,1,403,1,e2af466e4a011f63e1369a50bb12be1e008b5052
58874,product,ntc,or_tautology,backend_valid,200,1,403,1,226b4b79866213b8c4f051fcc654f1e3056b37d9
58898,product,password,or_tautology,backend_valid,200,1,403,1,98a08c8cb4ce8a3cf95739c56d4f89ab924b6bb8
58922,product,email,or_tautology,backend_valid,200,1,403,1,55c8189f3edab64ffc1ec04f08bec6f5c51cac83
58946,product,login,or_tautology,backend_valid,200,1,403,1,a8c9b81b8f23a2bca4aff80f8492384496eb13c2
58970,product,cp,or_tautology,backend_valid,200,1,403,1,75e0f851d8c60733a869210b150cc83a6a88be41
58994,product,provincia,or_tautology,backend_valid,200,1,403,1,a5579a791997252034131d164d7133c6a15e3c65
59018,product,dni,or_tautology,backend_valid,200,1,403,1,0287cf81a2af3c197a7cf5557fb4562a52b3d5a0
59042,product,direccion,or_tautology,backend_valid,200,1,403,1,d8a9ad9f43a34da011740d0358f77e9a672e8f81
59066,product,apellidos,or_tautology,backend_valid,200,1,403,1,759e961143b38d56d592867036ecf03d7ae9cd3c
59106,product,nombre,or_tautology,backend_valid,200,1,403,1,711d4a39ea925943fc130a36a2db1df675d82087
59130,product,ntc,or_tautology,backend_valid,200,1,403,1,9f68e26af248d85408bdfca19b148be5fa460fb3
59154,product,email,or_tautology,backend_valid,200,1,403,1,7799cad51085c65efdddde12ea04606ffdb060fa
59178,product,password,or_tautology,backend_valid,200,1,403,1,e82a6d0133067b5b21a5d57f23c2b818cce38f40
59202,product,provincia,or_tautology,backend_valid,200,1,403,1,70c23ab0e704d5ea6a92ab4d636abad8f9b593d5
59226,product,dni,or_tautology,backend_valid,200,1,403,1,a123bf38a3b4280574a50c044cf00eaa9e4b48e0
59250,product,direccion,or_tautology,backend_valid,200,1,403,1,31e5fb4241fcff60bcb10334e3243c2171b9d073
59274,product,apellidos,or_tautology,backend_valid,200,1,403,1,12e54e12909d3fe52b0dc3102b77d0fca1f5580e
59298,product,ciudad,or_tautology,backend_valid,200,1,403,1,8b107fd5b2c72a0649227c64b3dbec7b7cd93353
59322,product,nombre,or_tautology,backend_valid,200,1,403,1,e53836bbee807adf8b514dc691983ea3e716627d
59346,product,login,or_tautology,backend_valid,200,1,403,1,7926501ef59379351954dbb34ecac56b66c1958f
59386,product,cp,or_tautology,backend_valid,200,1,403,1,0f6025640bfd25b128a507c130673c1feb27ba45
59410,product,provincia,or_tautology,backend_valid,200,1,403,1,865d4d11b8cdbfaf96d5730171d59c022736e5bb
59434,product,dni,or_tautology,backend_valid,200,1,403,1,8624f223b317f7ef3bfb192bc83d8506b5fd67b6
59458,product,direccion,or_tautology,backend_valid,200,1,403,1,05dee96964e9c1de4ad1bd25365dc35440f92002
59482,product,apellidos,or_tautology,backend_valid,200,1,403,1,16be46bda3be225f3d2cdfc933e3acd7757fefcd
59506,product,ciudad,or_tautology,backend_valid,200,1,403,1,789f617b0c0c161de896115ff6295f907707c342
59546,product,nombre,or_tautology,backend_valid,200,1,403,1,4c04d576c0e6d6ca02d0d6262bbe977962ff896e
59570,product,email,or_tautology,backend_valid,200,1,403,1,4b2cc6e71b774abcf44e7cb65d46f31715b6a1be
59594,product,login,or_tautology,backend_valid,200,1,403,1,2761a4b631203e9ca2f0b5507bc5d5344ad3ca0f
59618,product,cp,or_tautology,backend_valid,200,1,403,1,392c92e5211f12a103dc8e1d67e401ba0dc1e862
59642,product,provincia,or_tautology,backend_valid,200,1,403,1,03a154c9033bf62466d17e6f946ff04a2ad27722
59666,product,direccion,or_tautology,backend_valid,200,1,403,1,2a624cc62d94db5b6e987edbc54d56e4756ccda2
59706,product,password,or_tautology,backend_valid,200,1,403,1,c40609d09d111084d72e7842b361d5573de3be0f
59730,product,email,or_tautology,backend_valid,200,1,403,1,a88756e5b8bdf2dc3d12add0b9b432401c2ae68d
59754,product,login,or_tautology,backend_valid,200,1,403,1,d8399342fedc81ba7987c82d524e0c20feeef2cc
60246,product,login,or_tautology,backend_valid,200,1,403,1,d7a19e0c0a47a6a6b84afeec7e7f21b2f63a3a18
60254,product,login,or_tautology,backend_valid,200,1,403,1,1d2d688ff9e046ad559e598b1c12c780e7faf05f
3,filter,login,or_tautology,backend_valid,200,1,403,1,3bdaa172ff70442417ede7bd35fe60c5d0e73586
1659,filter,remember,or_tautology,backend_valid,200,1,403,1,e24828c9ec4c7690cabc26d8379f928fc5e048f2
1667,filter,remember,or_tautology,backend_valid,200,1,403,1,fb7840711debf6ac3afbf791975770d8ef5a36d9
1707,filter,remember,or_tautology,backend_valid,200,1,403,1,10b2ca2f38738a36bbb075ad4535a660ea408a98
1715,filter,remember,or_tautology,backend_valid,200,1,403,1,44b3dc8234783e8570a8cfb364211a1a0f607ab6
1839,filter,remember,or_tautology,backend_valid,200,1,403,1,b5a0b80abdbfb94b185cca9fa70c7ef6ea283280
1847,filter,remember,or_tautology,backend_valid,200,1,403,1,263182bb29ffbce7791bf0609f308230849e494c
1947,filter,remember,or_tautology,backend_valid,200,1,403,1,d20504c6fa3582f437ed5063f57d453b75429e3e
1955,filter,remember,or_tautology,backend_valid,200,1,403,1,6361426d38028a6f92029fdd398dbae7f64b3f72
1995,filter,remember,or_tautology,backend_valid,200,1,403,1,55902d79b34fa53856ed8464d4cbb280a941d013
2003,filter,remember,or_tautology,backend_valid,200,1,403,1,40e47a2abec8f600fa8fd4c26ecba67eba299867
30163,filter,modo,or_tautology,backend_valid,200,1,403,1,d0928179467564ba8ee67c0e5239a547051116dd
30171,filter,modo,or_tautology,backend_valid,200,1,403,1,ffafc867c72737bc143fe279e281895eaeb66d5b
30211,filter,modo,or_tautology,backend_valid,200,1,403,1,b73e27a055b4b0a892f1569985b7a1668eca78b3
30219,filter,modo,or_tautology,backend_valid,200,1,403,1,5a334a3b70aea73b31c7e3ede380e85a871ad4ed
30343,filter,modo,or_tautology,backend_valid,200,1,403,1,3faac7e0ca510f85367eff142e359b678f665276
30351,filter,modo,or_tautology,backend_valid,200,1,403,1,4905f41c41f851693a75db48fe9d1391572b6f05
30451,filter,modo,or_tautology,backend_valid,200,1,403,1,49a28bcc1cd1e92c6988993dcd81e89963d945aa
30459,filter,modo,or_tautology,backend_valid,200,1,403,1,8157ded5343e1d44ea924596d8f17742c0c21f0e
30499,filter,modo,or_tautology,backend_valid,200,1,403,1,45903a7f8aa2397c565466d482fac6e0f08aabaf
30507,filter,modo,or_tautology,backend_valid,200,1,403,1,9a0c040a65ab8fe11fd0b628224c125a6416762d
57947,filter,precio,or_tautology,backend_valid,200,1,403,1,0c5d4f0902c9fe4530a72a9cfe3dcb8aae61799a
58019,filter,id,or_tautology,backend_valid,200,1,403,1,7a7a71b70787259da720afd98ecdde7a6f5ebc6d
58043,filter,nombre,or_tautology,backend_valid,200,1,403,1,b5708a828f4dab2d34243ef29e5ca0ab04f7d35b
58059,filter,precio,or_tautology,backend_valid,200,1,403,1,1f4a30170fad00e9db5a27f039c4b1bb6bad4f4d
58083,filter,id,or_tautology,backend_valid,200,1,403,1,a4a034e3d61dc97e9c71b91123261faf292cc83b
58107,filter,cantidad,or_tautology,backend_valid,200,1,403,1,f13dbf50e919e93ea8cfbf11e338438e12159911
58131,filter,id,or_tautology,backend_valid,200,1,403,1,0b5e286ba701f49917979a1b5c24a4dfaf1bec62
58155,filter,nombre,or_tautology,backend_valid,200,1,403,1,bec3fe3a5302fa75a1609a1943578a75a980eb26
58171,filter,precio,or_tautology,backend_valid,200,1,403,1,11ef81f8103974c19ae2427add1fbcf531ad0731
58195,filter,id,or_tautology,backend_valid,200,1,403,1,a74724e943bd360999325f6756a48105ee888f88
58219,filter,cantidad,or_tautology,backend_valid,200,1,403,1,18c46bce90980f8301bd04b9ed5ac4c51abce3b7
58243,filter,id,or_tautology,backend_valid,200,1,403,1,9b2f525ddb0bbb72a416e531a5f9d1f7c6ae9aa6
58267,filter,nombre,or_tautology,backend_valid,200,1,403,1,343f67a1e202e1c48d6c38e3d8f6b622bff63aeb
58283,filter,precio,or_tautology,backend_valid,200,1,403,1,2ac6bde22e2881ee876860691c01f4e7bf01d941
58307,filter,id,or_tautology,backend_valid,200,1,403,1,dcdaae9cf6e79c887ea0356d52109c2385c8fcc8
58331,filter,cantidad,or_tautology,backend_valid,200,1,403,1,4109a8b1abcfdab5809bcc7bf026c908a2dcc913
58355,filter,login,or_tautology,backend_valid,200,1,403,1,984d1ed9aa14c5956b8e018fab7c141fc3d5db24
58379,filter,pwd,or_tautology,backend_valid,200,1,403,1,ffc8a2d741126a20beb22966cbc7a0fe126b911c
58387,filter,pwd,or_tautology,backend_valid,200,1,403,1,01d359d78b3bdfa9521057db31b33aef177104bf
58403,filter,remember,or_tautology,backend_valid,200,1,403,1,95a4e931e267f60371bb8bc01366235c3892bb17
58427,filter,modo,or_tautology,backend_valid,200,1,403,1,bb249e49f06c654fff5b9a8658df1ca5a1c03782
58443,filter,login,or_tautology,backend_valid,200,1,403,1,769a5653c0dc4c82365dc642886f3517f216cb78
58451,filter,login,or_tautology,backend_valid,200,1,403,1,236069c8600bd1408243b60cbb3a7c648c0ecc62
58467,filter,pwd,or_tautology,backend_valid,200,1,403,1,326673b0910ce3fed7efa6e95d836807fd980b45
58475,filter,pwd,or_tautology,backend_valid,200,1,403,1,021091f0f7e4098bf87a9363b39ede22216c4b42
58491,filter,modo,or_tautology,backend_valid,200,1,403,1,621045d7d748a780413d6dda8127c928f1c2ab3d
58507,filter,password,or_tautology,backend_valid,200,1,403,1,d0221739b1ac4e7b4e9c668808a76bd2678f6266
58531,filter,provincia,or_tautology,backend_valid,200,1,403,1,1dc189dadd8ef239df3260b0740341dbcd3c46df
58555,filter,dni,or_tautology,backend_valid,200,1,403,1,ea075e55b191581da46580ff48481448fa9f74a9
58579,filter,direccion,or_tautology,backend_valid,200,1,403,1,c59a12b7713e95ae9fab4d69325ba3d917049f11
58619,filter,email,or_tautology,backend_valid,200,1,403,1,fb02c53766601cc54c19a1dd813140b3c738166d
58643,filter,ciudad,or_tautology,backend_valid,200,1,403,1,47baa054f913336d25f65d09221fb01b89f39347
58667,filter,nombre,or_tautology,backend_valid,200,1,403,1,c3ea171d224ec85d6004349f7b9dfe101f397538
58691,filter,cp,or_tautology,backend_valid,200,1,403,1,2b0da22b282eb611687850e20fe595876769bfcf
58715,filter,modo,or_tautology,backend_valid,200,1,403,1,e7fd765bce2ee33b49b56e2dd7c340e83c4b78c1
58731,filter,cp,or_tautology,backend_valid,200,1,403,1,a8758ac4c6881210405f25ae852731a6833c0193
58755,filter,provincia,or_tautology,backend_valid,200,1,403,1,74e183688f997a5b93a31577597e977e6f9d03e2
58779,filter,dni,or_tautology,backend_valid,200,1,403,1,38c6875a5e2286910fa14a796d30e5263c0a1f9e
58803,filter,direccion,or_tautology,backend_valid,200,1,403,1,0b7f0f33b1918f80cc715d89cd25adfb30acd206
58827,filter,apellidos,or_tautology,backend_valid,200,1,403,1,c6999b78012522fb2083c82aab9520ab829d6b71
58851,filter,modo,or_tautology,backend_valid,200,1,403,1,6786fc0234db26952b764da854d2cae3a6c974f2
58867,filter,ntc,or_tautology,backend_valid,200,1,403,1,fce363e56196d1ebcfc3ff32870ee856e9c1993d
58891,filter,password,or_tautology,backend_valid,200,1,403,1,26cd5e4fd79d34e1406acbfb9bd52b47e6dda0d8
58915,filter,email,or_tautology,backend_valid,200,1,403,1,fee9e47ecb4b6be1a2099f16af8f717bf4b06640
58939,filter,login,or_tautology,backend_valid,200,1,403,1,cfd06867e0519808b6c6589573acac7c6183c2c1
58963,filter,cp,or_tautology,backend_valid,200,1,403,1,93ff82f1ce23a17e02c9aa2e467a06e59700c0d4
58987,filter,provincia,or_tautology,backend_valid,200,1,403,1,65ec310d21d85616fd03efb1645616c91f9e9be6
59011,filter,dni,or_tautology,backend_valid,200,1,403,1,0a048d8e9c8c224afb01ba86aca3481ef019139f
59035,filter,direccion,or_tautology,backend_valid,200,1,403,1,9c3e88a609a0a82e6950c2cde8cb9a71b42aae2f
59059,filter,apellidos,or_tautology,backend_valid,200,1,403,1,68f28a368aee5a1470352c5c3f8b25cb2fb8ddfc
59083,filter,modo,or_tautology,backend_valid,200,1,403,1,a05e7e8c4c4575546f68f2408fd41b380ab66f89
59099,filter,nombre,or_tautology,backend_valid,200,1,403,1,acf6e299b5398ecac09cbf42e53f6e9cfcdc433b
59123,filter,ntc,or_tautology,backend_valid,200,1,403,1,ead87bb1baf6377ec7f91adf2ae129e7f04958d3
59147,filter,email,or_tautology,backend_valid,200,1,403,1,e2b2e53b79ef2b59b87d57de55e825755a772d25
59171,filter,password,or_tautology,backend_valid,200,1,403,1,175bf5532c3d6e2a25946e4166fcdb6b715db041
59195,filter,provincia,or_tautology,backend_valid,200,1,403,1,d562e770d7c06028cd4cc3df786e26ca27f79d5f
59219,filter,dni,or_tautology,backend_valid,200,1,403,1,d6cc308d9f096a94381103731b5655528f51108c
59243,filter,direccion,or_tautology,backend_valid,200,1,403,1,038c86a3378d22af4fe0cfcc8ab49265a792a9a0
59267,filter,apellidos,or_tautology,backend_valid,200,1,403,1,5cdaea00237b3d7bf39f2ba9e590afb429d06748
59291,filter,ciudad,or_tautology,backend_valid,200,1,403,1,5f0ea5a6f9b0054ee299edec095af9fe81154edb
59315,filter,nombre,or_tautology,backend_valid,200,1,403,1,a4226066c2f34813ff8b140ac0e38c538e2cb548
59339,filter,login,or_tautology,backend_valid,200,1,403,1,bf1db42bfc95a2583753c38033cbab08788c0b5b
59363,filter,modo,or_tautology,backend_valid,200,1,403,1,f9c5013e124d0f747b55e8e9327b5ea457e4576a
59379,filter,cp,or_tautology,backend_valid,200,1,403,1,29e5c6edee85bc917cd081f8e6ed2bcc384e8a05
59403,filter,provincia,or_tautology,backend_valid,200,1,403,1,7999d7487ff3ed1e7263259e0c803c3b491cbe24
59427,filter,dni,or_tautology,backend_valid,200,1,403,1,d3847c4a129630c5b4b3dd8435ed1d1aa5544ca6
59451,filter,direccion,or_tautology,backend_valid,200,1,403,1,55e443ba6e9f76db8ad7bc2d0b1c14c9e852ed4c
59475,filter,apellidos,or_tautology,backend_valid,200,1,403,1,b4ade80eb816b3857868da85ec493e33f91abdfd
59499,filter,ciudad,or_tautology,backend_valid,200,1,403,1,e40f2255a45883b51cd912a969d8879cbc5e5ad9
59523,filter,modo,or_tautology,backend_valid,200,1,403,1,ede32d91b8154e25f644777ea097840b16053d80
59539,filter,nombre,or_tautology,backend_valid,200,1,403,1,3cd6a864a03e275d0b1a6e185be732bd35b5a0ec
59563,filter,email,or_tautology,backend_valid,200,1,403,1,85e98685ac127b1b4af39f944d9f6b00851fd2b4
59587,filter,login,or_tautology,backend_valid,200,1,403,1,488cdfa95d9208baf123b34cb2d772794ccef80b
59611,filter,cp,or_tautology,backend_valid,200,1,403,1,1b2fb0e4dfe5854f3856d18156b1d09951048693
59635,filter,provincia,or_tautology,backend_valid,200,1,403,1,c602630c26a78cdf43a538df3f214ac4e85482ef
59659,filter,direccion,or_tautology,backend_valid,200,1,403,1,bd9b51aa898b2a8a263daf47eda2a90a7aa2fcbb
59683,filter,modo,or_tautology,backend_valid,200,1,403,1,d3c681542d3cfa832df411cfc4147095532f8bb7
59699,filter,password,or_tautology,backend_valid,200,1,403,1,6b5fa31c48a9ef33143291a34fabd7fcc2766398
59723,filter,email,or_tautology,backend_valid,200,1,403,1,42113be72cd5ceea9a47a57d9f4df991b2ecde27
59747,filter,login,or_tautology,backend_valid,200,1,403,1,14980a34a7ee6126f5db4141c22c0c52dd772c10
60283,filter,login,or_tautology,backend_valid,200,1,403,1,17ff9e4c8af567afafa7ed123bd9fab8ed4d4fba
60291,filter,login,or_tautology,backend_valid,200,1,403,1,3453c90fb9ee5653376eb756e0729f9745356725
62791,filter,B2,or_tautology,backend_valid,200,1,403,1,81df1272e54464499ee4b3c7a49a18804f1027e2
62851,filter,B1,or_tautology,backend_valid,200,1,403,1,6db6afd5602c2d8505f944b6a56cc697d1de34a3
62903,filter,modo,or_tautology,backend_valid,200,1,403,1,de78f65d969921acde1e5ac68ed706e23d9836c6
62923,filter,nombre,or_tautology,backend_valid,200,1,403,1,1a312c7c551b3124dd98acf885ca2ba0720a38c3
62975,filter,B1,or_tautology,backend_valid,200,1,403,1,b52e5ad0d2e9a63e5297df896b3fc93d475e5686
63011,filter,B1,or_tautology,backend_valid,200,1,403,1,5440c690009cddf16d453925d54e8412482106a3
63059,filter,remember,or_tautology,backend_valid,200,1,403,1,b13f64b31dbf78c0617a3b4d9bc13934471c99dd
63063,filter,modo,or_tautology,backend_valid,200,1,403,1,80e5089df43743ad015cd17bdf1c880b28cf42cd
63119,filter,B1,or_tautology,backend_valid,200,1,403,1,6d97e9c6a74f3d361df601405543b941b073ee4b
63155,filter,B1,or_tautology,backend_valid,200,1,403,1,5b54b3678453000a4231c98a68118a8c46921314
