technique,cg_seed,n_rules,blocked,total,bypass200,other_nonblock,status
CRS-only,0,0,261,390,129,0,ok
CG-Adaptive,1,3,390,390,0,0,ok
CG-Adaptive,2,5,390,390,0,0,ok
CG-Adaptive,3,5,390,390,0,0,ok
CG-Adaptive,4,4,390,390,0,0,ok
CG-Adaptive,5,3,390,390,0,0,ok
CG-Adaptive,6,3,390,390,0,0,ok
CG-Adaptive,7,3,390,390,0,0,ok
CG-Adaptive,8,6,390,390,0,0,ok
CG-Adaptive,9,3,390,390,0,0,ok
CG-Adaptive,10,4,390,390,0,0,ok
CG-Static,1,6,390,390,0,0,ok
CG-Static,2,5,390,390,0,0,ok
CG-Static,3,3,390,390,0,0,ok
CG-Static,4,6,390,390,0,0,ok
CG-Static,5,2,390,390,0,0,ok
CG-Static,6,3,390,390,0,0,ok
CG-Static,7,2,390,390,0,0,ok
CG-Static,8,6,390,390,0,0,ok
CG-Static,9,2,390,390,0,0,ok
CG-Static,10,4,390,390,0,0,ok
