page,seed,n_winners,backend_valid_confirmed,bypass_not403,exploit_through_waf,false_bypass
login,1,437,437,437,437,0
login,2,424,424,424,424,0
login,3,451,451,451,451,0
login,4,432,432,432,432,0
login,5,390,390,390,390,0
search,1,456,456,456,456,0
search,2,489,489,489,489,0
search,3,487,487,487,487,0
search,4,458,458,458,458,0
search,5,482,482,482,482,0
product,1,471,471,471,471,0
product,2,463,463,463,463,0
product,3,462,462,462,462,0
product,4,467,467,467,467,0
product,5,474,474,474,474,0
filter,1,454,454,454,454,0
filter,2,454,454,454,454,0
filter,3,469,469,469,469,0
filter,4,466,466,466,466,0
filter,5,473,473,473,473,0
