family,context,strategy,regime,eps,seed,bypasses_B,accepted_rules,rules_per_100,defense_calls,attacker_calls,calls_per_rule,candidates,rejected,input_tokens,output_tokens,gen_time_s,rule_eval_time_s,wall_time_s,est_cost_usd
SQLi,login,PP-Static,static,0.3,1,300,119,39.6667,752,0,6.32,752,633,827157,90098,2076.9,634.63,2949.0,0.47502
SQLi,login,PP-Static,static,0.3,2,300,120,40.0,759,0,6.33,759,639,831383,87847,1971.0,675.99,2877.1,0.47311
SQLi,login,PP-Static,static,0.3,3,300,139,46.3333,716,0,5.15,716,577,779609,82601,1690.7,805.88,2705.6,0.44401
SQLi,login,PP-Static,static,0.3,4,300,105,35.0,741,0,7.06,741,636,976296,85898,2229.2,625.84,3090.5,0.52796
SQLi,login,PP-Static,static,0.3,5,300,94,31.3333,765,0,8.14,765,671,1010523,88720,2053.7,523.89,2819.2,0.54616
SQLi,login,PP-Static,static,0.3,6,300,93,31.0,761,0,8.18,761,668,1006017,89011,1846.3,522.24,2608.6,0.54482
SQLi,login,PP-Static,static,0.3,7,300,83,27.6667,773,0,9.31,773,690,1023233,91141,1749.1,476.04,2468.2,0.55512
SQLi,login,PP-Static,static,0.3,8,300,91,30.3333,760,0,8.35,760,669,1005160,89423,1689.7,525.53,2454.9,0.54514
SQLi,login,PP-Static,static,0.3,9,300,92,30.6667,765,0,8.32,765,673,1011041,89566,1894.8,550.39,2686.5,0.54772
SQLi,login,PP-Static,static,0.3,10,300,91,30.3333,759,0,8.34,759,668,1003044,88420,1880.6,551.76,2672.2,0.54269
SQLi,login,RG,static,0.3,1,300,3,1.0,138,0,46.0,138,135,159802,14866,265.7,52.62,362.8,0.08771
SQLi,login,RG,static,0.3,2,300,2,0.6667,43,0,21.5,43,41,50593,4652,78.1,19.34,113.0,0.02768
SQLi,login,RG,static,0.3,3,300,3,1.0,52,0,17.33,52,49,61353,5600,100.6,37.97,157.2,0.0335
SQLi,login,RG,static,0.3,4,300,2,0.6667,83,0,41.5,83,81,96866,8932,143.4,25.92,197.1,0.05304
SQLi,login,RG,static,0.3,5,300,2,0.6667,51,0,25.5,51,49,59868,5465,99.6,21.2,138.7,0.03269
SQLi,login,RG,static,0.3,6,300,2,0.6667,55,0,27.5,55,53,64354,5989,112.0,21.86,153.0,0.03532
SQLi,login,RG,static,0.3,7,300,2,0.6667,2,0,1.0,2,0,2674,228,4.0,12.98,20.4,0.00143
SQLi,login,RG,static,0.3,8,300,2,0.6667,71,0,35.5,71,69,83068,7684,124.2,25.31,173.4,0.04552
SQLi,login,RG,static,0.3,9,300,2,0.6667,68,0,34.0,68,66,80001,7280,126.9,30.0,180.1,0.04365
SQLi,login,RG,static,0.3,10,300,2,0.6667,43,0,21.5,43,41,50732,4577,78.0,22.39,116.0,0.02762
SQLi,login,CG-Static,static,0.1,1,300,2,0.6667,112,0,56.0,112,110,128937,10647,246.4,32.47,312.9,0.06861
SQLi,login,CG-Static,static,0.1,2,300,1,0.3333,57,0,57.0,59,58,65692,5581,117.6,17.3,154.7,0.03521
SQLi,login,CG-Static,static,0.1,3,300,1,0.3333,58,0,58.0,58,57,66730,5510,111.0,17.5,146.6,0.03551
SQLi,login,CG-Static,static,0.1,4,300,1,0.3333,100,0,100.0,100,99,115209,9590,238.7,37.37,308.8,0.06143
SQLi,login,CG-Static,static,0.1,5,300,1,0.3333,15,0,15.0,15,14,17294,1504,33.7,12.44,53.8,0.00932
SQLi,login,CG-Static,static,0.1,6,300,1,0.3333,153,0,153.0,153,152,176614,14578,361.1,51.39,461.2,0.09397
SQLi,login,CG-Static,static,0.1,7,300,1,0.3333,42,0,42.0,43,42,48537,4064,83.6,18.25,116.2,0.02592
SQLi,login,CG-Static,static,0.1,8,300,1,0.3333,39,0,39.0,40,39,44980,3859,187.6,12.79,214.4,0.02417
SQLi,login,CG-Static,static,0.1,9,300,1,0.3333,16,0,16.0,16,15,18596,1545,39.2,11.68,58.5,0.00991
SQLi,login,CG-Static,static,0.1,10,300,2,0.6667,16,0,8.0,16,14,18364,1638,74.0,14.03,95.5,0.00997
SQLi,login,CG-Static,static,0.2,1,300,2,0.6667,11,0,5.5,11,9,12726,1050,22.0,17.62,45.7,0.00677
SQLi,login,CG-Static,static,0.2,2,300,1,0.3333,43,0,43.0,43,42,49621,4085,101.8,22.37,139.9,0.02638
SQLi,login,CG-Static,static,0.2,3,300,1,0.3333,11,0,11.0,11,10,12683,1068,26.2,11.51,43.7,0.00678
SQLi,login,CG-Static,static,0.2,4,300,2,0.6667,34,0,17.0,34,32,39739,3228,77.3,22.78,113.2,0.02106
SQLi,login,CG-Static,static,0.2,5,300,2,0.6667,85,0,42.5,85,83,97953,8303,212.3,65.94,307.1,0.05247
SQLi,login,CG-Static,static,0.2,6,300,1,0.3333,15,0,15.0,15,14,17828,1426,34.9,13.09,55.3,0.00941
SQLi,login,CG-Static,static,0.2,7,300,1,0.3333,26,0,26.0,26,25,31411,2516,95.9,10.72,116.9,0.01659
SQLi,login,CG-Static,static,0.2,8,300,1,0.3333,11,0,11.0,11,10,13011,1046,25.2,12.2,43.5,0.00688
SQLi,login,CG-Static,static,0.2,9,300,1,0.3333,16,0,16.0,16,15,18560,1529,30.0,14.38,51.9,0.00987
SQLi,login,CG-Static,static,0.2,10,300,1,0.3333,6,0,6.0,6,5,7145,572,11.9,10.28,26.6,0.00377
SQLi,login,CG-Static,static,0.3,1,300,2,0.6667,18,0,9.0,18,16,21419,1815,43.6,22.38,74.3,0.01147
SQLi,login,CG-Static,static,0.3,2,300,3,1.0,86,0,28.67,87,84,99611,8176,199.0,90.02,1761.1,0.05293
SQLi,login,CG-Static,static,0.3,3,300,1,0.3333,1,0,1.0,1,0,1341,91,2.4,9.14,14.7,0.00068
SQLi,login,CG-Static,static,0.3,4,300,2,0.6667,36,0,18.0,36,34,42421,3559,97.0,25.34,136.0,0.02266
SQLi,login,CG-Static,static,0.3,5,300,2,0.6667,3,0,1.5,3,1,4040,278,6.6,14.27,24.5,0.00206
SQLi,login,CG-Static,static,0.3,6,300,2,0.6667,3,0,1.5,3,1,4109,299,7.0,14.6,25.3,0.00212
SQLi,login,CG-Static,static,0.3,7,300,2,0.6667,10,0,5.0,10,8,12177,1071,27.7,20.04,53.6,0.00658
SQLi,login,CG-Static,static,0.3,8,300,1,0.3333,1,0,1.0,1,0,1357,87,3.3,7.65,13.7,0.00068
SQLi,login,CG-Static,static,0.3,9,300,2,0.6667,57,0,28.5,57,55,66522,5517,129.0,43.32,192.4,0.03544
SQLi,login,CG-Static,static,0.3,10,300,2,0.6667,87,0,43.5,87,85,101629,8316,196.5,96.09,322.5,0.05396
SQLi,login,CG-Static,static,0.4,1,300,1,0.3333,1,0,1.0,1,0,1321,112,2.3,8.9,14.2,0.00071
SQLi,login,CG-Static,static,0.4,2,300,2,0.6667,31,0,15.5,31,29,39511,2997,107.1,41.05,160.5,0.0206
SQLi,login,CG-Static,static,0.4,3,300,1,0.3333,30,0,30.0,30,29,36557,2845,68.9,53.17,134.5,0.01917
SQLi,login,CG-Static,static,0.4,4,300,2,0.6667,13,0,6.5,13,11,18369,1303,37.0,38.61,82.7,0.00943
SQLi,login,CG-Static,static,0.4,5,300,2,0.6667,3,0,1.5,3,1,4124,282,10.0,15.43,29.9,0.0021
SQLi,login,CG-Static,static,0.4,6,300,1,0.3333,1,0,1.0,1,0,1349,90,2.5,8.66,14.2,0.00068
SQLi,login,CG-Static,static,0.4,7,300,1,0.3333,30,0,30.0,30,29,38180,2875,113.3,39.07,164.4,0.01987
SQLi,login,CG-Static,static,0.4,8,300,1,0.3333,1,0,1.0,1,0,1360,99,5.7,8.22,16.8,0.0007
SQLi,login,CG-Static,static,0.4,9,300,2,0.6667,4,0,2.0,4,2,5506,428,16.7,18.11,38.9,0.00289
SQLi,login,CG-Static,static,0.4,10,300,3,1.0,30,0,10.0,30,27,36918,2878,89.5,64.12,166.2,0.01937
SQLi,login,CG-Static,static,0.5,1,300,2,0.6667,3,0,1.5,3,1,4069,300,7.3,13.82,24.8,0.00211
SQLi,login,CG-Static,static,0.5,2,300,1,0.3333,30,0,30.0,30,29,35911,2692,91.5,54.95,158.8,0.01867
SQLi,login,CG-Static,static,0.5,3,300,1,0.3333,1,0,1.0,1,0,1342,95,2.1,8.72,14.0,0.00069
SQLi,login,CG-Static,static,0.5,4,300,2,0.6667,19,0,9.5,19,17,26945,1832,55.5,50.16,115.0,0.01371
SQLi,login,CG-Static,static,0.5,5,300,2,0.6667,4,0,2.0,4,2,5476,393,12.1,19.66,35.9,0.00282
SQLi,login,CG-Static,static,0.5,6,300,1,0.3333,1,0,1.0,1,0,1349,96,2.8,8.91,14.8,0.00069
SQLi,login,CG-Static,static,0.5,7,300,3,1.0,24,0,8.0,24,21,30548,2297,78.9,51.04,140.6,0.01589
SQLi,login,CG-Static,static,0.5,8,300,2,0.6667,4,0,2.0,4,2,5513,392,10.3,17.78,32.0,0.00283
SQLi,login,CG-Static,static,0.5,9,300,2,0.6667,4,0,2.0,4,2,5506,392,12.1,19.37,35.9,0.00283
SQLi,login,CG-Static,static,0.5,10,300,1,0.3333,1,0,1.0,1,0,1340,102,2.6,9.28,15.0,0.0007
SQLi,search,PP-Static,static,0.3,1,300,210,70.0,607,0,2.89,607,397,684166,92003,2034.5,1381.81,3581.1,0.42087
SQLi,search,PP-Static,static,0.3,2,300,193,64.3333,614,0,3.18,614,421,692594,93123,2294.2,1344.67,3817.4,0.42603
SQLi,search,PP-Static,static,0.3,3,300,204,68.0,598,0,2.93,598,394,673343,90609,2237.0,1472.3,3883.8,0.41431
SQLi,search,PP-Static,static,0.3,4,300,215,71.6667,589,0,2.74,589,374,660437,88256,2141.1,1594.8,3898.2,0.40538
SQLi,search,PP-Static,static,0.3,5,300,216,72.0,582,0,2.69,582,366,651649,88018,2128.5,1658.0,3954.3,0.40149
SQLi,search,PP-Static,static,0.3,6,300,222,74.0,566,0,2.55,566,344,761563,87976,1670.7,1291.67,3157.0,0.44539
SQLi,search,PP-Static,static,0.3,7,300,219,73.0,571,0,2.61,571,352,769436,88692,1620.4,1300.77,3117.0,0.44968
SQLi,search,PP-Static,static,0.3,8,300,227,75.6667,558,0,2.46,558,331,749775,85862,1636.4,1411.06,3240.5,0.43729
SQLi,search,PP-Static,static,0.3,9,300,230,76.6667,556,0,2.42,556,326,747216,86375,1847.6,1369.17,3407.6,0.43709
SQLi,search,PP-Static,static,0.3,10,300,225,75.0,573,0,2.55,573,348,772050,89092,1634.5,1378.14,3207.8,0.45137
SQLi,search,RG,static,0.3,1,300,1,0.3333,1,0,1.0,1,0,1824,126,1.8,7.86,12.4,0.00093
SQLi,search,RG,static,0.3,2,300,2,0.6667,7,0,3.5,8,6,8768,956,13.8,21.04,39.8,0.00504
SQLi,search,RG,static,0.3,3,300,1,0.3333,1,0,1.0,1,0,1748,132,1.8,8.06,12.6,0.00091
SQLi,search,RG,static,0.3,4,300,3,1.0,22,0,7.33,24,21,26622,2919,44.7,40.75,95.3,0.01532
SQLi,search,RG,static,0.3,5,300,1,0.3333,1,0,1.0,1,0,1782,131,2.1,9.32,14.6,0.00092
SQLi,search,RG,static,0.3,6,300,1,0.3333,1,0,1.0,1,0,1761,133,1.7,9.13,14.0,0.00092
SQLi,search,RG,static,0.3,7,300,1,0.3333,1,0,1.0,1,0,1808,118,2.0,9.33,14.7,0.00091
SQLi,search,RG,static,0.3,8,300,1,0.3333,1,0,1.0,1,0,1848,118,1.8,9.37,14.1,0.00093
SQLi,search,RG,static,0.3,9,300,1,0.3333,1,0,1.0,1,0,1791,122,1.9,8.63,13.6,0.00091
SQLi,search,RG,static,0.3,10,300,1,0.3333,1,0,1.0,1,0,1768,130,1.8,7.74,12.3,0.00092
SQLi,search,CG-Static,static,0.1,1,300,1,0.3333,1,0,1.0,1,0,1119,133,2.2,8.32,13.6,0.00066
SQLi,search,CG-Static,static,0.1,2,300,1,0.3333,31,0,31.0,31,30,36580,4022,92.5,42.54,144.1,0.02107
SQLi,search,CG-Static,static,0.1,3,300,1,0.3333,2,0,2.0,2,1,2288,267,5.1,8.1,16.4,0.00134
SQLi,search,CG-Static,static,0.1,4,300,1,0.3333,31,0,31.0,31,30,36577,4073,84.3,44.47,139.3,0.02115
SQLi,search,CG-Static,static,0.1,5,300,1,0.3333,2,0,2.0,2,1,2280,235,4.5,8.4,15.1,0.00129
SQLi,search,CG-Static,static,0.1,6,300,1,0.3333,3,0,3.0,3,2,3562,369,7.7,8.55,18.6,0.00202
SQLi,search,CG-Static,static,0.1,7,300,1,0.3333,1,0,1.0,1,0,1155,117,2.7,8.05,13.6,0.00065
SQLi,search,CG-Static,static,0.1,8,300,1,0.3333,2,0,2.0,2,1,2302,234,4.4,8.18,15.8,0.0013
SQLi,search,CG-Static,static,0.1,9,300,1,0.3333,1,0,1.0,1,0,1104,120,2.2,8.01,13.1,0.00063
SQLi,search,CG-Static,static,0.1,10,300,1,0.3333,2,0,2.0,2,1,2304,256,10.1,8.5,20.8,0.00133
SQLi,search,CG-Static,static,0.2,1,300,1,0.3333,1,0,1.0,1,0,1813,136,2.3,9.03,14.4,0.00094
SQLi,search,CG-Static,static,0.2,2,300,1,0.3333,31,0,31.0,32,31,36778,4037,75.6,50.44,138.7,0.02117
SQLi,search,CG-Static,static,0.2,3,300,1,0.3333,1,0,1.0,1,0,1776,122,2.0,8.65,13.7,0.00091
SQLi,search,CG-Static,static,0.2,4,300,1,0.3333,31,0,31.0,31,30,37253,3904,70.0,50.97,133.6,0.02115
SQLi,search,CG-Static,static,0.2,5,300,1,0.3333,1,0,1.0,1,0,1711,134,2.4,8.9,14.4,0.0009
SQLi,search,CG-Static,static,0.2,6,300,1,0.3333,2,0,2.0,2,1,2316,254,5.4,8.69,17.4,0.00133
SQLi,search,CG-Static,static,0.2,7,300,1,0.3333,1,0,1.0,1,0,1718,122,2.5,8.53,14.0,0.00088
SQLi,search,CG-Static,static,0.2,8,300,1,0.3333,1,0,1.0,1,0,1756,122,2.2,8.74,13.9,0.0009
SQLi,search,CG-Static,static,0.2,9,300,1,0.3333,1,0,1.0,1,0,1775,124,1.8,8.89,13.8,0.00091
SQLi,search,CG-Static,static,0.2,10,300,1,0.3333,1,0,1.0,1,0,1114,124,2.1,8.57,13.7,0.00064
SQLi,search,CG-Static,static,0.3,1,300,1,0.3333,1,0,1.0,1,0,1765,122,2.7,9.79,15.8,0.0009
SQLi,search,CG-Static,static,0.3,2,300,1,0.3333,31,0,31.0,31,30,37212,3983,92.1,65.93,170.9,0.02126
SQLi,search,CG-Static,static,0.3,3,300,1,0.3333,1,0,1.0,1,0,1773,120,3.9,10.31,17.4,0.0009
SQLi,search,CG-Static,static,0.3,4,300,1,0.3333,31,0,31.0,31,30,37256,4051,93.6,65.15,171.8,0.02138
SQLi,search,CG-Static,static,0.3,5,300,1,0.3333,1,0,1.0,1,0,1776,120,3.2,9.98,16.4,0.0009
SQLi,search,CG-Static,static,0.3,6,300,1,0.3333,1,0,1.0,1,0,1806,136,3.7,9.75,16.8,0.00094
SQLi,search,CG-Static,static,0.3,7,300,1,0.3333,1,0,1.0,1,0,1823,122,3.0,10.59,16.9,0.00092
SQLi,search,CG-Static,static,0.3,8,300,1,0.3333,1,0,1.0,1,0,1778,122,2.7,10.28,16.4,0.00091
SQLi,search,CG-Static,static,0.3,9,300,1,0.3333,1,0,1.0,1,0,1768,124,2.2,10.02,15.6,0.00091
SQLi,search,CG-Static,static,0.3,10,300,1,0.3333,1,0,1.0,1,0,1780,122,3.4,9.96,16.7,0.00091
SQLi,search,CG-Static,static,0.4,1,300,1,0.3333,1,0,1.0,1,0,1794,122,5.0,7.54,15.2,0.00091
SQLi,search,CG-Static,static,0.4,2,300,2,0.6667,30,0,15.0,30,28,35959,3894,124.4,43.22,179.7,0.02061
SQLi,search,CG-Static,static,0.4,3,300,1,0.3333,1,0,1.0,1,0,1780,119,7.5,7.99,18.2,0.0009
SQLi,search,CG-Static,static,0.4,4,300,1,0.3333,30,0,30.0,30,29,35999,3933,112.6,38.11,162.8,0.02069
SQLi,search,CG-Static,static,0.4,5,300,2,0.6667,2,0,1.0,2,0,2843,239,8.7,13.52,25.4,0.00152
SQLi,search,CG-Static,static,0.4,6,300,1,0.3333,1,0,1.0,1,0,1838,117,2.8,8.33,14.2,0.00092
SQLi,search,CG-Static,static,0.4,7,300,1,0.3333,1,0,1.0,2,1,1785,210,4.0,8.75,15.7,0.00105
SQLi,search,CG-Static,static,0.4,8,300,2,0.6667,2,0,1.0,3,1,3725,327,6.4,14.26,23.9,0.00201
SQLi,search,CG-Static,static,0.4,9,300,1,0.3333,1,0,1.0,1,0,1761,122,3.2,8.35,14.6,0.0009
SQLi,search,CG-Static,static,0.4,10,300,1,0.3333,1,0,1.0,1,0,1763,122,3.6,7.73,14.1,0.0009
SQLi,search,CG-Static,static,0.5,1,300,1,0.3333,1,0,1.0,1,0,1794,118,3.5,8.96,15.6,0.00091
SQLi,search,CG-Static,static,0.5,2,300,1,0.3333,30,0,30.0,30,29,35991,3803,104.3,45.15,161.7,0.02048
SQLi,search,CG-Static,static,0.5,3,300,1,0.3333,1,0,1.0,1,0,1780,120,4.2,8.15,15.2,0.0009
SQLi,search,CG-Static,static,0.5,4,300,1,0.3333,30,0,30.0,30,29,35999,3995,123.5,46.87,182.6,0.02079
SQLi,search,CG-Static,static,0.5,5,300,2,0.6667,2,0,1.0,2,0,2843,239,6.2,13.08,22.6,0.00152
SQLi,search,CG-Static,static,0.5,6,300,1,0.3333,1,0,1.0,1,0,1838,120,3.4,8.46,14.9,0.00093
SQLi,search,CG-Static,static,0.5,7,300,1,0.3333,1,0,1.0,2,1,1785,213,4.7,8.91,16.5,0.00105
SQLi,search,CG-Static,static,0.5,8,300,2,0.6667,2,0,1.0,2,0,2915,241,6.2,13.81,23.5,0.00155
SQLi,search,CG-Static,static,0.5,9,300,1,0.3333,1,0,1.0,1,0,1761,119,2.6,8.31,13.9,0.00089
SQLi,search,CG-Static,static,0.5,10,300,1,0.3333,1,0,1.0,1,0,1763,120,3.6,8.53,15.1,0.0009
SQLi,product,PP-Static,static,0.3,1,300,214,71.3333,560,0,2.62,560,346,621495,78858,1699.7,1028.52,2917.1,0.37477
SQLi,product,PP-Static,static,0.3,2,300,205,68.3333,561,0,2.74,561,356,623156,79262,1702.2,1063.94,2947.6,0.37608
SQLi,product,PP-Static,static,0.3,3,300,216,72.0,532,0,2.46,532,316,585599,74621,1908.0,1067.74,3149.3,0.35363
SQLi,product,PP-Static,static,0.3,4,300,214,71.3333,563,0,2.63,563,349,624841,79941,2144.5,1060.12,3391.0,0.37784
SQLi,product,PP-Static,static,0.3,5,300,228,76.0,525,0,2.3,525,297,577715,74148,1623.5,1151.72,2951.8,0.34972
SQLi,product,PP-Static,static,0.3,6,300,182,60.6667,730,0,4.01,730,548,1001248,113400,2120.4,941.87,3300.9,0.58194
SQLi,product,PP-Static,static,0.3,7,300,154,51.3333,719,0,4.67,719,565,985750,112357,2283.7,827.94,3345.0,0.57407
SQLi,product,PP-Static,static,0.3,8,300,180,60.0,703,0,3.91,703,523,962160,110997,2282.5,992.92,3506.8,0.56246
SQLi,product,PP-Static,static,0.3,9,300,177,59.0,702,0,3.97,702,525,959424,109030,2299.4,985.63,3516.4,0.55822
SQLi,product,PP-Static,static,0.3,10,300,177,59.0,714,0,4.03,714,537,977465,110664,2279.6,996.59,3511.7,0.56805
SQLi,product,RG,static,0.3,1,300,1,0.3333,1,0,1.0,1,0,1765,125,2.9,8.55,14.4,0.00091
SQLi,product,RG,static,0.3,2,300,1,0.3333,1,0,1.0,1,0,1711,116,1.8,8.4,13.2,0.00087
SQLi,product,RG,static,0.3,3,300,1,0.3333,1,0,1.0,1,0,1740,129,2.3,8.46,13.7,0.0009
SQLi,product,RG,static,0.3,4,300,1,0.3333,1,0,1.0,1,0,1708,127,2.0,8.48,13.5,0.00089
SQLi,product,RG,static,0.3,5,300,1,0.3333,1,0,1.0,1,0,1714,122,2.1,8.8,13.9,0.00088
SQLi,product,RG,static,0.3,6,300,1,0.3333,1,0,1.0,1,0,1753,125,2.0,8.46,13.4,0.0009
SQLi,product,RG,static,0.3,7,300,1,0.3333,1,0,1.0,1,0,1717,127,2.1,8.87,13.8,0.00089
SQLi,product,RG,static,0.3,8,300,1,0.3333,1,0,1.0,1,0,1695,119,2.1,8.49,13.6,0.00087
SQLi,product,RG,static,0.3,9,300,1,0.3333,1,0,1.0,1,0,1729,141,2.0,8.54,13.5,0.00092
SQLi,product,RG,static,0.3,10,300,1,0.3333,1,0,1.0,1,0,1732,128,2.2,8.43,13.6,0.0009
SQLi,product,CG-Static,static,0.1,1,300,1,0.3333,1,0,1.0,1,0,1109,120,2.5,8.52,13.9,0.00064
SQLi,product,CG-Static,static,0.1,2,300,1,0.3333,1,0,1.0,1,0,1338,117,2.5,8.9,14.7,0.00072
SQLi,product,CG-Static,static,0.1,3,300,1,0.3333,1,0,1.0,1,0,1107,119,2.3,8.85,13.2,0.00063
SQLi,product,CG-Static,static,0.1,4,300,1,0.3333,2,0,2.0,2,1,2294,248,5.0,9.07,17.6,0.00131
SQLi,product,CG-Static,static,0.1,5,300,1,0.3333,1,0,1.0,1,0,1106,117,2.2,8.84,13.1,0.00063
SQLi,product,CG-Static,static,0.1,6,300,2,0.6667,3,0,1.5,3,1,3407,365,6.9,13.5,23.2,0.00195
SQLi,product,CG-Static,static,0.1,7,300,1,0.3333,2,0,2.0,2,1,2288,259,5.0,8.5,16.7,0.00133
SQLi,product,CG-Static,static,0.1,8,300,1,0.3333,1,0,1.0,1,0,1119,116,2.4,9.27,13.6,0.00063
SQLi,product,CG-Static,static,0.1,9,300,1,0.3333,1,0,1.0,1,0,1112,121,2.2,8.78,14.2,0.00064
SQLi,product,CG-Static,static,0.1,10,300,1,0.3333,1,0,1.0,1,0,1108,119,1.2,8.17,12.3,0.00063
SQLi,product,CG-Static,static,0.2,1,300,1,0.3333,1,0,1.0,1,0,1109,122,2.8,8.42,14.3,0.00064
SQLi,product,CG-Static,static,0.2,2,300,1,0.3333,1,0,1.0,1,0,1706,124,2.1,8.72,13.8,0.00088
SQLi,product,CG-Static,static,0.2,3,300,1,0.3333,1,0,1.0,1,0,1714,122,2.3,8.65,14.0,0.00088
SQLi,product,CG-Static,static,0.2,4,300,1,0.3333,1,0,1.0,1,0,1672,134,2.6,9.23,14.9,0.00088
SQLi,product,CG-Static,static,0.2,5,300,1,0.3333,1,0,1.0,1,0,1745,133,2.2,9.64,14.9,0.00091
SQLi,product,CG-Static,static,0.2,6,300,1,0.3333,1,0,1.0,1,0,1764,116,4.1,9.81,17.2,0.00089
SQLi,product,CG-Static,static,0.2,7,300,1,0.3333,1,0,1.0,1,0,1714,122,2.0,9.82,15.2,0.00088
SQLi,product,CG-Static,static,0.2,8,300,1,0.3333,1,0,1.0,1,0,1119,120,2.0,9.39,14.7,0.00064
SQLi,product,CG-Static,static,0.2,9,300,1,0.3333,1,0,1.0,1,0,1735,133,2.5,8.89,14.7,0.00091
SQLi,product,CG-Static,static,0.2,10,300,1,0.3333,1,0,1.0,1,0,1714,117,1.9,8.71,13.6,0.00087
SQLi,product,CG-Static,static,0.3,1,300,1,0.3333,1,0,1.0,1,0,1717,122,2.7,10.51,16.5,0.00088
SQLi,product,CG-Static,static,0.3,2,300,1,0.3333,1,0,1.0,1,0,1694,120,2.7,10.08,16.2,0.00087
SQLi,product,CG-Static,static,0.3,3,300,1,0.3333,1,0,1.0,1,0,1711,122,3.2,9.91,16.6,0.00088
SQLi,product,CG-Static,static,0.3,4,300,1,0.3333,1,0,1.0,1,0,1713,122,2.5,9.82,15.6,0.00088
SQLi,product,CG-Static,static,0.3,5,300,1,0.3333,1,0,1.0,1,0,1729,131,7.0,9.81,20.1,0.0009
SQLi,product,CG-Static,static,0.3,6,300,1,0.3333,1,0,1.0,1,0,1737,116,2.2,9.67,15.1,0.00088
SQLi,product,CG-Static,static,0.3,7,300,1,0.3333,1,0,1.0,1,0,1730,122,3.1,9.58,15.9,0.00089
SQLi,product,CG-Static,static,0.3,8,300,1,0.3333,1,0,1.0,1,0,1736,120,2.6,10.23,16.2,0.00089
SQLi,product,CG-Static,static,0.3,9,300,1,0.3333,1,0,1.0,1,0,1710,120,3.3,10.04,16.7,0.00088
SQLi,product,CG-Static,static,0.3,10,300,1,0.3333,1,0,1.0,1,0,1729,134,3.3,9.72,16.3,0.00091
SQLi,product,CG-Static,static,0.4,1,300,1,0.3333,1,0,1.0,1,0,1725,124,3.7,7.83,14.2,0.00089
SQLi,product,CG-Static,static,0.4,2,300,2,0.6667,2,0,1.0,2,0,2797,236,7.2,12.31,22.6,0.0015
SQLi,product,CG-Static,static,0.4,3,300,1,0.3333,1,0,1.0,1,0,1724,122,2.9,7.85,13.5,0.00088
SQLi,product,CG-Static,static,0.4,4,300,1,0.3333,1,0,1.0,1,0,1736,117,4.1,7.59,14.4,0.00088
SQLi,product,CG-Static,static,0.4,5,300,1,0.3333,1,0,1.0,1,0,1716,122,3.8,7.76,14.2,0.00088
SQLi,product,CG-Static,static,0.4,6,300,1,0.3333,1,0,1.0,1,0,1712,122,3.9,8.16,14.9,0.00088
SQLi,product,CG-Static,static,0.4,7,300,1,0.3333,1,0,1.0,1,0,1711,117,2.6,8.1,13.6,0.00087
SQLi,product,CG-Static,static,0.4,8,300,1,0.3333,1,0,1.0,1,0,1749,124,3.0,7.68,13.4,0.0009
SQLi,product,CG-Static,static,0.4,9,300,1,0.3333,1,0,1.0,1,0,1712,122,3.0,7.68,13.4,0.00088
SQLi,product,CG-Static,static,0.4,10,300,2,0.6667,2,0,1.0,2,0,2993,256,6.5,12.25,21.9,0.00161
SQLi,product,CG-Static,static,0.5,1,300,1,0.3333,1,0,1.0,1,0,1725,117,3.9,8.4,15.2,0.00088
SQLi,product,CG-Static,static,0.5,2,300,1,0.3333,1,0,1.0,1,0,1693,136,4.8,7.81,15.4,0.00089
SQLi,product,CG-Static,static,0.5,3,300,1,0.3333,1,0,1.0,1,0,1724,122,3.4,8.61,14.9,0.00088
SQLi,product,CG-Static,static,0.5,4,300,1,0.3333,1,0,1.0,1,0,1736,122,3.7,8.5,15.4,0.00089
SQLi,product,CG-Static,static,0.5,5,300,1,0.3333,1,0,1.0,1,0,1716,122,3.1,8.83,14.9,0.00088
SQLi,product,CG-Static,static,0.5,6,300,1,0.3333,1,0,1.0,1,0,1712,120,3.6,8.98,15.7,0.00088
SQLi,product,CG-Static,static,0.5,7,300,1,0.3333,1,0,1.0,1,0,1711,122,6.1,8.92,18.1,0.00088
SQLi,product,CG-Static,static,0.5,8,300,2,0.6667,2,0,1.0,2,0,2868,240,7.5,13.08,24.1,0.00153
SQLi,product,CG-Static,static,0.5,9,300,1,0.3333,1,0,1.0,1,0,1712,122,3.8,8.25,15.0,0.00088
SQLi,product,CG-Static,static,0.5,10,300,1,0.3333,1,0,1.0,1,0,1742,122,3.6,8.84,15.5,0.00089
SQLi,filter,PP-Static,static,0.3,1,300,191,63.6667,653,0,3.42,653,462,732778,90172,2616.6,1559.12,4361.7,0.43739
SQLi,filter,PP-Static,static,0.3,2,300,187,62.3333,673,0,3.6,673,486,756716,92355,4092.2,1570.23,5846.1,0.45045
SQLi,filter,PP-Static,static,0.3,3,300,195,65.0,662,0,3.39,662,467,744808,91821,3816.0,1836.75,5819.5,0.44484
SQLi,filter,PP-Static,static,0.3,4,300,181,60.3333,683,0,3.77,683,502,923778,95907,1898.4,1131.78,3254.8,0.52296
SQLi,filter,PP-Static,static,0.3,5,300,182,60.6667,694,0,3.81,694,512,940504,97138,2000.1,1208.37,3437.6,0.53162
SQLi,filter,PP-Static,static,0.3,6,300,196,65.3333,653,0,3.33,653,457,880007,90565,1945.2,1291.86,3454.5,0.49691
SQLi,filter,PP-Static,static,0.3,7,300,139,46.3333,728,0,5.24,728,589,990588,102393,1648.8,710.62,2593.2,0.56006
SQLi,filter,PP-Static,static,0.3,8,300,185,61.6667,660,0,3.57,660,475,890648,92220,1640.6,876.02,2733.0,0.50381
SQLi,filter,PP-Static,static,0.3,9,300,190,63.3333,687,0,3.62,687,497,929869,97529,1917.1,1017.08,3160.8,0.52799
SQLi,filter,PP-Static,static,0.3,10,300,183,61.0,679,0,3.71,679,496,920082,96590,1929.5,1024.59,3178.3,0.52258
SQLi,filter,RG,static,0.3,1,300,1,0.3333,1,0,1.0,1,0,1768,131,2.6,8.49,14.0,0.00092
SQLi,filter,RG,static,0.3,2,300,1,0.3333,1,0,1.0,1,0,1766,128,2.0,8.58,13.6,0.00091
SQLi,filter,RG,static,0.3,3,300,1,0.3333,1,0,1.0,1,0,1756,127,1.8,7.9,12.6,0.00091
SQLi,filter,RG,static,0.3,4,300,1,0.3333,1,0,1.0,1,0,1824,119,1.7,7.9,12.4,0.00092
SQLi,filter,RG,static,0.3,5,300,1,0.3333,1,0,1.0,1,0,1812,130,1.8,8.32,12.9,0.00093
SQLi,filter,RG,static,0.3,6,300,1,0.3333,1,0,1.0,1,0,1734,126,1.9,8.64,13.4,0.0009
SQLi,filter,RG,static,0.3,7,300,1,0.3333,1,0,1.0,1,0,1816,127,2.2,8.39,13.6,0.00093
SQLi,filter,RG,static,0.3,8,300,1,0.3333,1,0,1.0,1,0,1710,130,2.2,8.16,13.3,0.00089
SQLi,filter,RG,static,0.3,9,300,1,0.3333,1,0,1.0,1,0,1762,123,2.1,8.22,13.2,0.0009
SQLi,filter,RG,static,0.3,10,300,1,0.3333,1,0,1.0,1,0,1709,135,2.3,8.78,14.2,0.0009
SQLi,filter,CG-Static,static,0.1,1,300,1,0.3333,1,0,1.0,1,0,1104,119,2.7,8.25,12.8,0.00063
SQLi,filter,CG-Static,static,0.1,2,300,1,0.3333,2,0,2.0,2,1,2292,258,6.8,8.1,18.1,0.00133
SQLi,filter,CG-Static,static,0.1,3,300,1,0.3333,2,0,2.0,2,1,2304,247,4.1,8.12,15.5,0.00132
SQLi,filter,CG-Static,static,0.1,4,300,2,0.6667,2,0,1.0,2,0,2256,230,6.0,12.74,22.0,0.00127
SQLi,filter,CG-Static,static,0.1,5,300,1,0.3333,1,0,1.0,1,0,1119,120,3.5,8.16,12.9,0.00064
SQLi,filter,CG-Static,static,0.1,6,300,2,0.6667,3,0,1.5,3,1,3481,379,11.2,13.24,28.0,0.002
SQLi,filter,CG-Static,static,0.1,7,300,1,0.3333,1,0,1.0,1,0,1121,119,2.5,8.32,12.7,0.00064
SQLi,filter,CG-Static,static,0.1,8,300,1,0.3333,2,0,2.0,2,1,2286,237,5.2,8.57,17.1,0.00129
SQLi,filter,CG-Static,static,0.1,9,300,1,0.3333,1,0,1.0,1,0,1108,124,3.8,8.34,15.2,0.00064
SQLi,filter,CG-Static,static,0.1,10,300,1,0.3333,1,0,1.0,1,0,1114,119,2.8,8.34,12.5,0.00064
SQLi,filter,CG-Static,static,0.2,1,300,1,0.3333,1,0,1.0,1,0,1748,122,2.3,8.97,14.4,0.00089
SQLi,filter,CG-Static,static,0.2,2,300,1,0.3333,1,0,1.0,1,0,1701,124,2.1,8.45,13.6,0.00088
SQLi,filter,CG-Static,static,0.2,3,300,1,0.3333,1,0,1.0,1,0,1708,120,6.9,8.55,18.6,0.00088
SQLi,filter,CG-Static,static,0.2,4,300,1,0.3333,1,0,1.0,1,0,1136,117,1.8,8.46,13.3,0.00064
SQLi,filter,CG-Static,static,0.2,5,300,1,0.3333,1,0,1.0,1,0,1119,117,2.0,8.33,13.3,0.00063
SQLi,filter,CG-Static,static,0.2,6,300,1,0.3333,1,0,1.0,1,0,1726,124,2.2,8.41,13.5,0.00089
SQLi,filter,CG-Static,static,0.2,7,300,1,0.3333,2,0,2.0,2,1,2318,261,4.9,8.76,16.9,0.00134
SQLi,filter,CG-Static,static,0.2,8,300,1,0.3333,1,0,1.0,1,0,1716,124,2.2,8.84,14.1,0.00088
SQLi,filter,CG-Static,static,0.2,9,300,1,0.3333,1,0,1.0,1,0,1748,122,1.9,8.54,13.5,0.00089
SQLi,filter,CG-Static,static,0.2,10,300,2,0.6667,2,0,1.0,2,0,2862,254,4.3,13.23,20.9,0.00155
SQLi,filter,CG-Static,static,0.3,1,300,1,0.3333,1,0,1.0,1,0,1696,136,3.3,9.92,16.6,0.0009
SQLi,filter,CG-Static,static,0.3,2,300,1,0.3333,1,0,1.0,1,0,1759,133,4.1,9.67,17.1,0.00092
SQLi,filter,CG-Static,static,0.3,3,300,1,0.3333,1,0,1.0,1,0,1779,124,3.0,9.6,15.8,0.00091
SQLi,filter,CG-Static,static,0.3,4,300,1,0.3333,3,0,3.0,3,2,3610,378,11.7,10.15,25.8,0.00205
SQLi,filter,CG-Static,static,0.3,5,300,1,0.3333,1,0,1.0,1,0,1775,124,3.6,9.75,16.6,0.00091
SQLi,filter,CG-Static,static,0.3,6,300,1,0.3333,1,0,1.0,1,0,1719,117,3.6,9.74,16.6,0.00087
SQLi,filter,CG-Static,static,0.3,7,300,2,0.6667,2,0,1.0,2,0,3478,250,10.2,12.0,25.3,0.00179
SQLi,filter,CG-Static,static,0.3,8,300,1,0.3333,1,0,1.0,1,0,1730,135,4.3,7.31,14.7,0.00091
SQLi,filter,CG-Static,static,0.3,9,300,1,0.3333,1,0,1.0,1,0,1745,120,3.7,8.11,14.7,0.00089
SQLi,filter,CG-Static,static,0.3,10,300,1,0.3333,1,0,1.0,1,0,1752,122,3.1,8.26,14.1,0.0009
SQLi,filter,CG-Static,static,0.4,1,300,1,0.3333,1,0,1.0,1,0,1711,124,3.0,8.72,14.5,0.00088
SQLi,filter,CG-Static,static,0.4,2,300,1,0.3333,1,0,1.0,1,0,1748,122,3.5,8.29,14.8,0.00089
SQLi,filter,CG-Static,static,0.4,3,300,1,0.3333,1,0,1.0,1,0,1773,124,4.0,8.16,15.0,0.00091
SQLi,filter,CG-Static,static,0.4,4,300,1,0.3333,1,0,1.0,1,0,1777,120,2.9,8.22,14.0,0.0009
SQLi,filter,CG-Static,static,0.4,5,300,1,0.3333,1,0,1.0,1,0,1771,124,3.1,8.19,14.2,0.00091
SQLi,filter,CG-Static,static,0.4,6,300,1,0.3333,1,0,1.0,1,0,1774,124,3.7,8.14,14.8,0.00091
SQLi,filter,CG-Static,static,0.4,7,300,1,0.3333,1,0,1.0,1,0,1759,124,3.3,7.9,14.0,0.0009
SQLi,filter,CG-Static,static,0.4,8,300,1,0.3333,1,0,1.0,1,0,1712,120,4.3,7.9,15.0,0.00088
SQLi,filter,CG-Static,static,0.4,9,300,1,0.3333,1,0,1.0,1,0,1722,122,4.3,8.38,15.5,0.00088
SQLi,filter,CG-Static,static,0.4,10,300,1,0.3333,1,0,1.0,1,0,1758,120,3.0,8.87,14.8,0.0009
SQLi,filter,CG-Static,static,0.5,1,300,1,0.3333,1,0,1.0,1,0,1711,116,8.7,8.2,19.8,0.00087
SQLi,filter,CG-Static,static,0.5,2,300,1,0.3333,1,0,1.0,1,0,1748,140,4.1,8.69,15.7,0.00092
SQLi,filter,CG-Static,static,0.5,3,300,1,0.3333,1,0,1.0,1,0,1773,124,8.6,8.96,20.6,0.00091
SQLi,filter,CG-Static,static,0.5,4,300,1,0.3333,1,0,1.0,1,0,1777,133,3.5,8.76,15.3,0.00092
SQLi,filter,CG-Static,static,0.5,5,300,1,0.3333,1,0,1.0,1,0,1771,124,7.8,9.12,20.0,0.00091
SQLi,filter,CG-Static,static,0.5,6,300,1,0.3333,1,0,1.0,1,0,1774,122,2.4,8.77,14.2,0.0009
SQLi,filter,CG-Static,static,0.5,7,300,1,0.3333,2,0,2.0,3,2,3616,321,9.8,8.44,21.4,0.00196
SQLi,filter,CG-Static,static,0.5,8,300,1,0.3333,1,0,1.0,1,0,1712,136,3.6,8.96,15.6,0.0009
SQLi,filter,CG-Static,static,0.5,9,300,1,0.3333,1,0,1.0,1,0,1722,122,4.4,8.81,16.4,0.00088
SQLi,filter,CG-Static,static,0.5,10,300,1,0.3333,1,0,1.0,1,0,1758,124,4.3,8.55,15.9,0.0009
XSS,search,PP-Static,static,0.3,1,300,297,99.0,340,0,1.14,340,43,718208,63412,1381.9,1436.7,2929.8,0.38874
XSS,search,PP-Static,static,0.3,2,300,297,99.0,364,0,1.23,364,67,813186,67672,1413.2,1326.72,2857.9,0.43355
XSS,search,PP-Static,static,0.3,3,300,292,97.3333,316,0,1.08,316,24,520436,54942,1048.9,1331.87,2484.2,0.29608
XSS,search,PP-Static,static,0.3,4,300,297,99.0,339,0,1.14,339,42,731247,65223,1275.6,1503.94,2890.2,0.39686
XSS,search,PP-Static,static,0.3,5,300,300,100.0,312,0,1.04,312,12,511679,53756,1013.1,1577.14,2692.8,0.29068
XSS,search,PP-Static,static,0.3,6,300,297,99.0,342,0,1.15,342,45,647336,59374,1119.6,1726.3,2957.8,0.35393
XSS,search,PP-Static,static,0.3,7,300,297,99.0,312,0,1.05,312,15,512001,53684,1048.5,1793.73,2945.1,0.29069
XSS,search,PP-Static,static,0.3,8,300,298,99.3333,310,0,1.04,310,12,507868,53316,1113.3,1905.47,3121.3,0.28845
XSS,search,PP-Static,static,0.3,9,300,297,99.0,318,0,1.07,318,21,522828,54534,1199.5,1973.29,3277.8,0.29639
XSS,search,PP-Static,static,0.3,10,300,296,98.6667,347,0,1.17,347,51,653409,60994,1427.1,2223.66,3765.2,0.35895
XSS,search,RG,static,0.3,1,300,2,0.6667,32,0,16.0,42,40,58117,8449,104.5,31.59,147.4,0.03677
XSS,search,RG,static,0.3,2,300,2,0.6667,30,0,15.0,43,41,56538,7813,104.5,33.07,148.3,0.03512
XSS,search,RG,static,0.3,3,300,1,0.3333,30,0,30.0,41,40,55334,7744,116.6,30.33,157.7,0.03452
XSS,search,RG,static,0.3,4,300,2,0.6667,30,0,15.0,46,44,54739,8114,109.4,34.29,154.5,0.03488
XSS,search,RG,static,0.3,5,300,2,0.6667,2,0,1.0,2,0,4117,464,5.8,8.68,16.8,0.00239
XSS,search,RG,static,0.3,6,300,1,0.3333,30,0,30.0,41,40,54306,7854,113.2,30.33,154.4,0.03429
XSS,search,RG,static,0.3,7,300,1,0.3333,30,0,30.0,48,47,56315,7886,106.8,31.92,149.4,0.03514
XSS,search,RG,static,0.3,8,300,1,0.3333,1,0,1.0,1,0,2102,203,2.7,5.85,10.6,0.00117
XSS,search,RG,static,0.3,9,300,2,0.6667,30,0,15.0,46,44,54824,7862,97.3,36.8,144.9,0.03451
XSS,search,RG,static,0.3,10,300,2,0.6667,30,0,15.0,34,32,54517,7246,100.4,33.66,144.9,0.0334
XSS,search,CG-Static,static,0.1,1,300,3,1.0,7,0,2.33,7,4,12309,1413,23.1,12.15,39.0,0.00718
XSS,search,CG-Static,static,0.1,2,300,2,0.6667,33,0,16.5,37,35,60422,7414,180.2,36.16,226.1,0.03603
XSS,search,CG-Static,static,0.1,3,300,1,0.3333,62,0,62.0,66,65,110997,13787,1650.8,41.66,1713.1,0.06646
XSS,search,CG-Static,static,0.1,4,300,1,0.3333,30,0,30.0,33,32,53717,6608,100.6,34.0,145.4,0.03206
XSS,search,CG-Static,static,0.1,5,300,1,0.3333,2,0,2.0,2,1,3475,461,6.8,5.8,14.8,0.00213
XSS,search,CG-Static,static,0.1,6,300,2,0.6667,32,0,16.0,32,30,56898,6749,101.9,37.63,151.1,0.03356
XSS,search,CG-Static,static,0.1,7,300,1,0.3333,31,0,31.0,40,39,57005,7479,126.3,35.57,172.9,0.03477
XSS,search,CG-Static,static,0.1,8,300,2,0.6667,6,0,3.0,8,6,11235,1168,17.0,9.97,30.4,0.00636
XSS,search,CG-Static,static,0.1,9,300,1,0.3333,31,0,31.0,33,32,55384,6819,93.8,34.81,139.8,0.03306
XSS,search,CG-Static,static,0.1,10,300,3,1.0,17,0,5.67,19,16,30296,3753,51.3,24.51,82.7,0.01812
XSS,search,CG-Static,static,0.2,1,300,2,0.6667,38,0,19.0,39,37,68293,7798,131.6,44.22,189.2,0.03979
XSS,search,CG-Static,static,0.2,2,300,2,0.6667,31,0,15.5,37,35,56828,6996,112.4,44.03,167.7,0.03392
XSS,search,CG-Static,static,0.2,3,300,1,0.3333,30,0,30.0,34,33,55284,6821,113.3,40.95,165.1,0.03303
XSS,search,CG-Static,static,0.2,4,300,2,0.6667,33,0,16.5,37,35,60065,7354,115.3,43.02,170.1,0.03579
XSS,search,CG-Static,static,0.2,5,300,2,0.6667,5,0,2.5,5,3,9403,888,17.1,9.71,30.0,0.00518
XSS,search,CG-Static,static,0.2,6,300,2,0.6667,33,0,16.5,40,38,59600,7501,168.3,46.0,226.1,0.03584
XSS,search,CG-Static,static,0.2,7,300,2,0.6667,33,0,16.5,39,37,60623,7271,130.1,46.47,188.3,0.03588
XSS,search,CG-Static,static,0.2,8,300,1,0.3333,2,0,2.0,4,3,4507,560,9.0,7.09,18.4,0.0027
XSS,search,CG-Static,static,0.2,9,300,1,0.3333,32,0,32.0,36,35,57141,7285,114.7,42.08,168.3,0.03451
XSS,search,CG-Static,static,0.2,10,300,2,0.6667,31,0,15.5,38,36,56326,6986,115.4,47.2,173.8,0.03371
XSS,search,CG-Static,static,0.3,1,300,2,0.6667,30,0,15.0,30,28,53640,6479,216.6,27.99,255.4,0.03182
XSS,search,CG-Static,static,0.3,2,300,2,0.6667,30,0,15.0,31,29,55144,6227,241.3,27.62,279.4,0.03202
XSS,search,CG-Static,static,0.3,3,300,1,0.3333,30,0,30.0,34,33,55475,6882,209.0,25.56,245.1,0.0332
XSS,search,CG-Static,static,0.3,4,300,1,0.3333,30,0,30.0,30,29,53708,6593,173.4,24.97,208.9,0.03203
XSS,search,CG-Static,static,0.3,5,300,1,0.3333,1,0,1.0,1,0,2093,200,5.0,4.75,11.5,0.00116
XSS,search,CG-Static,static,0.3,6,300,2,0.6667,31,0,15.5,31,29,56086,6890,213.6,27.94,252.4,0.03346
XSS,search,CG-Static,static,0.3,7,300,1,0.3333,30,0,30.0,36,35,55283,6959,197.4,27.52,235.5,0.03325
XSS,search,CG-Static,static,0.3,8,300,1,0.3333,1,0,1.0,1,0,2074,247,7.1,4.74,13.4,0.00122
XSS,search,CG-Static,static,0.3,9,300,1,0.3333,30,0,30.0,31,30,53736,6419,209.0,25.98,245.6,0.03176
XSS,search,CG-Static,static,0.3,10,300,1,0.3333,30,0,30.0,32,31,53887,6744,203.8,26.22,240.7,0.03235
XSS,search,CG-Static,static,0.4,1,300,1,0.3333,30,0,30.0,31,30,53635,6635,215.3,28.84,255.0,0.03207
XSS,search,CG-Static,static,0.4,2,300,1,0.3333,30,0,30.0,31,30,54959,6218,203.0,28.67,242.4,0.03193
XSS,search,CG-Static,static,0.4,3,300,1,0.3333,30,0,30.0,32,31,55022,6650,179.9,28.85,219.4,0.03265
XSS,search,CG-Static,static,0.4,4,300,1,0.3333,30,0,30.0,31,30,53767,6651,175.8,29.21,215.7,0.03215
XSS,search,CG-Static,static,0.4,5,300,2,0.6667,1,0,0.5,2,0,2063,306,14.3,8.08,24.2,0.00131
XSS,search,CG-Static,static,0.4,6,300,3,1.0,30,0,10.0,36,33,53927,6752,227.3,36.16,274.3,0.03237
XSS,search,CG-Static,static,0.4,7,300,1,0.3333,30,0,30.0,32,31,55307,6672,184.4,29.57,224.6,0.0328
XSS,search,CG-Static,static,0.4,8,300,1,0.3333,1,0,1.0,1,0,2047,243,5.2,5.29,12.2,0.00121
XSS,search,CG-Static,static,0.4,9,300,1,0.3333,30,0,30.0,31,30,53798,6552,191.7,30.42,232.9,0.032
XSS,search,CG-Static,static,0.4,10,300,1,0.3333,30,0,30.0,33,32,53887,6582,178.3,43.08,232.3,0.03209
XSS,search,CG-Static,static,0.5,1,300,1,0.3333,30,0,30.0,30,29,53637,6583,207.2,36.61,254.7,0.03199
XSS,search,CG-Static,static,0.5,2,300,1,0.3333,30,0,30.0,33,32,55411,6597,168.0,37.82,216.8,0.03272
XSS,search,CG-Static,static,0.5,3,300,1,0.3333,30,0,30.0,36,35,55491,7006,200.3,39.33,250.4,0.03341
XSS,search,CG-Static,static,0.5,4,300,3,1.0,30,0,10.0,33,30,53800,6725,192.9,43.15,247.0,0.03228
XSS,search,CG-Static,static,0.5,5,300,1,0.3333,1,0,1.0,1,0,2061,204,5.3,5.6,12.9,0.00115
XSS,search,CG-Static,static,0.5,6,300,1,0.3333,30,0,30.0,33,32,54013,6893,214.2,37.98,263.0,0.03263
XSS,search,CG-Static,static,0.5,7,300,3,1.0,30,0,10.0,33,30,55344,6741,191.5,46.31,248.9,0.03292
XSS,search,CG-Static,static,0.5,8,300,1,0.3333,1,0,1.0,1,0,2050,206,9.5,5.87,17.4,0.00115
XSS,search,CG-Static,static,0.5,9,300,1,0.3333,30,0,30.0,30,29,53704,6559,203.0,37.99,251.9,0.03198
XSS,search,CG-Static,static,0.5,10,300,2,0.6667,30,0,15.0,33,31,54196,6729,196.7,41.14,248.7,0.03244
XSS,calc,PP-Static,static,0.3,1,300,294,98.0,330,0,1.12,330,36,543295,55371,1288.9,2097.22,3495.0,0.30591
XSS,calc,PP-Static,static,0.3,2,300,293,97.6667,340,0,1.16,340,47,563769,57651,1285.1,2085.45,3481.5,0.31775
XSS,calc,PP-Static,static,0.3,3,300,293,97.6667,326,0,1.11,326,33,537488,57557,1253.7,2370.37,3731.9,0.30709
XSS,calc,PP-Static,static,0.3,4,300,290,96.6667,343,0,1.18,343,53,568509,57971,1179.5,2264.46,3556.1,0.32016
XSS,calc,PP-Static,static,0.3,5,300,289,96.3333,346,0,1.2,346,57,576500,60657,1093.4,2276.1,3482.3,0.32765
XSS,calc,PP-Static,static,0.3,6,300,288,96.0,344,0,1.19,344,56,571413,60346,998.0,2280.26,3390.8,0.32512
XSS,calc,PP-Static,static,0.3,7,300,286,95.3333,353,0,1.23,353,67,588805,60882,815.2,1141.28,2069.8,0.33293
XSS,calc,PP-Static,static,0.3,8,300,285,95.0,353,0,1.24,353,68,588345,61197,808.2,1182.08,2103.6,0.33325
XSS,calc,PP-Static,static,0.3,9,300,292,97.3333,341,0,1.17,341,49,565859,59579,737.2,1269.44,2117.0,0.32167
XSS,calc,PP-Static,static,0.3,10,300,287,95.6667,343,0,1.2,343,56,569454,59530,761.0,1278.61,2150.4,0.32303
XSS,calc,RG,static,0.3,1,300,2,0.6667,1,0,0.5,3,1,1982,301,3.5,9.33,15.0,0.00127
XSS,calc,RG,static,0.3,2,300,2,0.6667,1,0,0.5,3,1,1975,272,3.5,8.39,13.6,0.00123
XSS,calc,RG,static,0.3,3,300,1,0.3333,1,0,1.0,1,0,1997,124,2.1,5.35,9.3,0.001
XSS,calc,RG,static,0.3,4,300,3,1.0,1,0,0.33,3,0,1999,388,5.0,11.07,18.0,0.00142
XSS,calc,RG,static,0.3,5,300,2,0.6667,1,0,0.5,3,1,1974,283,3.3,8.23,13.5,0.00124
XSS,calc,RG,static,0.3,6,300,2,0.6667,2,0,1.0,3,1,3860,450,6.0,8.56,16.7,0.00226
XSS,calc,RG,static,0.3,7,300,3,1.0,2,0,0.67,3,0,3730,395,5.1,11.11,18.4,0.00212
XSS,calc,RG,static,0.3,8,300,3,1.0,4,0,1.33,5,2,7574,800,10.9,13.34,27.0,0.00431
XSS,calc,RG,static,0.3,9,300,3,1.0,2,0,0.67,4,1,4057,426,5.8,11.54,19.5,0.0023
XSS,calc,RG,static,0.3,10,300,2,0.6667,1,0,0.5,3,1,2008,258,3.2,8.13,13.1,0.00122
XSS,calc,CG-Static,static,0.1,1,300,2,0.6667,4,0,2.0,4,2,6970,540,8.8,9.07,20.7,0.00365
XSS,calc,CG-Static,static,0.1,2,300,2,0.6667,2,0,1.0,4,2,3408,396,16.8,7.67,26.5,0.002
XSS,calc,CG-Static,static,0.1,3,300,2,0.6667,6,0,3.0,10,8,10714,1170,15.2,10.51,29.2,0.00616
XSS,calc,CG-Static,static,0.1,4,300,2,0.6667,2,0,1.0,2,0,3558,303,4.4,8.51,15.2,0.00191
XSS,calc,CG-Static,static,0.1,5,300,2,0.6667,3,0,1.5,7,5,5273,840,10.0,10.35,23.0,0.00345
XSS,calc,CG-Static,static,0.1,6,300,2,0.6667,2,0,1.0,4,2,3397,367,15.8,7.66,25.4,0.00195
XSS,calc,CG-Static,static,0.1,7,300,1,0.3333,1,0,1.0,1,0,1703,142,1.8,5.83,9.8,0.00091
XSS,calc,CG-Static,static,0.1,8,300,4,1.3333,5,0,1.25,8,4,8688,893,13.3,16.26,32.8,0.0049
XSS,calc,CG-Static,static,0.1,9,300,1,0.3333,1,0,1.0,3,2,1707,298,4.1,5.82,11.9,0.00116
XSS,calc,CG-Static,static,0.1,10,300,1,0.3333,1,0,1.0,1,0,1707,142,2.4,5.49,9.8,0.00091
XSS,calc,CG-Static,static,0.2,1,300,3,1.0,4,0,1.33,8,5,7875,890,15.4,15.16,33.6,0.00457
XSS,calc,CG-Static,static,0.2,2,300,5,1.6667,3,0,0.6,9,4,5744,873,15.3,19.61,37.6,0.00369
XSS,calc,CG-Static,static,0.2,3,300,2,0.6667,2,0,1.0,4,2,3954,483,9.4,10.29,22.0,0.00235
XSS,calc,CG-Static,static,0.2,4,300,9,3.0,7,0,0.78,13,4,13574,1377,20.7,32.63,57.3,0.00763
XSS,calc,CG-Static,static,0.2,5,300,2,0.6667,2,0,1.0,4,2,3491,413,6.0,9.8,18.1,0.00206
XSS,calc,CG-Static,static,0.2,6,300,5,1.6667,5,0,1.0,13,8,9323,1399,19.8,21.87,45.0,0.00597
XSS,calc,CG-Static,static,0.2,7,300,2,0.6667,2,0,1.0,4,2,3396,501,7.6,10.17,20.1,0.00216
XSS,calc,CG-Static,static,0.2,8,300,3,1.0,6,0,2.0,6,3,11641,2826,37.1,13.08,53.7,0.00918
XSS,calc,CG-Static,static,0.2,9,300,1,0.3333,1,0,1.0,1,0,1707,200,2.9,5.97,10.9,0.001
XSS,calc,CG-Static,static,0.2,10,300,2,0.6667,4,0,2.0,11,9,7366,1382,20.5,12.69,36.2,0.00516
XSS,calc,CG-Static,static,0.3,1,300,4,1.3333,4,0,1.0,8,4,7857,910,24.2,13.51,40.4,0.0046
XSS,calc,CG-Static,static,0.3,2,300,3,1.0,1,0,0.33,3,0,2016,313,8.7,10.56,21.0,0.00131
XSS,calc,CG-Static,static,0.3,3,300,2,0.6667,1,0,0.5,2,0,2001,221,5.8,7.51,15.1,0.00115
XSS,calc,CG-Static,static,0.3,4,300,5,1.6667,4,0,0.8,6,1,7533,844,28.1,15.73,46.6,0.00436
XSS,calc,CG-Static,static,0.3,5,300,1,0.3333,1,0,1.0,1,0,1972,209,24.7,5.01,31.5,0.00112
XSS,calc,CG-Static,static,0.3,6,300,1,0.3333,1,0,1.0,3,2,1972,261,10.2,5.38,17.4,0.00121
XSS,calc,CG-Static,static,0.3,7,300,1,0.3333,1,0,1.0,3,2,1959,267,6.8,4.75,13.2,0.00121
XSS,calc,CG-Static,static,0.3,8,300,5,1.6667,4,0,0.8,8,3,7641,917,31.0,16.47,50.2,0.00452
XSS,calc,CG-Static,static,0.3,9,300,1,0.3333,1,0,1.0,3,2,1758,329,8.2,5.02,14.9,0.00123
XSS,calc,CG-Static,static,0.3,10,300,3,1.0,6,0,2.0,10,7,10909,1523,42.7,10.76,56.8,0.0068
XSS,calc,CG-Static,static,0.4,1,300,7,2.3333,3,0,0.43,8,1,6111,822,33.6,22.33,58.5,0.00376
XSS,calc,CG-Static,static,0.4,2,300,2,0.6667,2,0,1.0,4,2,4018,463,15.5,8.65,26.3,0.00235
XSS,calc,CG-Static,static,0.4,3,300,2,0.6667,1,0,0.5,3,1,2012,267,6.4,8.7,17.0,0.00123
XSS,calc,CG-Static,static,0.4,4,300,2,0.6667,1,0,0.5,3,1,1982,322,9.3,8.72,19.9,0.00131
XSS,calc,CG-Static,static,0.4,5,300,2,0.6667,2,0,1.0,2,0,3796,411,10.9,7.87,21.0,0.00218
XSS,calc,CG-Static,static,0.4,6,300,1,0.3333,1,0,1.0,1,0,1984,216,5.5,5.32,12.5,0.00114
XSS,calc,CG-Static,static,0.4,7,300,3,1.0,2,0,0.67,4,1,3854,606,16.4,11.66,30.3,0.00251
XSS,calc,CG-Static,static,0.4,8,300,3,1.0,1,0,0.33,3,0,1961,280,6.6,11.2,19.7,0.00123
XSS,calc,CG-Static,static,0.4,9,300,3,1.0,3,0,1.0,4,1,5432,491,17.2,11.0,30.6,0.00296
XSS,calc,CG-Static,static,0.4,10,300,2,0.6667,2,0,1.0,4,2,4002,601,14.9,9.1,26.1,0.00256
XSS,calc,CG-Static,static,0.5,1,300,1,0.3333,1,0,1.0,3,2,1996,271,6.4,6.78,15.1,0.00123
XSS,calc,CG-Static,static,0.5,2,300,1,0.3333,1,0,1.0,3,2,1979,258,8.7,7.0,17.7,0.0012
XSS,calc,CG-Static,static,0.5,3,300,2,0.6667,1,0,0.5,3,1,1970,339,7.6,9.4,19.0,0.00133
XSS,calc,CG-Static,static,0.5,4,300,1,0.3333,2,0,2.0,3,2,4133,474,11.1,6.49,19.8,0.00241
XSS,calc,CG-Static,static,0.5,5,300,1,0.3333,1,0,1.0,3,2,1975,315,7.0,6.72,15.7,0.00129
XSS,calc,CG-Static,static,0.5,6,300,1,0.3333,1,0,1.0,3,2,1968,492,13.4,6.65,22.0,0.00157
XSS,calc,CG-Static,static,0.5,7,300,2,0.6667,1,0,0.5,2,0,1979,330,7.6,9.14,18.7,0.00132
XSS,calc,CG-Static,static,0.5,8,300,1,0.3333,1,0,1.0,1,0,1970,181,4.8,5.88,12.6,0.00108
XSS,calc,CG-Static,static,0.5,9,300,3,1.0,2,0,0.67,4,1,3762,509,14.1,12.28,28.7,0.00232
XSS,calc,CG-Static,static,0.5,10,300,2,0.6667,1,0,0.5,3,1,2000,319,7.4,8.91,18.3,0.00131
SQLi,login,PP-Adaptive,adaptive,0.3,1,33,12,36.3636,82,42,6.83,82,70,143159,14940,210.9,58.23,309.9,0.08117
SQLi,login,PP-Adaptive,adaptive,0.3,2,40,11,27.5,100,42,9.09,100,89,166924,17252,274.1,56.6,376.9,0.09437
SQLi,login,PP-Adaptive,adaptive,0.3,3,31,6,19.3548,87,42,14.5,87,81,150546,15426,230.7,34.64,307.1,0.0849
SQLi,login,PP-Adaptive,adaptive,0.3,4,28,6,21.4286,77,36,12.83,77,71,132551,14492,221.6,32.35,290.8,0.07621
SQLi,login,PP-Adaptive,adaptive,0.3,5,27,4,14.8148,78,42,19.5,78,74,138694,14292,219.0,26.45,284.5,0.07834
SQLi,login,PP-Adaptive,adaptive,0.3,6,39,8,20.5128,107,42,13.38,107,99,177353,18664,301.7,47.16,397.6,0.1008
SQLi,login,PP-Adaptive,adaptive,0.3,7,39,11,28.2051,102,42,9.27,102,91,169622,17175,335.7,63.7,446.4,0.09533
SQLi,login,PP-Adaptive,adaptive,0.3,8,34,13,38.2353,83,36,6.38,83,70,138698,13950,211.2,70.83,321.5,0.0778
SQLi,login,PP-Adaptive,adaptive,0.3,9,29,12,41.3793,75,39,6.25,75,63,132409,14919,232.8,63.24,334.0,0.07683
SQLi,login,PP-Adaptive,adaptive,0.3,10,27,12,44.4444,64,39,5.33,64,52,116811,12919,204.0,60.86,299.5,0.06739
SQLi,login,CG-Adaptive,adaptive,0.1,1,32,1,3.125,9,36,9.0,9,8,41529,6044,151.9,9.54,176.2,0.02628
SQLi,login,CG-Adaptive,adaptive,0.1,2,58,2,3.4483,59,36,29.5,59,57,104250,11803,279.3,24.11,334.1,0.06058
SQLi,login,CG-Adaptive,adaptive,0.1,3,33,2,6.0606,16,42,8.0,16,14,54290,7386,162.7,15.87,198.2,0.03353
SQLi,login,CG-Adaptive,adaptive,0.1,4,26,2,7.6923,16,42,8.0,16,14,54456,7454,166.8,16.05,201.4,0.03371
SQLi,login,CG-Adaptive,adaptive,0.1,5,29,1,3.4483,1,36,1.0,1,0,31931,5240,116.8,8.58,139.4,0.02116
SQLi,login,CG-Adaptive,adaptive,0.1,6,119,3,2.521,208,45,69.33,208,205,285808,28788,634.3,61.71,773.6,0.16038
SQLi,login,CG-Adaptive,adaptive,0.1,7,31,1,3.2258,1,39,1.0,1,0,34546,5568,121.7,9.55,146.2,0.02273
SQLi,login,CG-Adaptive,adaptive,0.1,8,36,2,5.5556,2,42,1.0,2,0,38319,6180,139.6,14.75,169.3,0.02522
SQLi,login,CG-Adaptive,adaptive,0.1,9,27,2,7.4074,7,42,3.5,7,5,43989,6642,148.2,13.91,180.0,0.02822
SQLi,login,CG-Adaptive,adaptive,0.1,10,30,2,6.6667,13,42,6.5,13,11,50919,7300,213.7,14.96,247.4,0.03205
SQLi,login,CG-Adaptive,adaptive,0.2,1,29,2,6.8966,3,39,1.5,3,1,37228,5809,113.4,21.05,150.7,0.02419
SQLi,login,CG-Adaptive,adaptive,0.2,2,25,2,8.0,3,42,1.5,3,1,39829,6192,115.5,23.94,156.7,0.02584
SQLi,login,CG-Adaptive,adaptive,0.2,3,125,2,1.6,82,36,41.0,82,80,133760,14432,324.5,103.41,467.3,0.0766
SQLi,login,CG-Adaptive,adaptive,0.2,4,72,2,2.7778,7,39,3.5,7,5,46999,6356,137.2,29.65,184.4,0.02897
SQLi,login,CG-Adaptive,adaptive,0.2,5,30,1,3.3333,1,42,1.0,1,0,37247,5886,112.2,19.33,148.5,0.02432
SQLi,login,CG-Adaptive,adaptive,0.2,6,69,2,2.8986,7,45,3.5,7,5,52684,7090,139.4,30.61,189.5,0.03242
SQLi,login,CG-Adaptive,adaptive,0.2,7,33,2,6.0606,2,39,1.0,2,0,35918,5692,105.5,24.74,146.7,0.02347
SQLi,login,CG-Adaptive,adaptive,0.2,8,253,2,0.7905,175,48,87.5,175,173,260421,28327,590.2,209.68,871.1,0.14949
SQLi,login,CG-Adaptive,adaptive,0.2,9,31,2,6.4516,26,42,13.0,26,24,66129,8404,166.0,50.72,240.8,0.0399
SQLi,login,CG-Adaptive,adaptive,0.2,10,20,1,5.0,1,36,1.0,1,0,32209,5201,97.4,17.31,129.5,0.02121
SQLi,login,CG-Adaptive,adaptive,0.3,1,74,3,4.0541,5,42,1.67,5,2,48026,6817,164.1,42.89,225.2,0.03012
SQLi,login,CG-Adaptive,adaptive,0.3,2,73,2,2.7397,4,42,2.0,4,2,46606,7240,145.2,32.11,195.2,0.03023
SQLi,login,CG-Adaptive,adaptive,0.3,3,38,2,5.2632,2,39,1.0,2,0,35910,5765,134.6,26.94,179.2,0.02359
SQLi,login,CG-Adaptive,adaptive,0.3,4,31,2,6.4516,3,42,1.5,3,1,39804,6204,132.6,26.26,176.4,0.02585
SQLi,login,CG-Adaptive,adaptive,0.3,5,76,2,2.6316,12,39,6.0,12,10,54336,7895,176.9,44.94,242.2,0.03437
SQLi,login,CG-Adaptive,adaptive,0.3,6,61,2,3.2787,11,45,5.5,13,11,58479,8470,180.9,42.75,244.6,0.03694
SQLi,login,CG-Adaptive,adaptive,0.3,7,179,2,1.1173,63,45,31.5,63,61,127363,16977,345.8,117.49,500.7,0.07811
SQLi,login,CG-Adaptive,adaptive,0.3,8,103,3,2.9126,11,36,3.67,11,8,51268,7629,151.1,50.69,220.5,0.03271
SQLi,login,CG-Adaptive,adaptive,0.3,9,66,2,3.0303,4,45,2.0,4,2,49734,7849,165.0,33.72,217.6,0.03245
SQLi,login,CG-Adaptive,adaptive,0.3,10,78,2,2.5641,4,45,2.0,4,2,49332,7027,151.4,41.25,211.9,0.03098
SQLi,login,CG-Adaptive,adaptive,0.4,1,27,2,7.4074,2,39,1.0,2,0,35914,5734,111.2,27.11,154.9,0.02354
SQLi,login,CG-Adaptive,adaptive,0.4,2,447,1,0.2237,30,48,30.0,31,30,110670,16206,294.5,122.18,445.3,0.0702
SQLi,login,CG-Adaptive,adaptive,0.4,3,59,2,3.3898,4,42,2.0,4,2,46080,6648,128.6,34.52,181.7,0.02907
SQLi,login,CG-Adaptive,adaptive,0.4,4,34,2,5.8824,2,39,1.0,2,0,35759,5782,156.6,29.38,202.4,0.02355
SQLi,login,CG-Adaptive,adaptive,0.4,5,68,2,2.9412,4,45,2.0,4,2,49481,7299,138.7,41.12,199.3,0.03147
SQLi,login,CG-Adaptive,adaptive,0.4,6,68,2,2.9412,4,39,2.0,4,2,44152,6779,140.0,32.49,190.0,0.02851
SQLi,login,CG-Adaptive,adaptive,0.4,7,30,2,6.6667,2,42,1.0,2,0,38508,6274,135.1,32.58,185.4,0.02544
SQLi,login,CG-Adaptive,adaptive,0.4,8,34,2,5.8824,2,42,1.0,2,0,38491,6243,126.0,30.5,174.0,0.02539
SQLi,login,CG-Adaptive,adaptive,0.4,9,34,1,2.9412,1,42,1.0,1,0,37251,6011,116.5,24.05,158.0,0.02452
SQLi,login,CG-Adaptive,adaptive,0.4,10,451,1,0.2217,42,51,42.0,42,41,130378,19829,360.9,130.69,524.8,0.08388
SQLi,login,CG-Adaptive,adaptive,0.5,1,75,2,2.6667,7,45,3.5,7,5,54025,8623,205.1,19.26,242.9,0.03541
SQLi,login,CG-Adaptive,adaptive,0.5,2,69,2,2.8986,4,36,2.0,4,2,41050,6354,154.8,15.69,185.6,0.02659
SQLi,login,CG-Adaptive,adaptive,0.5,3,33,1,3.0303,1,42,1.0,1,0,37262,5989,201.3,8.63,225.7,0.02449
SQLi,login,CG-Adaptive,adaptive,0.5,4,29,1,3.4483,1,39,1.0,1,0,34666,5698,131.0,9.2,155.0,0.02298
SQLi,login,CG-Adaptive,adaptive,0.5,5,33,2,6.0606,2,42,1.0,2,0,38521,6199,138.5,13.06,167.5,0.02533
SQLi,login,CG-Adaptive,adaptive,0.5,6,84,2,2.381,8,39,4.0,8,6,50590,8082,219.6,18.73,255.5,0.03317
SQLi,login,CG-Adaptive,adaptive,0.5,7,30,2,6.6667,2,42,1.0,2,0,38498,6095,181.1,13.31,210.4,0.02515
SQLi,login,CG-Adaptive,adaptive,0.5,8,78,2,2.5641,4,39,2.0,4,2,43475,6608,159.3,15.8,190.9,0.02796
SQLi,login,CG-Adaptive,adaptive,0.5,9,28,1,3.5714,1,42,1.0,1,0,37254,5966,146.0,9.11,170.9,0.02445
SQLi,login,CG-Adaptive,adaptive,0.5,10,30,2,6.6667,2,42,1.0,2,0,38490,6111,141.1,12.76,169.8,0.02517
SQLi,search,PP-Adaptive,adaptive,0.3,1,48,40,83.3333,72,39,1.8,72,32,127753,34359,474.2,200.44,714.3,0.10608
SQLi,search,PP-Adaptive,adaptive,0.3,2,43,35,81.3953,78,30,2.23,78,43,129974,30395,367.3,173.2,579.3,0.10062
SQLi,search,PP-Adaptive,adaptive,0.3,3,38,26,68.4211,77,39,2.96,77,51,137587,35158,497.5,133.47,671.0,0.11129
SQLi,search,PP-Adaptive,adaptive,0.3,4,48,33,68.75,102,33,3.09,102,69,166893,36726,459.8,167.75,673.9,0.12552
SQLi,search,PP-Adaptive,adaptive,0.3,5,45,33,73.3333,90,30,2.73,90,57,147563,31623,481.5,166.05,689.2,0.10962
SQLi,search,PP-Adaptive,adaptive,0.3,6,49,37,75.5102,85,33,2.3,85,48,141586,33330,454.1,188.6,684.3,0.10996
SQLi,search,PP-Adaptive,adaptive,0.3,7,49,39,79.5918,84,33,2.15,84,45,139898,33183,485.4,192.45,719.4,0.10905
SQLi,search,PP-Adaptive,adaptive,0.3,8,48,25,52.0833,106,36,4.24,106,81,172804,36893,545.5,127.43,720.6,0.12815
SQLi,search,PP-Adaptive,adaptive,0.3,9,46,30,65.2174,95,33,3.17,95,65,154135,32884,476.6,154.72,675.3,0.11427
SQLi,search,PP-Adaptive,adaptive,0.3,10,45,29,64.4444,95,33,3.28,95,66,154904,33192,630.1,150.02,824.0,0.11507
SQLi,search,CG-Adaptive,adaptive,0.1,1,45,1,2.2222,1,30,1.0,1,0,27035,18305,232.2,13.25,258.0,0.0401
SQLi,search,CG-Adaptive,adaptive,0.1,2,48,1,2.0833,1,30,1.0,1,0,27081,18336,235.0,14.91,263.0,0.04017
SQLi,search,CG-Adaptive,adaptive,0.1,3,47,1,2.1277,1,36,1.0,1,0,32324,23497,285.3,13.73,313.3,0.05052
SQLi,search,CG-Adaptive,adaptive,0.1,4,44,1,2.2727,1,30,1.0,1,0,27035,18490,267.4,13.47,293.5,0.0404
SQLi,search,CG-Adaptive,adaptive,0.1,5,61,2,3.2787,3,51,1.5,3,1,49108,35247,507.1,26.87,553.8,0.07604
SQLi,search,CG-Adaptive,adaptive,0.1,6,45,1,2.2222,1,30,1.0,1,0,27345,18079,221.9,14.84,249.9,0.03986
SQLi,search,CG-Adaptive,adaptive,0.1,7,46,1,2.1739,1,33,1.0,1,0,29643,20515,281.1,13.31,307.9,0.04468
SQLi,search,CG-Adaptive,adaptive,0.1,8,48,1,2.0833,1,33,1.0,1,0,30289,21061,261.3,13.95,288.7,0.04581
SQLi,search,CG-Adaptive,adaptive,0.1,9,46,2,4.3478,2,48,1.0,2,0,44725,28388,361.6,25.97,406.2,0.06331
SQLi,search,CG-Adaptive,adaptive,0.1,10,327,5,1.5291,784,51,156.8,799,794,997711,128445,2378.2,594.21,3228.0,0.6046
SQLi,search,CG-Adaptive,adaptive,0.2,1,48,1,2.0833,1,30,1.0,1,0,27660,19056,312.6,18.0,343.7,0.04155
SQLi,search,CG-Adaptive,adaptive,0.2,2,50,1,2.0,1,33,1.0,1,0,30203,21711,346.4,18.06,378.3,0.04682
SQLi,search,CG-Adaptive,adaptive,0.2,3,45,1,2.2222,1,33,1.0,1,0,30216,21447,338.7,18.11,370.9,0.0464
SQLi,search,CG-Adaptive,adaptive,0.2,4,49,1,2.0408,1,30,1.0,1,0,27634,18718,291.1,17.35,321.5,0.041
SQLi,search,CG-Adaptive,adaptive,0.2,5,34,1,2.9412,1,30,1.0,1,0,27629,19384,301.0,18.45,332.7,0.04207
SQLi,search,CG-Adaptive,adaptive,0.2,6,42,1,2.381,1,33,1.0,1,0,30225,20206,324.2,18.34,356.5,0.04442
SQLi,search,CG-Adaptive,adaptive,0.2,7,283,2,0.7067,512,69,256.0,528,526,721281,118735,2187.4,599.53,2966.8,0.47849
SQLi,search,CG-Adaptive,adaptive,0.2,8,46,1,2.1739,1,30,1.0,1,0,27356,18694,309.5,19.12,341.8,0.04085
SQLi,search,CG-Adaptive,adaptive,0.2,9,44,1,2.2727,4,36,4.0,4,3,37704,22977,423.8,30.06,470.0,0.05184
SQLi,search,CG-Adaptive,adaptive,0.2,10,49,1,2.0408,1,30,1.0,1,0,27564,18508,308.6,21.18,343.5,0.04064
SQLi,search,CG-Adaptive,adaptive,0.3,1,42,1,2.381,1,30,1.0,1,0,27607,17954,268.6,21.08,302.9,0.03977
SQLi,search,CG-Adaptive,adaptive,0.3,2,47,1,2.1277,1,30,1.0,1,0,27586,18226,254.2,20.54,288.0,0.0402
SQLi,search,CG-Adaptive,adaptive,0.3,3,48,1,2.0833,1,33,1.0,1,0,30151,20479,285.2,21.21,324.2,0.04483
SQLi,search,CG-Adaptive,adaptive,0.3,4,48,2,4.1667,2,33,1.0,2,0,31505,20784,290.2,26.04,331.9,0.04586
SQLi,search,CG-Adaptive,adaptive,0.3,5,48,1,2.0833,1,36,1.0,1,0,32844,22532,368.8,22.86,407.3,0.04919
SQLi,search,CG-Adaptive,adaptive,0.3,6,47,3,6.383,3,36,1.0,3,0,35944,23502,340.1,39.9,399.5,0.05198
SQLi,search,CG-Adaptive,adaptive,0.3,7,45,1,2.2222,1,33,1.0,1,0,30234,21181,287.5,11.34,312.1,0.04598
SQLi,search,CG-Adaptive,adaptive,0.3,8,49,1,2.0408,1,36,1.0,1,0,32771,21716,298.5,20.73,334.4,0.04785
SQLi,search,CG-Adaptive,adaptive,0.3,9,50,1,2.0,1,30,1.0,1,0,27598,18384,281.1,22.05,316.5,0.04045
SQLi,search,CG-Adaptive,adaptive,0.3,10,45,1,2.2222,1,33,1.0,1,0,30246,20115,287.3,22.18,324.6,0.04428
SQLi,search,CG-Adaptive,adaptive,0.4,1,43,1,2.3256,1,33,1.0,1,0,30205,22502,272.7,20.36,307.9,0.04809
SQLi,search,CG-Adaptive,adaptive,0.4,2,38,1,2.6316,1,33,1.0,1,0,30273,20777,257.8,19.76,292.5,0.04535
SQLi,search,CG-Adaptive,adaptive,0.4,3,47,1,2.1277,1,36,1.0,1,0,32810,22062,287.0,23.84,326.7,0.04842
SQLi,search,CG-Adaptive,adaptive,0.4,4,47,1,2.1277,1,33,1.0,1,0,30229,20838,276.8,21.86,313.3,0.04543
SQLi,search,CG-Adaptive,adaptive,0.4,5,385,2,0.5195,25,66,12.5,25,23,146726,42371,657.2,116.3,809.2,0.12648
SQLi,search,CG-Adaptive,adaptive,0.4,6,44,1,2.2727,1,33,1.0,1,0,30221,20291,260.2,19.81,294.3,0.04455
SQLi,search,CG-Adaptive,adaptive,0.4,7,49,1,2.0408,1,30,1.0,1,0,27652,18195,235.4,18.21,270.4,0.04017
SQLi,search,CG-Adaptive,adaptive,0.4,8,43,1,2.3256,1,36,1.0,1,0,32839,21933,285.6,20.16,321.7,0.04823
SQLi,search,CG-Adaptive,adaptive,0.4,9,47,1,2.1277,1,33,1.0,1,0,30220,20991,271.2,8.49,292.6,0.04567
SQLi,search,CG-Adaptive,adaptive,0.4,10,412,2,0.4854,26,60,13.0,26,24,155102,46626,680.6,43.28,753.5,0.13664
SQLi,search,CG-Adaptive,adaptive,0.5,1,49,2,4.0816,5,39,2.5,5,3,41036,22479,369.0,17.2,403.0,0.05238
SQLi,search,CG-Adaptive,adaptive,0.5,2,46,1,2.1739,1,33,1.0,1,0,30198,20262,306.5,9.36,328.9,0.0445
SQLi,search,CG-Adaptive,adaptive,0.5,3,42,1,2.381,1,30,1.0,1,0,27564,18871,316.3,9.57,338.5,0.04122
SQLi,search,CG-Adaptive,adaptive,0.5,4,358,1,0.2793,28,57,28.0,28,27,134524,35727,603.2,39.84,672.6,0.11097
SQLi,search,CG-Adaptive,adaptive,0.5,5,47,1,2.1277,1,33,1.0,1,0,30218,20461,323.5,10.84,347.9,0.04482
SQLi,search,CG-Adaptive,adaptive,0.5,6,49,1,2.0408,1,33,1.0,1,0,30242,20224,349.9,11.15,374.6,0.04446
SQLi,search,CG-Adaptive,adaptive,0.5,7,48,1,2.0833,1,30,1.0,1,0,27649,18848,346.9,10.83,370.4,0.04122
SQLi,search,CG-Adaptive,adaptive,0.5,8,46,2,4.3478,2,45,1.0,2,0,42548,25427,426.3,19.08,463.1,0.0577
SQLi,search,CG-Adaptive,adaptive,0.5,9,42,1,2.381,1,30,1.0,1,0,27656,18033,313.8,9.38,335.4,0.03992
SQLi,search,CG-Adaptive,adaptive,0.5,10,58,4,6.8966,11,48,2.75,17,13,60549,25965,451.6,37.94,510.7,0.06576
SQLi,product,PP-Adaptive,adaptive,0.3,1,41,21,51.2195,93,30,4.43,93,72,150997,32449,493.1,114.53,649.3,0.11232
SQLi,product,PP-Adaptive,adaptive,0.3,2,47,19,40.4255,109,30,5.74,109,90,172571,32744,501.0,102.29,649.6,0.12142
SQLi,product,PP-Adaptive,adaptive,0.3,3,46,23,50.0,112,33,4.87,112,89,180086,37716,552.7,122.12,723.8,0.13238
SQLi,product,PP-Adaptive,adaptive,0.3,4,46,23,50.0,108,30,4.7,108,85,172059,34359,607.8,131.29,785.6,0.1238
SQLi,product,PP-Adaptive,adaptive,0.3,5,43,15,34.8837,104,30,6.93,104,89,166956,33838,503.5,80.29,628.0,0.12092
SQLi,product,PP-Adaptive,adaptive,0.3,6,45,18,40.0,112,30,6.22,112,94,178246,34726,525.2,94.24,666.8,0.12686
SQLi,product,PP-Adaptive,adaptive,0.3,7,49,29,59.1837,98,30,3.38,98,69,157136,33094,432.6,149.34,625.9,0.1158
SQLi,product,PP-Adaptive,adaptive,0.3,8,47,19,40.4255,110,30,5.79,110,91,174588,33882,458.4,98.97,603.9,0.12405
SQLi,product,PP-Adaptive,adaptive,0.3,9,44,22,50.0,107,30,4.86,107,85,171180,33913,465.6,113.65,625.2,0.12273
SQLi,product,PP-Adaptive,adaptive,0.3,10,37,10,27.027,95,30,9.5,95,85,155054,32462,447.4,56.5,545.4,0.11396
SQLi,product,CG-Adaptive,adaptive,0.1,1,43,1,2.3256,1,30,1.0,1,0,27269,19110,306.2,9.11,326.6,0.04148
SQLi,product,CG-Adaptive,adaptive,0.1,2,44,1,2.2727,1,30,1.0,1,0,26726,19117,259.7,9.06,281.0,0.04128
SQLi,product,CG-Adaptive,adaptive,0.1,3,46,1,2.1739,1,30,1.0,1,0,26659,18804,232.7,13.75,258.9,0.04075
SQLi,product,CG-Adaptive,adaptive,0.1,4,44,1,2.2727,2,30,2.0,2,1,27831,18562,258.9,15.81,288.0,0.04083
SQLi,product,CG-Adaptive,adaptive,0.1,5,47,1,2.1277,1,33,1.0,1,0,29267,20540,258.1,13.23,284.7,0.04457
SQLi,product,CG-Adaptive,adaptive,0.1,6,43,1,2.3256,1,30,1.0,1,0,26736,18560,243.5,13.35,269.3,0.04039
SQLi,product,CG-Adaptive,adaptive,0.1,7,52,2,3.8462,2,39,1.0,2,0,39495,27193,403.9,22.68,442.2,0.05931
SQLi,product,CG-Adaptive,adaptive,0.1,8,49,1,2.0408,1,30,1.0,1,0,26733,19123,251.7,13.87,278.0,0.04129
SQLi,product,CG-Adaptive,adaptive,0.1,9,43,2,4.6512,3,30,1.5,3,1,28926,19208,247.4,19.49,280.3,0.0423
SQLi,product,CG-Adaptive,adaptive,0.1,10,69,2,2.8986,2,45,1.0,2,0,43244,28837,405.1,24.98,447.9,0.06344
SQLi,product,CG-Adaptive,adaptive,0.2,1,47,1,2.1277,1,30,1.0,1,0,27222,18820,289.8,19.02,321.7,0.041
SQLi,product,CG-Adaptive,adaptive,0.2,2,44,1,2.2727,1,30,1.0,1,0,26675,19222,273.7,18.39,305.0,0.04143
SQLi,product,CG-Adaptive,adaptive,0.2,3,44,1,2.2727,1,30,1.0,1,0,26723,18956,298.7,16.38,328.5,0.04102
SQLi,product,CG-Adaptive,adaptive,0.2,4,39,1,2.5641,1,30,1.0,1,0,27279,19383,277.9,17.94,308.9,0.04192
SQLi,product,CG-Adaptive,adaptive,0.2,5,45,1,2.2222,1,30,1.0,1,0,27219,18366,276.9,16.19,306.0,0.04027
SQLi,product,CG-Adaptive,adaptive,0.2,6,46,1,2.1739,1,30,1.0,1,0,27203,18962,276.4,18.32,307.7,0.04122
SQLi,product,CG-Adaptive,adaptive,0.2,7,40,1,2.5,1,30,1.0,1,0,27218,18596,266.9,17.9,298.2,0.04064
SQLi,product,CG-Adaptive,adaptive,0.2,8,46,1,2.1739,1,30,1.0,1,0,27289,18736,272.5,19.9,306.0,0.04089
SQLi,product,CG-Adaptive,adaptive,0.2,9,46,1,2.1739,1,30,1.0,1,0,27282,19952,299.5,16.75,329.3,0.04284
SQLi,product,CG-Adaptive,adaptive,0.2,10,37,1,2.7027,1,30,1.0,1,0,27263,18811,298.1,17.6,328.7,0.041
SQLi,product,CG-Adaptive,adaptive,0.3,1,39,2,5.1282,2,30,1.0,2,0,28337,19157,517.5,12.96,542.0,0.04199
SQLi,product,CG-Adaptive,adaptive,0.3,2,48,1,2.0833,1,33,1.0,1,0,29766,20115,310.3,21.49,346.3,0.04409
SQLi,product,CG-Adaptive,adaptive,0.3,3,36,1,2.7778,1,30,1.0,1,0,27233,19242,323.4,22.17,358.8,0.04168
SQLi,product,CG-Adaptive,adaptive,0.3,4,47,1,2.1277,1,30,1.0,1,0,26865,20671,348.6,19.81,381.5,0.04382
SQLi,product,CG-Adaptive,adaptive,0.3,5,44,1,2.2727,1,30,1.0,1,0,27266,18724,277.7,20.59,311.8,0.04086
SQLi,product,CG-Adaptive,adaptive,0.3,6,42,1,2.381,1,33,1.0,1,0,29824,21277,354.9,20.26,389.3,0.04597
SQLi,product,CG-Adaptive,adaptive,0.3,7,40,1,2.5,1,30,1.0,1,0,27292,19272,311.1,20.42,344.7,0.04175
SQLi,product,CG-Adaptive,adaptive,0.3,8,42,1,2.381,1,30,1.0,1,0,27297,18541,284.7,20.14,318.1,0.04058
SQLi,product,CG-Adaptive,adaptive,0.3,9,44,1,2.2727,1,33,1.0,1,0,29892,20619,305.8,20.53,340.6,0.04495
SQLi,product,CG-Adaptive,adaptive,0.3,10,39,2,5.1282,2,42,1.0,2,0,39678,26506,386.4,36.62,440.6,0.05828
SQLi,product,CG-Adaptive,adaptive,0.4,1,46,1,2.1739,1,30,1.0,1,0,27249,19797,268.0,25.71,310.5,0.04257
SQLi,product,CG-Adaptive,adaptive,0.4,2,40,1,2.5,1,33,1.0,1,0,29814,20017,278.7,23.52,317.1,0.04395
SQLi,product,CG-Adaptive,adaptive,0.4,3,87,2,2.2989,2,54,1.0,2,0,59760,35578,491.5,52.47,565.9,0.08083
SQLi,product,CG-Adaptive,adaptive,0.4,4,43,1,2.3256,1,30,1.0,1,0,27296,19314,271.6,18.92,304.7,0.04182
SQLi,product,CG-Adaptive,adaptive,0.4,5,47,1,2.1277,1,30,1.0,1,0,27269,20075,290.9,20.62,328.3,0.04303
SQLi,product,CG-Adaptive,adaptive,0.4,6,45,1,2.2222,1,30,1.0,1,0,27249,18901,273.6,22.94,310.9,0.04114
SQLi,product,CG-Adaptive,adaptive,0.4,7,45,1,2.2222,1,33,1.0,1,0,29830,20688,280.0,20.1,315.1,0.04503
SQLi,product,CG-Adaptive,adaptive,0.4,8,41,1,2.439,1,30,1.0,1,0,27261,18475,305.2,22.23,363.6,0.04046
SQLi,product,CG-Adaptive,adaptive,0.4,9,40,1,2.5,1,30,1.0,1,0,27240,18789,257.7,22.46,293.6,0.04096
SQLi,product,CG-Adaptive,adaptive,0.4,10,31,1,3.2258,1,30,1.0,1,0,27264,19391,268.7,22.97,305.9,0.04193
SQLi,product,CG-Adaptive,adaptive,0.5,1,39,2,5.1282,2,30,1.0,2,0,28463,19081,396.8,14.16,423.5,0.04191
SQLi,product,CG-Adaptive,adaptive,0.5,2,35,1,2.8571,1,30,1.0,1,0,27317,18819,289.6,9.28,311.2,0.04104
SQLi,product,CG-Adaptive,adaptive,0.5,3,45,1,2.2222,1,30,1.0,1,0,27260,18623,297.8,10.06,320.4,0.0407
SQLi,product,CG-Adaptive,adaptive,0.5,4,43,1,2.3256,1,30,1.0,1,0,27244,19474,313.5,10.63,336.2,0.04206
SQLi,product,CG-Adaptive,adaptive,0.5,5,43,1,2.3256,1,30,1.0,1,0,27276,18443,284.8,9.25,306.1,0.04042
SQLi,product,CG-Adaptive,adaptive,0.5,6,39,1,2.5641,1,30,1.0,1,0,27212,18775,330.3,9.14,351.5,0.04092
SQLi,product,CG-Adaptive,adaptive,0.5,7,63,5,7.9365,32,60,6.4,33,28,95729,30903,532.6,56.23,620.4,0.08774
SQLi,product,CG-Adaptive,adaptive,0.5,8,44,1,2.2727,1,30,1.0,1,0,27262,18392,303.0,9.23,324.3,0.04033
SQLi,product,CG-Adaptive,adaptive,0.5,9,44,1,2.2727,1,33,1.0,1,0,29797,20677,335.4,9.21,357.6,0.045
SQLi,product,CG-Adaptive,adaptive,0.5,10,45,1,2.2222,1,30,1.0,1,0,27267,19279,292.4,9.39,314.1,0.04175
SQLi,filter,PP-Adaptive,adaptive,0.3,1,48,34,70.8333,108,36,3.18,108,74,172932,35728,581.7,173.23,804.1,0.12634
SQLi,filter,PP-Adaptive,adaptive,0.3,2,45,26,57.7778,104,33,4.0,104,78,165364,32290,479.6,135.32,661.2,0.11781
SQLi,filter,PP-Adaptive,adaptive,0.3,3,99,35,35.3535,264,39,7.54,264,229,408396,59486,987.0,199.74,1284.1,0.25854
SQLi,filter,PP-Adaptive,adaptive,0.3,4,389,29,7.455,1135,51,39.14,1135,1106,1613907,167550,2951.5,268.03,3582.4,0.91364
SQLi,filter,PP-Adaptive,adaptive,0.3,5,117,29,24.7863,324,36,11.17,324,295,485193,62780,949.3,179.85,1243.0,0.29453
SQLi,filter,PP-Adaptive,adaptive,0.3,6,106,28,26.4151,284,63,10.14,284,256,464914,87238,1260.7,198.79,1569.9,0.32555
SQLi,filter,PP-Adaptive,adaptive,0.3,7,164,31,18.9024,460,54,14.84,460,429,694964,91911,1536.0,217.13,1913.9,0.42504
SQLi,filter,PP-Adaptive,adaptive,0.3,8,47,31,65.9574,110,33,3.55,110,79,173545,34431,498.4,167.0,714.0,0.12451
SQLi,filter,PP-Adaptive,adaptive,0.3,9,43,35,81.3953,95,33,2.71,95,60,152592,32085,436.2,187.06,667.9,0.11237
SQLi,filter,PP-Adaptive,adaptive,0.3,10,78,29,37.1795,200,36,6.9,200,171,301049,47797,677.0,171.69,925.6,0.19689
SQLi,filter,CG-Adaptive,adaptive,0.1,1,46,1,2.1739,1,33,1.0,1,0,29236,20408,286.4,14.54,314.6,0.04435
SQLi,filter,CG-Adaptive,adaptive,0.1,2,46,1,2.1739,1,33,1.0,1,0,28721,20763,293.7,14.01,321.3,0.04471
SQLi,filter,CG-Adaptive,adaptive,0.1,3,50,1,2.0,1,33,1.0,1,0,28758,22431,327.9,14.35,355.9,0.04739
SQLi,filter,CG-Adaptive,adaptive,0.1,4,79,3,3.7975,3,45,1.0,4,1,42584,30218,423.4,34.3,475.8,0.06538
SQLi,filter,CG-Adaptive,adaptive,0.1,5,45,1,2.2222,1,30,1.0,1,0,26281,19195,265.5,14.65,292.8,0.04122
SQLi,filter,CG-Adaptive,adaptive,0.1,6,184,2,1.087,413,57,206.5,435,433,569952,93341,1606.1,368.7,2120.2,0.37733
SQLi,filter,CG-Adaptive,adaptive,0.1,7,38,1,2.6316,2,33,2.0,2,1,29899,19045,311.2,15.85,341.1,0.04243
SQLi,filter,CG-Adaptive,adaptive,0.1,8,43,1,2.3256,1,33,1.0,1,0,28713,21395,313.3,15.58,342.6,0.04572
SQLi,filter,CG-Adaptive,adaptive,0.1,9,46,1,2.1739,1,33,1.0,1,0,28800,20750,261.0,15.6,290.4,0.04472
SQLi,filter,CG-Adaptive,adaptive,0.1,10,38,1,2.6316,1,33,1.0,1,0,28714,21217,324.2,16.7,355.3,0.04543
SQLi,filter,CG-Adaptive,adaptive,0.2,1,45,1,2.2222,1,36,1.0,2,1,31816,22340,402.5,20.84,438.7,0.04847
SQLi,filter,CG-Adaptive,adaptive,0.2,2,47,1,2.1277,1,36,1.0,1,0,31747,22431,392.7,19.72,427.5,0.04859
SQLi,filter,CG-Adaptive,adaptive,0.2,3,46,1,2.1739,1,33,1.0,1,0,29282,21140,362.2,17.22,393.4,0.04554
SQLi,filter,CG-Adaptive,adaptive,0.2,4,43,1,2.3256,1,33,1.0,1,0,29278,19926,330.7,19.17,364.0,0.04359
SQLi,filter,CG-Adaptive,adaptive,0.2,5,44,1,2.2727,1,30,1.0,1,0,26808,19300,322.0,19.7,354.8,0.0416
SQLi,filter,CG-Adaptive,adaptive,0.2,6,42,1,2.381,1,30,1.0,1,0,26753,19466,341.5,22.22,376.9,0.04185
SQLi,filter,CG-Adaptive,adaptive,0.2,7,43,1,2.3256,1,36,1.0,1,0,31814,23026,406.3,22.31,443.5,0.04957
SQLi,filter,CG-Adaptive,adaptive,0.2,8,48,1,2.0833,1,33,1.0,1,0,29267,21152,413.4,18.77,446.3,0.04555
SQLi,filter,CG-Adaptive,adaptive,0.2,9,46,1,2.1739,1,33,1.0,1,0,29264,20398,428.6,21.32,465.1,0.04434
SQLi,filter,CG-Adaptive,adaptive,0.2,10,46,1,2.1739,1,33,1.0,1,0,29267,20731,358.2,19.51,391.9,0.04488
SQLi,filter,CG-Adaptive,adaptive,0.3,1,48,1,2.0833,1,33,1.0,1,0,29261,20980,390.1,23.34,428.4,0.04527
SQLi,filter,CG-Adaptive,adaptive,0.3,2,45,1,2.2222,1,36,1.0,1,0,31819,22446,368.8,20.41,404.3,0.04864
SQLi,filter,CG-Adaptive,adaptive,0.3,3,48,1,2.0833,1,33,1.0,1,0,29281,20851,314.5,21.94,351.2,0.04507
SQLi,filter,CG-Adaptive,adaptive,0.3,4,37,1,2.7027,1,30,1.0,1,0,26759,18688,297.9,19.91,331.9,0.0406
SQLi,filter,CG-Adaptive,adaptive,0.3,5,48,1,2.0833,1,33,1.0,1,0,29275,21702,329.3,22.16,366.0,0.04643
SQLi,filter,CG-Adaptive,adaptive,0.3,6,43,1,2.3256,1,33,1.0,1,0,29276,20414,448.8,20.94,487.2,0.04437
SQLi,filter,CG-Adaptive,adaptive,0.3,7,46,1,2.1739,1,30,1.0,1,0,26750,19169,286.9,19.53,319.9,0.04137
SQLi,filter,CG-Adaptive,adaptive,0.3,8,42,1,2.381,1,36,1.0,1,0,31801,22281,349.3,19.68,384.0,0.04837
SQLi,filter,CG-Adaptive,adaptive,0.3,9,37,1,2.7027,1,39,1.0,1,0,34322,23717,440.9,22.2,479.0,0.05168
SQLi,filter,CG-Adaptive,adaptive,0.3,10,46,1,2.1739,1,30,1.0,1,0,26777,18993,313.0,22.76,349.5,0.0411
SQLi,filter,CG-Adaptive,adaptive,0.4,1,47,1,2.1277,1,36,1.0,1,0,31797,21940,358.2,9.43,381.4,0.04782
SQLi,filter,CG-Adaptive,adaptive,0.4,2,43,1,2.3256,1,36,1.0,1,0,31808,23104,336.5,9.05,359.4,0.04969
SQLi,filter,CG-Adaptive,adaptive,0.4,3,47,1,2.1277,1,33,1.0,1,0,29302,21025,316.8,8.96,338.7,0.04536
SQLi,filter,CG-Adaptive,adaptive,0.4,4,40,1,2.5,1,39,1.0,1,0,34327,24331,373.8,9.14,397.6,0.05266
SQLi,filter,CG-Adaptive,adaptive,0.4,5,43,1,2.3256,1,33,1.0,1,0,29284,20631,314.9,9.27,337.1,0.04472
SQLi,filter,CG-Adaptive,adaptive,0.4,6,46,1,2.1739,1,33,1.0,1,0,29281,20903,341.4,9.2,363.6,0.04516
SQLi,filter,CG-Adaptive,adaptive,0.4,7,47,1,2.1277,1,33,1.0,1,0,29307,20972,301.5,9.17,323.6,0.04528
SQLi,filter,CG-Adaptive,adaptive,0.4,8,49,1,2.0408,1,33,1.0,1,0,29300,20535,304.4,8.88,326.4,0.04458
SQLi,filter,CG-Adaptive,adaptive,0.4,9,42,1,2.381,1,33,1.0,1,0,29263,20819,300.1,9.12,322.2,0.04502
SQLi,filter,CG-Adaptive,adaptive,0.4,10,48,1,2.0833,1,33,1.0,1,0,29283,21045,462.9,9.18,485.3,0.04539
SQLi,filter,CG-Adaptive,adaptive,0.5,1,43,1,2.3256,1,33,1.0,1,0,29306,20239,319.7,9.52,342.3,0.0441
SQLi,filter,CG-Adaptive,adaptive,0.5,2,47,1,2.1277,1,36,1.0,1,0,31783,22439,364.4,9.5,387.9,0.04862
SQLi,filter,CG-Adaptive,adaptive,0.5,3,38,1,2.6316,1,33,1.0,1,0,29256,21304,336.4,9.38,358.8,0.04579
SQLi,filter,CG-Adaptive,adaptive,0.5,4,37,2,5.4054,2,30,1.0,2,0,27871,19130,437.6,13.71,463.8,0.04176
SQLi,filter,CG-Adaptive,adaptive,0.5,5,47,1,2.1277,1,33,1.0,1,0,29255,21486,441.3,10.58,465.5,0.04608
SQLi,filter,CG-Adaptive,adaptive,0.5,6,402,1,0.2488,28,51,28.0,29,28,147735,40990,883.0,40.43,950.8,0.12468
SQLi,filter,CG-Adaptive,adaptive,0.5,7,38,1,2.6316,1,36,1.0,1,0,31807,23360,401.1,10.97,426.0,0.0501
SQLi,filter,CG-Adaptive,adaptive,0.5,8,46,1,2.1739,1,36,1.0,1,0,31810,22006,400.8,9.42,424.5,0.04793
SQLi,filter,CG-Adaptive,adaptive,0.5,9,338,1,0.2959,28,54,28.0,28,27,121922,33769,667.3,40.46,736.0,0.1028
SQLi,filter,CG-Adaptive,adaptive,0.5,10,88,2,2.2727,2,39,1.0,2,0,54531,24332,497.4,17.28,530.1,0.06074
XSS,search,PP-Adaptive,adaptive,0.3,1,16,16,100.0,16,54,1.0,16,0,48695,16141,231.6,61.31,598.0,0.0453
XSS,search,PP-Adaptive,adaptive,0.3,2,16,15,93.75,18,57,1.2,18,3,53799,17443,237.1,52.61,598.4,0.04943
XSS,search,PP-Adaptive,adaptive,0.3,3,8,8,100.0,8,51,1.0,8,0,34433,14057,204.0,30.06,533.3,0.03626
XSS,search,PP-Adaptive,adaptive,0.3,4,18,17,94.4444,20,57,1.18,20,3,57049,17517,235.9,60.98,606.8,0.05085
XSS,search,PP-Adaptive,adaptive,0.3,5,14,13,92.8571,17,54,1.31,17,4,51225,16851,228.9,51.21,586.0,0.04745
XSS,search,PP-Adaptive,adaptive,0.3,6,10,10,100.0,10,57,1.0,10,0,40186,15622,213.1,37.15,555.0,0.04107
XSS,search,PP-Adaptive,adaptive,0.3,7,8,7,87.5,10,57,1.43,10,3,40795,15470,221.8,30.27,552.9,0.04107
XSS,search,PP-Adaptive,adaptive,0.3,8,17,17,100.0,17,54,1.0,17,0,50274,15780,217.8,60.38,584.3,0.04536
XSS,search,PP-Adaptive,adaptive,0.3,9,14,13,92.8571,16,54,1.23,16,3,49267,16046,232.1,47.55,586.2,0.04538
XSS,search,PP-Adaptive,adaptive,0.3,10,19,18,94.7368,21,54,1.17,21,3,57374,16851,230.4,69.95,610.6,0.04991
XSS,search,CG-Adaptive,adaptive,0.1,1,13,1,7.6923,2,51,2.0,3,2,24997,13328,199.2,15.76,514.6,0.03132
XSS,search,CG-Adaptive,adaptive,0.1,2,18,1,5.5556,1,57,1.0,1,0,25654,13567,223.8,12.95,540.5,0.03197
XSS,search,CG-Adaptive,adaptive,0.1,3,16,1,6.25,1,51,1.0,1,0,23153,12825,215.3,13.67,530.7,0.02978
XSS,search,CG-Adaptive,adaptive,0.1,4,13,1,7.6923,1,54,1.0,1,0,24401,13015,217.3,13.78,531.2,0.03058
XSS,search,CG-Adaptive,adaptive,0.1,5,14,2,14.2857,6,54,3.0,6,4,33168,14615,275.1,21.56,598.5,0.03665
XSS,search,CG-Adaptive,adaptive,0.1,6,17,2,11.7647,3,51,1.5,3,1,26631,13960,240.0,18.31,560.6,0.03299
XSS,search,CG-Adaptive,adaptive,0.1,7,11,2,18.1818,5,54,2.5,6,4,31482,14737,247.5,19.38,568.1,0.03617
XSS,search,CG-Adaptive,adaptive,0.1,8,17,1,5.8824,1,54,1.0,1,0,24399,13359,222.5,14.61,541.1,0.03113
XSS,search,CG-Adaptive,adaptive,0.1,9,17,2,11.7647,2,54,1.0,2,0,26113,13714,228.0,18.38,550.0,0.03239
XSS,search,CG-Adaptive,adaptive,0.1,10,11,1,9.0909,1,51,1.0,1,0,23153,13196,204.4,13.87,516.1,0.03037
XSS,search,CG-Adaptive,adaptive,0.2,1,21,2,9.5238,2,54,1.0,2,0,26119,13775,305.1,19.46,627.9,0.03249
XSS,search,CG-Adaptive,adaptive,0.2,2,13,2,15.3846,2,57,1.0,2,0,27368,13745,232.2,21.62,557.0,0.03294
XSS,search,CG-Adaptive,adaptive,0.2,3,18,2,11.1111,3,60,1.5,3,1,30399,14330,237.5,20.18,564.7,0.03509
XSS,search,CG-Adaptive,adaptive,0.2,4,17,1,5.8824,1,54,1.0,1,0,24432,13107,223.7,15.63,541.4,0.03074
XSS,search,CG-Adaptive,adaptive,0.2,5,18,2,11.1111,2,51,1.0,2,0,24864,13654,245.4,22.5,571.4,0.03179
XSS,search,CG-Adaptive,adaptive,0.2,6,13,1,7.6923,2,57,2.0,4,3,27506,14731,289.9,15.88,609.3,0.03457
XSS,search,CG-Adaptive,adaptive,0.2,7,18,1,5.5556,1,54,1.0,1,0,24434,13226,272.9,15.52,593.8,0.03094
XSS,search,CG-Adaptive,adaptive,0.2,8,20,1,5.0,1,57,1.0,1,0,25679,14479,242.9,16.09,562.6,0.03344
XSS,search,CG-Adaptive,adaptive,0.2,9,20,2,10.0,4,54,2.0,4,2,29774,13311,215.8,20.17,541.6,0.03321
XSS,search,CG-Adaptive,adaptive,0.2,10,14,2,14.2857,2,54,1.0,4,2,26272,12726,201.4,20.77,522.8,0.03087
XSS,search,CG-Adaptive,adaptive,0.3,1,22,1,4.5455,2,54,2.0,2,1,26452,13725,240.9,6.12,547.7,0.03254
XSS,search,CG-Adaptive,adaptive,0.3,2,24,2,8.3333,2,54,1.0,2,0,26117,13336,212.0,22.1,538.8,0.03178
XSS,search,CG-Adaptive,adaptive,0.3,3,14,2,14.2857,4,54,2.0,6,4,29874,14775,297.9,24.16,622.7,0.03559
XSS,search,CG-Adaptive,adaptive,0.3,4,12,2,16.6667,4,54,2.0,7,5,29856,13701,207.9,24.17,532.9,0.03386
XSS,search,CG-Adaptive,adaptive,0.3,5,6,1,16.6667,2,51,2.0,2,1,24920,12946,198.8,17.52,513.9,0.03068
XSS,search,CG-Adaptive,adaptive,0.3,6,25,2,8.0,3,57,1.5,6,4,30147,15864,245.4,28.65,638.7,0.03744
XSS,search,CG-Adaptive,adaptive,0.3,7,20,2,10.0,5,48,2.5,7,5,29903,15210,246.0,28.76,606.3,0.0363
XSS,search,CG-Adaptive,adaptive,0.3,8,13,2,15.3846,3,63,1.5,3,1,35919,17090,299.5,30.32,720.3,0.04171
XSS,search,CG-Adaptive,adaptive,0.3,9,20,1,5.0,1,54,1.0,1,0,24556,12935,221.9,15.49,541.5,0.03052
XSS,search,CG-Adaptive,adaptive,0.3,10,11,2,18.1818,3,54,1.5,3,1,27955,13533,220.9,23.45,544.5,0.03283
XSS,search,CG-Adaptive,adaptive,0.4,1,18,1,5.5556,1,54,1.0,1,0,24641,13389,235.4,6.19,544.2,0.03128
XSS,search,CG-Adaptive,adaptive,0.4,2,19,1,5.2632,2,54,2.0,2,1,26626,13943,244.1,6.23,553.1,0.03296
XSS,search,CG-Adaptive,adaptive,0.4,3,18,1,5.5556,1,51,1.0,1,0,23389,13415,252.9,5.89,560.2,0.03082
XSS,search,CG-Adaptive,adaptive,0.4,4,16,1,6.25,1,51,1.0,1,0,23336,12267,217.3,6.12,524.2,0.02896
XSS,search,CG-Adaptive,adaptive,0.4,5,14,1,7.1429,1,54,1.0,1,0,24027,12998,236.4,5.98,536.1,0.03041
XSS,search,CG-Adaptive,adaptive,0.4,6,9,2,22.2222,1,51,0.5,3,1,23270,12949,238.8,9.06,545.1,0.03003
XSS,search,CG-Adaptive,adaptive,0.4,7,17,1,5.8824,1,57,1.0,3,2,25859,13793,265.4,7.12,575.0,0.03241
XSS,search,CG-Adaptive,adaptive,0.4,8,19,1,5.2632,1,54,1.0,1,0,24634,13212,250.5,6.03,559.6,0.03099
XSS,search,CG-Adaptive,adaptive,0.4,9,16,1,6.25,1,54,1.0,1,0,24608,12967,238.7,6.94,547.2,0.03059
XSS,search,CG-Adaptive,adaptive,0.4,10,14,1,7.1429,1,57,1.0,1,0,25828,13728,268.7,6.6,573.2,0.0323
XSS,search,CG-Adaptive,adaptive,0.5,1,18,1,5.5556,1,57,1.0,1,0,25888,14812,307.0,7.22,618.2,0.03405
XSS,search,CG-Adaptive,adaptive,0.5,2,17,2,11.7647,1,54,0.5,3,1,24637,13057,312.7,9.55,622.7,0.03075
XSS,search,CG-Adaptive,adaptive,0.5,3,22,1,4.5455,1,57,1.0,1,0,25895,13880,296.3,6.9,608.4,0.03257
XSS,search,CG-Adaptive,adaptive,0.5,4,12,1,8.3333,1,51,1.0,1,0,23344,12735,265.6,7.42,573.0,0.02971
XSS,search,CG-Adaptive,adaptive,0.5,5,14,1,7.1429,1,54,1.0,1,0,24621,13053,256.7,6.66,563.6,0.03073
XSS,search,CG-Adaptive,adaptive,0.5,6,21,2,9.5238,1,54,0.5,3,1,24636,13894,259.9,9.82,574.0,0.03208
XSS,search,CG-Adaptive,adaptive,0.5,7,20,2,10.0,2,54,1.0,2,0,26344,13157,232.7,10.36,548.9,0.03159
XSS,search,CG-Adaptive,adaptive,0.5,8,14,1,7.1429,1,54,1.0,1,0,24630,13430,265.1,6.77,571.1,0.03134
XSS,search,CG-Adaptive,adaptive,0.5,9,19,1,5.2632,1,54,1.0,1,0,24636,13283,243.0,7.3,554.0,0.03111
XSS,search,CG-Adaptive,adaptive,0.5,10,14,2,14.2857,1,54,0.5,3,1,24606,13163,283.1,10.0,592.7,0.0309
XSS,calc,PP-Adaptive,adaptive,0.3,1,8,8,100.0,9,42,1.12,9,1,32562,13115,194.7,31.46,522.4,0.03401
XSS,calc,PP-Adaptive,adaptive,0.3,2,7,7,100.0,7,45,1.0,7,0,30374,14488,254.7,29.11,589.9,0.03533
XSS,calc,PP-Adaptive,adaptive,0.3,3,12,12,100.0,12,45,1.0,12,0,38484,17947,253.5,44.2,598.3,0.04411
XSS,calc,PP-Adaptive,adaptive,0.3,4,7,7,100.0,7,39,1.0,7,0,27864,13186,187.9,27.36,507.8,0.03224
XSS,calc,PP-Adaptive,adaptive,0.3,5,5,5,100.0,5,45,1.0,5,0,27154,14297,208.8,20.92,523.8,0.03374
XSS,calc,PP-Adaptive,adaptive,0.3,6,12,9,75.0,18,42,2.0,18,9,48456,16626,230.8,36.12,569.1,0.04598
XSS,calc,PP-Adaptive,adaptive,0.3,7,8,8,100.0,8,45,1.0,8,0,32003,14246,207.1,30.3,534.5,0.03559
XSS,calc,PP-Adaptive,adaptive,0.3,8,8,7,87.5,10,42,1.43,10,3,34660,14497,193.7,27.92,518.3,0.03706
XSS,calc,PP-Adaptive,adaptive,0.3,9,3,3,100.0,3,44,1.0,3,0,23479,13161,176.1,14.55,482.2,0.03045
XSS,calc,PP-Adaptive,adaptive,0.3,10,4,4,100.0,4,45,1.0,4,0,25651,12898,263.8,19.4,575.2,0.0309
XSS,calc,CG-Adaptive,adaptive,0.1,1,3,1,33.3333,1,45,1.0,1,0,20738,13485,219.7,13.41,525.5,0.02987
XSS,calc,CG-Adaptive,adaptive,0.1,2,7,2,28.5714,2,51,1.0,3,1,25643,13942,280.3,25.9,656.5,0.03256
XSS,calc,CG-Adaptive,adaptive,0.1,3,6,2,33.3333,3,42,1.5,7,5,23769,11972,216.1,22.33,532.0,0.02866
XSS,calc,CG-Adaptive,adaptive,0.1,4,7,3,42.8571,3,57,1.0,5,2,29942,17130,297.5,31.0,709.7,0.03938
XSS,calc,CG-Adaptive,adaptive,0.1,5,9,2,22.2222,3,48,1.5,5,3,25463,13166,259.8,20.82,584.9,0.03125
XSS,calc,CG-Adaptive,adaptive,0.1,6,7,1,14.2857,1,45,1.0,1,0,20741,14909,258.6,13.54,568.2,0.03215
XSS,calc,CG-Adaptive,adaptive,0.1,7,19,2,10.5263,2,51,1.0,2,0,26267,14631,275.3,23.82,660.2,0.03392
XSS,calc,CG-Adaptive,adaptive,0.1,8,15,2,13.3333,6,42,3.0,12,10,28951,10470,217.4,28.47,571.8,0.02833
XSS,calc,CG-Adaptive,adaptive,0.1,9,96,4,4.1667,4,54,1.0,8,4,37794,12487,257.7,41.95,759.2,0.0351
XSS,calc,CG-Adaptive,adaptive,0.1,10,15,2,13.3333,2,45,1.0,4,2,25020,12302,192.6,23.22,543.4,0.02969
XSS,calc,CG-Adaptive,adaptive,0.2,1,6,1,16.6667,1,45,1.0,1,0,20735,12240,191.5,14.79,501.4,0.02788
XSS,calc,CG-Adaptive,adaptive,0.2,2,10,1,10.0,1,42,1.0,1,0,19479,14850,217.0,14.17,526.4,0.03155
XSS,calc,CG-Adaptive,adaptive,0.2,3,8,2,25.0,3,42,1.5,7,5,23044,12410,204.3,20.7,519.9,0.02907
XSS,calc,CG-Adaptive,adaptive,0.2,4,8,1,12.5,1,45,1.0,1,0,20735,13614,217.6,14.61,527.1,0.03008
XSS,calc,CG-Adaptive,adaptive,0.2,5,3,2,66.6667,4,45,2.0,4,2,26045,12887,248.6,20.02,561.5,0.03104
XSS,calc,CG-Adaptive,adaptive,0.2,6,14,4,28.5714,5,48,1.25,8,4,29618,12506,210.0,38.49,605.5,0.03186
XSS,calc,CG-Adaptive,adaptive,0.2,7,8,1,12.5,1,45,1.0,1,0,20735,15328,290.5,15.41,620.2,0.03282
XSS,calc,CG-Adaptive,adaptive,0.2,8,10,2,20.0,4,51,2.0,4,2,29682,13013,213.6,25.16,592.4,0.03269
XSS,calc,CG-Adaptive,adaptive,0.2,9,8,2,25.0,2,45,1.0,4,2,22439,12429,207.7,20.89,523.6,0.02886
XSS,calc,CG-Adaptive,adaptive,0.2,10,15,2,13.3333,3,39,1.5,5,3,21786,12254,207.4,19.94,524.4,0.02832
XSS,calc,CG-Adaptive,adaptive,0.3,1,5,2,40.0,2,57,1.0,4,2,27820,17221,271.6,30.66,680.9,0.03868
XSS,calc,CG-Adaptive,adaptive,0.3,2,16,3,18.75,4,48,1.33,5,2,28680,11536,209.0,33.96,629.8,0.02993
XSS,calc,CG-Adaptive,adaptive,0.3,3,13,3,23.0769,3,51,1.0,3,0,27020,11435,240.2,30.82,630.7,0.0291
XSS,calc,CG-Adaptive,adaptive,0.3,4,12,2,16.6667,3,39,1.5,5,3,21829,11495,275.0,20.45,593.1,0.02712
XSS,calc,CG-Adaptive,adaptive,0.3,5,4,2,50.0,3,42,1.5,3,1,23026,13780,211.3,22.12,526.1,0.03126
XSS,calc,CG-Adaptive,adaptive,0.3,6,2,1,50.0,1,45,1.0,1,0,20736,13415,196.0,14.78,500.9,0.02976
XSS,calc,CG-Adaptive,adaptive,0.3,7,6,1,16.6667,3,42,3.0,8,7,23236,14787,223.7,22.1,539.6,0.03295
XSS,calc,CG-Adaptive,adaptive,0.3,8,23,4,17.3913,7,75,1.75,11,7,49086,20603,371.8,62.95,1031.1,0.0526
XSS,calc,CG-Adaptive,adaptive,0.3,9,8,2,25.0,3,45,1.5,7,5,26504,11346,186.0,30.39,539.5,0.02876
XSS,calc,CG-Adaptive,adaptive,0.3,10,10,2,20.0,3,51,1.5,4,2,27488,13602,239.8,27.79,623.9,0.03276
XSS,calc,CG-Adaptive,adaptive,0.4,1,6,1,16.6667,1,36,1.0,1,0,16968,10529,199.1,5.86,494.3,0.02363
XSS,calc,CG-Adaptive,adaptive,0.4,2,6,3,50.0,3,57,1.0,5,2,31289,15827,368.2,16.64,792.4,0.03784
XSS,calc,CG-Adaptive,adaptive,0.4,3,8,1,12.5,1,45,1.0,1,0,20734,14065,251.1,6.04,550.3,0.0308
XSS,calc,CG-Adaptive,adaptive,0.4,4,6,1,16.6667,1,36,1.0,1,0,16960,11905,286.6,5.35,585.7,0.02583
XSS,calc,CG-Adaptive,adaptive,0.4,5,19,4,21.0526,6,51,1.5,7,3,34059,11783,278.6,17.81,682.1,0.03248
XSS,calc,CG-Adaptive,adaptive,0.4,6,8,2,25.0,2,51,1.0,2,0,25686,12750,279.2,10.21,642.7,0.03067
XSS,calc,CG-Adaptive,adaptive,0.4,7,2,2,100.0,2,45,1.0,4,2,22460,12852,271.6,8.62,577.9,0.02955
XSS,calc,CG-Adaptive,adaptive,0.4,8,10,2,20.0,2,45,1.0,4,2,22476,11861,254.4,9.03,557.8,0.02797
XSS,calc,CG-Adaptive,adaptive,0.4,9,9,4,44.4444,2,42,0.5,4,0,21267,12994,281.8,13.12,588.4,0.0293
XSS,calc,CG-Adaptive,adaptive,0.4,10,13,3,23.0769,3,45,1.0,7,4,25652,15392,384.0,13.35,751.3,0.03489
XSS,calc,CG-Adaptive,adaptive,0.5,1,9,3,33.3333,6,42,2.0,11,8,28742,11790,219.2,15.26,556.3,0.03036
XSS,calc,CG-Adaptive,adaptive,0.5,2,5,2,40.0,2,45,1.0,4,2,22435,12140,207.9,9.96,513.3,0.0284
XSS,calc,CG-Adaptive,adaptive,0.5,3,11,4,36.3636,3,45,0.75,7,3,25376,11856,228.3,18.34,599.2,0.02912
XSS,calc,CG-Adaptive,adaptive,0.5,4,7,2,28.5714,4,45,2.0,7,5,26113,13965,277.7,10.96,583.6,0.03279
XSS,calc,CG-Adaptive,adaptive,0.5,5,29,4,13.7931,7,54,1.75,15,11,39315,19582,360.5,21.9,778.6,0.04706
XSS,calc,CG-Adaptive,adaptive,0.5,6,14,2,14.2857,3,45,1.5,8,6,24275,13657,250.1,10.43,558.6,0.03156
XSS,calc,CG-Adaptive,adaptive,0.5,7,8,3,37.5,3,45,1.0,9,6,24339,11937,237.6,13.8,546.4,0.02883
XSS,calc,CG-Adaptive,adaptive,0.5,8,11,2,18.1818,2,45,1.0,2,0,22474,11950,243.6,9.5,549.9,0.02811
XSS,calc,CG-Adaptive,adaptive,0.5,9,9,2,22.2222,3,45,1.5,5,3,25662,14478,303.5,11.69,635.1,0.03343
XSS,calc,CG-Adaptive,adaptive,0.5,10,8,3,37.5,3,54,1.0,7,4,28841,16334,373.7,16.99,773.5,0.03767
