target,page,payload_sha1,status,blocked_by_crs429
bwapp,xss_eval,1f54fda95f80daa8,200,0
bwapp,xss_eval,29136a6a1586ac20,200,0
bwapp,xss_eval,4d0d65e46362aef4,200,0
bwapp,xss_eval,b4e5d2768a5cea9c,200,0
bwapp,xss_eval,a43f43e63a9f892c,200,0
bwapp,xss_eval,8d48e52f3ccf00ee,200,0
bwapp,xss_eval,7d623c23807858f5,200,0
bwapp,xss_eval,ee4df6644bef0882,200,0
bwapp,xss_eval,46e1a85a937dcf2e,200,0
bwapp,xss_eval,0dac32914a2baa09,200,0
bwapp,xss_eval,624fef1d142e09fa,200,0
bwapp,xss_eval,5d42226a6263dc3d,200,0
bwapp,xss_eval,68ecc9c6d0ec93a5,200,0
bwapp,xss_eval,9bac4eb62ed30305,200,0
bwapp,xss_eval,67bfe956ba0717e4,200,0
bwapp,xss_eval,659bd546d2c70a36,200,0
bwapp,xss_eval,ae3753e446827ed9,200,0
bwapp,xss_eval,1aa5438ab71a8029,200,0
bwapp,xss_eval,12cce12ed1a909c1,200,0
bwapp,xss_eval,5428044530eb2ddd,200,0
bwapp,xss_eval,a7e018c6df87d70a,200,0
bwapp,xss_eval,ac0d513a18375ab3,200,0
bwapp,xss_eval,68941cdbd2b62716,200,0
bwapp,xss_eval,34a82acf43b153d8,200,0
bwapp,xss_eval,d1adb4bee02a5164,200,0
bwapp,xss_eval,28acd3a75a35c29a,200,0
bwapp,xss_eval,02d5ee807afbda02,200,0
bwapp,xss_eval,d4ad508672c9e163,200,0
bwapp,xss_eval,23a6559bbc76f5ed,200,0
bwapp,xss_eval,f6e96c77270ef72e,200,0
bwapp,xss_eval,4280e7e6325dc5aa,200,0
bwapp,xss_eval,5a8b32b844e7282b,200,0
bwapp,xss_eval,e8c7f77a62186f70,200,0
bwapp,xss_eval,83794ca0c1119d10,200,0
bwapp,xss_eval,8bdcc43995694412,200,0
bwapp,xss_eval,42aff11ab640e2e4,200,0
bwapp,xss_eval,0efb86930af7d0c5,200,0
bwapp,xss_eval,7196ffe3eef86acb,200,0
bwapp,xss_eval,3a24af1875f0512f,200,0
bwapp,xss_eval,6f334913859ed1c1,200,0
bwapp,xss_eval,edfe6df688ebb526,200,0
bwapp,xss_eval,ce206674dc0a4495,200,0
bwapp,xss_eval,7e1347888698cf1f,200,0
bwapp,xss_eval,52d2878299a75b74,200,0
bwapp,xss_eval,9b135ac151f1b340,200,0
bwapp,xss_eval,f9ecc2c9519d7739,200,0
bwapp,xss_eval,23b114b87f5bf4b6,200,0
bwapp,xss_eval,4f1f8df6771e3dcf,200,0
bwapp,xss_eval,01de6a77c246cdfc,200,0
bwapp,xss_eval,dc1afd8bd0d8f1a8,200,0
bwapp,xss_eval,dcab26fbdb920a5f,200,0
bwapp,xss_eval,0edae6eea40f1366,200,0
bwapp,xss_eval,aeb1cbcb4e1c02eb,200,0
bwapp,xss_eval,e2939cf5aa8d3ac9,200,0
bwapp,xss_eval,eb5eca1b5e10d5af,200,0
bwapp,xss_eval,8dc4548883f04e2e,200,0
bwapp,xss_eval,b2085ef6a89003c7,200,0
bwapp,xss_eval,a7fdcdd6987801a0,200,0
bwapp,xss_eval,c275c89c3fa42ffb,200,0
bwapp,xss_eval,50a2a1a8c8b7536b,200,0
bwapp,xss_eval,34abf9d4c1f8457d,200,0
bwapp,xss_eval,0dcd40073b8ad9b7,200,0
bwapp,xss_eval,04b3f5594bc8cbcd,200,0
bwapp,xss_eval,a081629940645409,200,0
bwapp,xss_eval,f0a6c75fcf1116f1,200,0
bwapp,xss_eval,37b4f19b29466df4,200,0
bwapp,xss_eval,c921df6b7ba4b651,200,0
bwapp,xss_eval,747729a5ede0fcbc,200,0
bwapp,xss_eval,47c6e13cb0b231bc,200,0
bwapp,xss_eval,b15da0c9662682f7,200,0
bwapp,xss_eval,bd658818f6837be7,200,0
bwapp,xss_eval,b852d919d848893d,200,0
bwapp,xss_eval,9893811fbb932b37,200,0
bwapp,xss_eval,bb3521d7e6357bfa,200,0
bwapp,xss_eval,87b7c7fd04d78aef,200,0
bwapp,xss_eval,0e54a3362e3e58ff,200,0
bwapp,xss_eval,05e9e03771fcd01b,200,0
bwapp,xss_eval,17b72d84b3f9d0a2,200,0
bwapp,xss_eval,63a8b2146f0e4d65,200,0
bwapp,xss_eval,75d3c37ddab1e968,200,0
bwapp,xss_eval,04f44ec816ea1aef,200,0
bwapp,xss_eval,f932af910f1d910f,200,0
bwapp,xss_eval,31f05a01392db271,200,0
bwapp,xss_eval,2f539ac5f607834e,200,0
bwapp,xss_eval,5d687b13e5814e51,200,0
bwapp,xss_eval,b25b08702654d7c5,200,0
bwapp,xss_eval,a4b85c31538d8ca7,200,0
bwapp,xss_eval,6a24aadc843d53c8,200,0
bwapp,xss_eval,cfb54071873ad3e0,200,0
bwapp,xss_eval,1b324c6fc5c7124d,200,0
bwapp,xss_eval,6f164b4ebf816976,200,0
bwapp,xss_eval,473dc685af8ee662,200,0
bwapp,xss_eval,c7ed900034af4729,200,0
bwapp,xss_eval,a1417826502e3a04,200,0
bwapp,xss_eval,e4b4dd06838223d4,200,0
bwapp,xss_eval,6e53f2e2daadd1ec,200,0
bwapp,xss_eval,9106a65d0bb65eee,200,0
bwapp,xss_eval,7145661c38ab16f3,200,0
bwapp,xss_eval,bd4e39f4e9ac7a6d,200,0
bwapp,xss_eval,af9f4ab88acd9dd8,200,0
bwapp,xss_eval,a3bb0cb8c9ffdac3,200,0
bwapp,xss_eval,dc8515f9e448cda2,200,0
bwapp,xss_eval,4456591ed13026f5,200,0
bwapp,xss_eval,2b25da3716a0d9d5,200,0
bwapp,xss_eval,e350d7565149a35b,200,0
bwapp,xss_eval,67e9ed5d3a177322,200,0
bwapp,xss_eval,c7bf9770dfc4d618,200,0
bwapp,xss_eval,ba35f498b3b5f6a8,200,0
bwapp,xss_eval,4b5b649600de03a8,200,0
bwapp,xss_eval,019aee846175490f,200,0
bwapp,xss_eval,32a3febd2011f71d,200,0
bwapp,xss_eval,149e2fa5dcb60c41,200,0
bwapp,xss_eval,b836b2ea5e717ac2,200,0
bwapp,xss_eval,35bb8ad71bcb3648,200,0
bwapp,xss_eval,c18c958c11833f47,200,0
bwapp,xss_eval,09b1d2e5295433d9,200,0
bwapp,xss_eval,742d693a2eb5376e,200,0
bwapp,xss_eval,10b1763bac6523f1,200,0
bwapp,xss_eval,b399da7db3a9465e,200,0
bwapp,xss_eval,3951492b2b409e3d,200,0
bwapp,xss_eval,c24b31f9657642d5,200,0
bwapp,xss_eval,2ab313c3e74ad63f,200,0
bwapp,xss_eval,095096e18d0e3503,200,0
bwapp,xss_eval,4c444f0fe9da3a2e,200,0
bwapp,xss_eval,4fdc65f5601a41cb,200,0
bwapp,xss_eval,60c9f458eecb5c22,200,0
bwapp,xss_eval,9ea489d3a31229e9,200,0
bwapp,xss_eval,88dab1b6cf6cc073,200,0
bwapp,xss_eval,4c116379a862ab99,200,0
bwapp,xss_eval,8bfbe73b58ca75f1,200,0
bwapp,xss_eval,8078e9270c8bf0b4,200,0
bwapp,xss_eval,8358847eb326ccb0,200,0
bwapp,xss_eval,587ab377a304220f,200,0
bwapp,xss_eval,53d488d2fa09e097,200,0
bwapp,xss_eval,69cca3a154a81fe8,200,0
bwapp,xss_eval,e39ba8bee089362a,200,0
bwapp,xss_eval,67201b412a0b1f45,200,0
bwapp,xss_eval,1bac519ab64ea242,200,0
bwapp,xss_eval,affc4c72eb0a58c1,200,0
bwapp,xss_eval,f3a8f6ca599ea9ba,200,0
bwapp,xss_eval,aaf2569a4e048129,200,0
bwapp,xss_eval,f5405504fa6d2306,200,0
bwapp,xss_eval,cb0b3b3d0c80f68b,200,0
bwapp,xss_eval,cb71b2b2ae37cc2a,200,0
bwapp,xss_eval,af1ab2acbc51bc4c,200,0
bwapp,xss_eval,d7347e941013f62f,200,0
bwapp,xss_eval,cfd0befc398070e0,200,0
bwapp,xss_eval,7191a275eb551b08,200,0
bwapp,xss_eval,f99f21a4cc63598c,200,0
bwapp,xss_eval,d05b9dffb06f2100,200,0
bwapp,xss_eval,b34f733e7b09eb76,200,0
bwapp,xss_eval,a2135c199a4b9627,200,0
bwapp,xss_eval,a01fbcd0ef11b7a3,200,0
bwapp,xss_eval,eaab8785791884a9,200,0
bwapp,xss_eval,44f63da1795f1e9a,200,0
bwapp,xss_eval,8711ebf0104aeb5c,200,0
bwapp,xss_eval,cf597440e613d6c0,200,0
bwapp,xss_eval,ebbfe01f80708d88,200,0
bwapp,xss_eval,3a4d3e18f9f2e1fd,200,0
bwapp,xss_eval,3d3f32bbf00d8c84,200,0
bwapp,xss_eval,db7d9e6d2c886ede,200,0
bwapp,xss_eval,f389259c8e37d8b5,200,0
bwapp,xss_eval,30263a69a7d55db5,200,0
bwapp,xss_eval,4a07b11a1dddeeeb,200,0
bwapp,xss_eval,ded2da032c0ef0f0,200,0
bwapp,xss_eval,a64ce00e2f6ae4fe,200,0
bwapp,xss_eval,efe4364baee78837,200,0
bwapp,xss_eval,c8f1dfdcaac8fc23,200,0
bwapp,xss_eval,4387be6832ed1d21,200,0
bwapp,xss_eval,214708abaf2e8bed,200,0
bwapp,xss_eval,27d0340b02edc27d,200,0
bwapp,xss_eval,47028c9a8d073849,200,0
bwapp,xss_eval,5a2a4fc264a08fdb,200,0
bwapp,xss_eval,00fca4243405d993,200,0
bwapp,xss_eval,21ff245e94165851,200,0
bwapp,xss_eval,493d25577633fd97,200,0
bwapp,xss_eval,1335c3ee9ab3bf64,200,0
bwapp,xss_eval,9e3d3ece52a304a4,200,0
bwapp,xss_eval,cc9444af2508ffe1,200,0
bwapp,xss_eval,d81d69c234f0377a,200,0
bwapp,xss_eval,e9bdf1bbc37dea01,200,0
bwapp,xss_eval,700ebdab42488a30,200,0
bwapp,xss_eval,18b3a52a2c4e92ba,200,0
bwapp,xss_eval,cb31179498065652,200,0
bwapp,xss_eval,1c17fec34a90ca85,200,0
bwapp,xss_eval,73008b6086965044,200,0
bwapp,xss_eval,79ae88ccd196570d,200,0
bwapp,xss_eval,3bb8af5686164bb4,200,0
bwapp,xss_eval,05214a633da6a3c4,200,0
bwapp,xss_eval,8ad3a7874730a97d,200,0
bwapp,xss_eval,1d8984f7b95e74ec,200,0
bwapp,xss_eval,47fbcda8c77695b0,200,0
bwapp,xss_eval,b61c390df6de1adb,200,0
bwapp,xss_eval,daa125968d56cdfe,200,0
bwapp,xss_eval,9cb60b7b97f6b250,200,0
bwapp,xss_eval,9470ee10f0e961da,200,0
bwapp,xss_eval,7e9a8c674d3e0302,200,0
bwapp,xss_eval,ef6d21a683301659,200,0
bwapp,xss_eval,8456766b977de868,200,0
bwapp,xss_eval,359630652db913ef,200,0
bwapp,xss_eval,7cd1e1ccb8cf9898,200,0
bwapp,xss_eval,20433d8efb420e59,200,0
bwapp,xss_eval,ddfd901eae974dec,200,0
bwapp,xss_eval,73e7fe778cf4871a,200,0
bwapp,xss_eval,c724ac89b0e18238,200,0
bwapp,xss_eval,e80cab2aeb8de7fc,200,0
bwapp,xss_eval,ccf1273513eae7cb,200,0
bwapp,xss_eval,7de12604ef5c89f3,200,0
bwapp,xss_eval,f84df65af86db131,200,0
bwapp,xss_eval,bd78b793f49b296b,200,0
bwapp,xss_eval,fecaa5953e678d27,200,0
bwapp,xss_eval,b91aa25e429fb4af,200,0
bwapp,xss_eval,c8f135614505c60e,200,0
bwapp,xss_eval,d8b1d99f07c7df79,200,0
bwapp,xss_eval,dfd4471d7f4ff0d4,200,0
bwapp,xss_eval,ea679e91a90de2c6,200,0
bwapp,xss_eval,d5af20ee793c64cd,200,0
bwapp,xss_eval,798a18ec336ca25a,200,0
bwapp,xss_eval,d2ecee18d6eeb364,200,0
bwapp,xss_eval,20ad417f6caf1cb0,200,0
bwapp,xss_eval,89791b09ce124eb3,200,0
bwapp,xss_eval,d75ceb32ce52685a,200,0
bwapp,xss_eval,f76dfdd16a7f6211,200,0
bwapp,xss_eval,ded7210295aed4be,200,0
bwapp,xss_eval,7746540ab4547ec1,200,0
bwapp,xss_eval,13385ed015300d0f,200,0
bwapp,xss_eval,9e4012569f153905,200,0
bwapp,xss_eval,6ffef4309a37c630,200,0
bwapp,xss_eval,d089ab6fee6fac61,200,0
bwapp,xss_eval,23f8b851298bf245,200,0
bwapp,xss_eval,a241f70c2f35f837,200,0
bwapp,xss_eval,6a0f3d0fd578b294,200,0
bwapp,xss_eval,6775e6bb2e1c36fe,200,0
bwapp,xss_eval,70ef73a596938712,200,0
bwapp,xss_eval,82d2985e8ca0582d,200,0
bwapp,xss_eval,e56d12d0fbd77f7a,200,0
bwapp,xss_eval,cdd948a59390c2cd,200,0
bwapp,xss_eval,71579b40055f8fa4,200,0
bwapp,xss_eval,c20d8cf957b88b8a,200,0
bwapp,xss_eval,845593869477da6f,200,0
bwapp,xss_eval,706c30aa5b9a5d4b,200,0
bwapp,xss_eval,1dfd462560900036,200,0
bwapp,xss_eval,9576423f3335018c,200,0
bwapp,xss_eval,176cb0b5a0a6b065,200,0
bwapp,xss_eval,af3e36a1f4d1c260,200,0
bwapp,xss_eval,64bde7602953867e,200,0
bwapp,xss_eval,7d35437e5e6e67d1,200,0
bwapp,xss_eval,9bd25a5fa7de99f3,200,0
bwapp,xss_eval,9b77baa3d9e52a43,200,0
bwapp,xss_eval,9aa8e275ddc0a1a6,200,0
bwapp,xss_eval,7486f8c6924697a4,200,0
bwapp,xss_eval,cb4d3fdc843008e0,200,0
bwapp,xss_eval,d817be09d25b4563,200,0
bwapp,xss_eval,753a868b2658b5b0,200,0
bwapp,xss_eval,c666fe44d93b33de,200,0
bwapp,xss_eval,5f66749c99f8c9b1,200,0
bwapp,xss_eval,79940c828b9209ab,200,0
bwapp,xss_eval,68130ae02d7b5213,200,0
bwapp,xss_eval,a55b2f6bcefd6c71,200,0
bwapp,xss_eval,3b1bf77eae8e8bf2,200,0
bwapp,xss_eval,c6a7f90b652c3b38,200,0
bwapp,xss_eval,8a6c3ee619231385,200,0
bwapp,xss_eval,33e95b4cf0a28a90,200,0
bwapp,xss_eval,417285e61cb5c778,200,0
bwapp,xss_eval,ddcd6dadcb02f83b,200,0
bwapp,xss_eval,eff60508bf389754,200,0
bwapp,xss_eval,cf6020bcdd4b1057,200,0
bwapp,xss_eval,2580904b4dcd2049,200,0
bwapp,xss_eval,ccca361952b20826,200,0
bwapp,xss_eval,b09b9defdef83323,200,0
bwapp,xss_eval,942a68b65ac6d681,200,0
bwapp,xss_eval,9145adb5e6aef769,200,0
bwapp,xss_eval,35777c831a6af2dc,200,0
bwapp,xss_eval,0dcdebcc00944877,200,0
bwapp,xss_eval,6218fc765ded4051,200,0
bwapp,xss_eval,08bb0598d7a708f5,200,0
bwapp,xss_eval,7d579abdd5127ac4,200,0
bwapp,xss_eval,e4a481c13370aed8,200,0
bwapp,xss_eval,0d723d70202914bf,200,0
bwapp,xss_eval,4f23c0392b2569a5,200,0
bwapp,xss_eval,4e07bdf5796cd8ac,200,0
bwapp,xss_eval,fedecf8afa6ec6c4,200,0
bwapp,xss_eval,7055244063d53f72,200,0
bwapp,xss_eval,b45852c0f038bcc6,200,0
bwapp,xss_eval,167e21c9ab7ba55b,200,0
bwapp,xss_eval,f34e24e91c41b9f3,200,0
bwapp,xss_eval,f37f2044e7075455,200,0
bwapp,xss_eval,3f63ea567a5453cd,200,0
bwapp,xss_eval,23de937b17aa5255,200,0
bwapp,xss_eval,a3b2d94a116d6289,200,0
bwapp,xss_eval,4585cfbd77f15121,200,0
bwapp,xss_eval,56b8fbf3dea56052,200,0
bwapp,xss_eval,6ffe1a78d0164a2a,200,0
bwapp,xss_eval,ced912df131e2610,200,0
bwapp,xss_eval,e707dee582a81158,200,0
bwapp,xss_eval,1dffd399342225c9,200,0
bwapp,xss_eval,336b0715789ec187,200,0
bwapp,xss_eval,81e2ee0fed27bb24,200,0
bwapp,xss_eval,091cf165ba04c113,200,0
bwapp,xss_eval,aca32c88dad49a0b,200,0
bwapp,xss_eval,89507bac9f5b71ca,200,0
bwapp,xss_eval,b176dadcadc0547a,200,0
bwapp,xss_eval,6707b10695ff358b,200,0
bwapp,xss_eval,a6f83f4a581cb33c,200,0
bwapp,xss_eval,39117ad142a48ebe,200,0
bwapp,xss_eval,66778a7ad4d4b5b7,200,0
bwapp,xss_eval,f9f5efe0f118cfef,200,0
bwapp,xss_eval,05c91b7b07e79066,200,0
bwapp,xss_eval,243129c18f4fa139,200,0
bwapp,xss_eval,33edac27441d3dd7,200,0
bwapp,xss_eval,6b60fada1ff7567a,200,0
bwapp,xss_eval,f0fd83c31075d73b,200,0
bwapp,xss_eval,f531a11fafb6613b,200,0
bwapp,xss_eval,e00cd5dfa7f0bcc1,200,0
bwapp,xss_eval,43be21bc8897a506,200,0
bwapp,xss_eval,e5f8a7d83e83303e,200,0
bwapp,xss_eval,e960c182c0851310,200,0
bwapp,xss_eval,9a8286862c64a3b3,200,0
bwapp,xss_eval,d3a5cb527dd277d2,200,0
bwapp,xss_eval,be1137589bad6303,200,0
bwapp,xss_eval,cebad255ad0e1659,200,0
bwapp,xss_eval,01540ddee07ea79d,200,0
bwapp,xss_eval,8ac97f2e254caf1e,200,0
bwapp,xss_eval,f89eca0edd66ed8e,200,0
bwapp,xss_eval,9013b7eb7d5e3ad0,200,0
bwapp,xss_eval,04d2a940c7913388,200,0
bwapp,xss_eval,2fd608bd83495564,200,0
bwapp,xss_eval,868a9a5dd4ec0e63,200,0
bwapp,xss_eval,6bd491db51f53dac,200,0
bwapp,xss_eval,69d0ee3f59384e22,200,0
bwapp,xss_eval,1aa5c3af14bd02bc,200,0
bwapp,xss_eval,e2cf7f1014a15cca,200,0
bwapp,xss_eval,b7f4e137b7165604,200,0
bwapp,xss_eval,67a146fbc30ca111,200,0
bwapp,xss_eval,7e105787ed33a4d4,200,0
bwapp,xss_eval,66b08b3d78d92ea2,200,0
bwapp,xss_eval,92f65d6c92dc9314,200,0
bwapp,xss_eval,7566e08b437087ee,200,0
bwapp,xss_eval,c9ae145fb50acbcc,200,0
bwapp,xss_eval,e8d5d47e4bde05dd,200,0
bwapp,xss_eval,1ace4cd704725ef0,200,0
bwapp,xss_eval,f9525c156688441a,200,0
bwapp,xss_eval,bcf69eb7e87dafbf,200,0
bwapp,xss_eval,2c8ba74e032f1f94,200,0
bwapp,xss_eval,bd3c7f46e2d84837,200,0
bwapp,xss_eval,086c1dc6daf23a01,200,0
bwapp,xss_eval,851b1ae91075caa4,200,0
bwapp,xss_eval,c2cd14bf1b8a5993,200,0
bwapp,xss_eval,176381df39d6d905,200,0
bwapp,xss_eval,66dd301e3c6778d8,200,0
bwapp,xss_eval,ff279c41660cc0eb,200,0
bwapp,xss_eval,aea75dc28ecae3b1,200,0
bwapp,xss_eval,9513eebed6b5fbcc,200,0
bwapp,xss_eval,2181f66c8530dd61,200,0
bwapp,xss_eval,fd70661e00515e87,200,0
bwapp,xss_eval,5c6d4c2dfc363196,200,0
bwapp,xss_eval,b47dd22163b0356e,200,0
bwapp,xss_eval,f836bc66a8effe43,200,0
bwapp,xss_eval,172db273f4ef430c,200,0
bwapp,xss_eval,4a4669152982a906,200,0
bwapp,xss_eval,42c41a320257bdbe,200,0
bwapp,xss_eval,22bfa56f276b2f96,200,0
bwapp,xss_eval,853e82619b2cc976,200,0
bwapp,xss_eval,8b595c43f735fe37,200,0
bwapp,xss_eval,747e12854b85bf22,200,0
bwapp,xss_eval,054d8e51bfac6e4d,200,0
bwapp,xss_eval,b8c115e7b01e17b7,200,0
bwapp,xss_eval,3e17c964fb1fa2ac,200,0
bwapp,xss_eval,c3804ed9c9ec9ed1,200,0
bwapp,xss_eval,661e442a8f5b6b39,200,0
bwapp,xss_eval,cd595e5579542d07,200,0
bwapp,xss_eval,7ed17b4a6e040989,200,0
bwapp,xss_eval,a80c434ed7b652b5,200,0
bwapp,xss_eval,3faef0b41e0316d6,200,0
bwapp,xss_eval,612dd5da4e800175,200,0
bwapp,xss_eval,3c34609a189d37f1,200,0
bwapp,xss_eval,1d86d9b66dfc7978,200,0
bwapp,xss_eval,d66d3c72a725a1ee,200,0
bwapp,xss_eval,a55fff259bed3c6b,200,0
bwapp,xss_eval,4fd405d690f0d372,200,0
bwapp,xss_eval,24fe8467c180e46a,200,0
bwapp,xss_eval,2767a2f20b105f83,200,0
bwapp,xss_eval,bc63bae4af599b0a,200,0
bwapp,xss_eval,3b585a832324728c,200,0
bwapp,xss_eval,6ccc3c60ae82df1e,200,0
bwapp,xss_eval,0f5ed9c03cea9d86,200,0
bwapp,xss_eval,f1d8f45d80ba4cce,200,0
bwapp,xss_eval,55470ebecb0338fc,200,0
bwapp,xss_eval,d1cadae94ac321d8,200,0
bwapp,xss_eval,7ccd33bd2f6e9a2b,200,0
bwapp,xss_eval,bdeca03ff2073270,200,0
bwapp,xss_eval,bf33b2eb2ee5bd57,200,0
bwapp,xss_eval,3659e764d9436c5c,200,0
bwapp,xss_eval,8f48eb8079fc57cd,200,0
bwapp,xss_eval,9e8f964867e37962,200,0
bwapp,xss_eval,07cb37cf2d25fa78,200,0
bwapp,xss_eval,2a528f25f857650c,200,0
bwapp,xss_eval,ec7eafc15877c209,200,0
bwapp,xss_eval,bfa52f609d7b0223,200,0
bwapp,xss_eval,4856bf467b5e38d6,200,0
bwapp,xss_eval,280626e6722b952d,200,0
bwapp,xss_eval,09c0acc7093bb9f7,200,0
bwapp,xss_eval,d639948f45ca5100,200,0
bwapp,xss_eval,1b15f5e6b406d663,200,0
bwapp,xss_eval,722537614d25481f,200,0
bwapp,xss_eval,7e98f0223a3e54a3,200,0
bwapp,xss_eval,66324c12b5679464,200,0
bwapp,xss_eval,42698fe57364fab8,200,0
bwapp,xss_eval,26d3492d376c4720,200,0
bwapp,xss_eval,cef98f55be68a924,200,0
bwapp,xss_eval,26da15681b9df009,200,0
bwapp,xss_eval,af39b630cdb1c5eb,200,0
bwapp,xss_eval,4946b9392a600a68,200,0
bwapp,xss_eval,216f256d58c8cffc,200,0
bwapp,xss_eval,8627f02a41b09df4,200,0
bwapp,xss_eval,6b5b512cab4469be,200,0
bwapp,xss_eval,0e940f2a67b47f12,200,0
bwapp,xss_eval,ad7bf387ce55cee3,200,0
bwapp,xss_eval,e876c08fe524f130,200,0
bwapp,xss_eval,26203e45dac04838,200,0
bwapp,xss_eval,765898661cef13a9,200,0
bwapp,xss_eval,212baec5db21f7d1,200,0
bwapp,xss_eval,adfb34ca9221c153,200,0
bwapp,xss_eval,8e8eaef626a72738,200,0
bwapp,xss_eval,0448d73749d03e50,200,0
bwapp,xss_eval,b183bf35d5fb66d6,200,0
bwapp,xss_eval,1dd68d29570049b1,200,0
bwapp,xss_eval,16f602ad357c0195,200,0
bwapp,xss_eval,af3954b6dd7502e9,200,0
bwapp,xss_eval,706389be49fd4e56,200,0
bwapp,xss_eval,3f28112efcd6d3a6,200,0
bwapp,xss_eval,1a15d1923aada0d2,200,0
bwapp,xss_eval,4049f6c32a93d6fa,200,0
bwapp,xss_eval,90839a128cc07597,200,0
bwapp,xss_eval,2fa127214f2db500,200,0
bwapp,xss_eval,8ffbf3c87de3787a,200,0
bwapp,xss_eval,f0e977305f06b6e9,200,0
bwapp,xss_eval,f916e49c79a7f82a,200,0
bwapp,xss_eval,759ed7f03f10064d,200,0
bwapp,xss_eval,cac552c352cd0eb5,200,0
bwapp,xss_eval,025fa532dfd44505,200,0
bwapp,xss_eval,37fb5af0ae72dcb2,200,0
bwapp,xss_eval,c606ffb673d39ca7,200,0
bwapp,xss_eval,cb5ba6bba20985d2,200,0
bwapp,xss_eval,d30b2bb19569dd26,200,0
bwapp,xss_eval,a859cec7d2d8e85d,200,0
bwapp,xss_eval,5898f87adc9838d5,200,0
bwapp,xss_eval,02c867b1dba6aac4,200,0
bwapp,xss_eval,5c754a3b03cc3d49,200,0
bwapp,xss_eval,ce9d150afd39f92e,200,0
bwapp,xss_eval,307500d47c0295fa,200,0
bwapp,xss_eval,2381ce0f4f1ae59a,200,0
bwapp,xss_eval,5d91b860342a286a,200,0
bwapp,xss_eval,3edb13ce8ff97895,200,0
bwapp,xss_eval,8a8b1a3771531dcc,200,0
bwapp,xss_eval,d0dfa4eb8e2a7003,200,0
bwapp,xss_eval,b80c7f661bd0cdc0,200,0
bwapp,xss_eval,bed703fb96cf0cb0,200,0
bwapp,xss_eval,c9b8b34ee5a051ab,200,0
bwapp,xss_eval,91fb8fed0bf5ccbf,200,0
bwapp,xss_eval,ad2585a02986b22b,200,0
bwapp,xss_eval,40c3b1f45d95ecf4,200,0
bwapp,xss_eval,80d2b99effaea721,200,0
bwapp,xss_eval,a7e5cf4eb05a496b,200,0
bwapp,xss_eval,595ac7df3dbba558,200,0
bwapp,xss_eval,5567eed337a0051c,200,0
bwapp,xss_eval,75bd1722bccf0713,200,0
bwapp,xss_eval,39e4cfdf5f04c503,200,0
bwapp,xss_eval,0c9d20a11113950c,200,0
bwapp,xss_eval,5cbe0be6f404e337,200,0
bwapp,xss_eval,8dd596e918c200d7,200,0
bwapp,xss_eval,277461eaadc50b27,200,0
bwapp,xss_eval,751acc6a090a6333,200,0
bwapp,xss_eval,88c1ca438f5e17a4,200,0
bwapp,xss_eval,c60679e7a5432962,200,0
bwapp,xss_eval,1bc33e5e014b31aa,200,0
bwapp,xss_eval,612f999da6bce9a1,200,0
bwapp,xss_eval,fe9000d2ea881dc3,200,0
bwapp,xss_eval,4f54dd78c6bb3b45,200,0
bwapp,xss_eval,532fd856d26c0b8a,200,0
bwapp,xss_eval,098f3d9b7958b631,200,0
bwapp,xss_eval,5b7218801c03faba,200,0
bwapp,xss_eval,486ef1326d1e321a,200,0
bwapp,xss_eval,64d9383fbaa68b0b,200,0
bwapp,xss_eval,8b246ae3bbb2abea,200,0
bwapp,xss_eval,08ecd133bae7293f,200,0
bwapp,xss_eval,44807ac317b87e94,200,0
bwapp,xss_eval,f368feb53ecd7591,200,0
bwapp,xss_eval,329654c955b6eaaf,200,0
bwapp,xss_eval,1e95275a42fb48cc,200,0
bwapp,xss_eval,9552e6702e8ed26f,200,0
bwapp,xss_eval,d15797593837a9cf,200,0
bwapp,xss_eval,336c738aab2be4d6,200,0
bwapp,xss_eval,0b73b1205b0ea85e,200,0
bwapp,xss_eval,69da62542ce9e75c,200,0
bwapp,xss_eval,b6c109ab52eda682,200,0
bwapp,xss_eval,614ac5aad1535805,200,0
bwapp,xss_eval,408c5747a0fa8a68,200,0
bwapp,xss_eval,e8470d47e355fd7e,403,1
bwapp,xss_eval,a79e5ff1dc283861,403,1
bwapp,xss_eval,d9bbfc26630249ac,403,1
bwapp,xss_eval,191afbd13c079303,403,1
bwapp,xss_eval,8451fad59708085c,403,1
bwapp,xss_eval,20d9815cfb2b6b2c,403,1
bwapp,xss_eval,4da97d54acdac8d7,403,1
bwapp,xss_eval,8614b88d0f2fa4b9,403,1
bwapp,xss_eval,824a89e18db0d4db,403,1
bwapp,xss_eval,0685a8fbfd5ab038,403,1
bwapp,xss_eval,c42a2a3cf07a94e6,403,1
bwapp,xss_eval,064547c408c78437,403,1
bwapp,xss_eval,d3819e764ebd8539,403,1
bwapp,xss_eval,2765f5503cc19de7,403,1
bwapp,xss_eval,1400e7aecfb3ff2c,403,1
bwapp,xss_eval,8c29f22dd5371746,403,1
bwapp,xss_eval,a7ff5fa591cd66b8,403,1
bwapp,xss_eval,947531a7b182248b,403,1
bwapp,xss_eval,88607878d4bc0457,403,1
bwapp,xss_eval,7f6328705c16539b,403,1
bwapp,xss_eval,9f9698abf63807cf,403,1
bwapp,xss_eval,48921a46b00c82d7,403,1
bwapp,xss_eval,67a7ec1cae5c2f9d,403,1
bwapp,xss_eval,23582b66f6606c65,403,1
bwapp,xss_eval,9de19976c1803f54,403,1
bwapp,xss_eval,6e1d7dc36965e072,403,1
bwapp,xss_eval,a75414e36cabb2ea,403,1
bwapp,xss_eval,8a08469ef36fd53f,403,1
bwapp,xss_eval,f96cf87d3aecf235,403,1
bwapp,xss_eval,d89cf3e22b36c6fc,403,1
bwapp,xss_eval,21b1706dc73664da,403,1
bwapp,xss_eval,d3b0d5d3224c759e,403,1
bwapp,xss_eval,800cd40f01f544de,403,1
bwapp,xss_eval,dba1fa49275482d8,403,1
bwapp,xss_eval,5b407d38dbc1969e,403,1
bwapp,xss_eval,6455318b43f1f1ec,403,1
bwapp,xss_eval,6310cfa5c9dc611d,403,1
bwapp,xss_eval,121b343f0f2bdd27,403,1
bwapp,xss_eval,8eaf596fd3149b2c,403,1
bwapp,xss_eval,16592c8c0b35762d,403,1
bwapp,xss_eval,671d63975038b43c,403,1
bwapp,xss_eval,9ecdc778f8f31f77,403,1
bwapp,xss_eval,8683baa387addbab,403,1
bwapp,xss_eval,3d3ee0dec75ea573,403,1
bwapp,xss_eval,538c381da8305933,403,1
bwapp,xss_eval,0426cfbf85771f12,403,1
bwapp,xss_eval,eb8b7f5fc5423bac,403,1
bwapp,xss_eval,31a4bf94a33e06ae,403,1
bwapp,xss_eval,109f29286e8c429f,403,1
bwapp,xss_eval,5c5fcb837ec741b6,403,1
bwapp,xss_eval,15ff4ec6b6a250e3,403,1
bwapp,xss_eval,90e3d2d6d075967c,403,1
bwapp,xss_eval,526856ab082a748d,403,1
bwapp,xss_eval,eccc2eb0097eb70a,403,1
bwapp,xss_eval,f7d76a8e3fc454d0,403,1
bwapp,xss_eval,b57e981f64e0e27c,403,1
bwapp,xss_eval,04b969a57f415125,403,1
bwapp,xss_eval,6adb820ce97d1509,403,1
bwapp,xss_eval,9bc9a09db5e685dc,403,1
bwapp,xss_eval,dbd66088b09b743e,403,1
bwapp,xss_eval,96ef32ea17b57654,403,1
bwapp,xss_eval,192755648ab1d7f7,403,1
bwapp,xss_eval,a6773a062cd96937,403,1
bwapp,xss_eval,cfc8641205688ee6,403,1
bwapp,xss_eval,40bc357a56c6f5bc,403,1
bwapp,xss_eval,7538e5f6e976d32f,403,1
bwapp,xss_eval,4458cbd40e04e8a1,403,1
bwapp,xss_eval,8b76ba9d721bf6f5,403,1
bwapp,xss_eval,d44f9063bc38d99d,403,1
bwapp,xss_eval,1d8fd3c3d9fcb49e,403,1
bwapp,xss_eval,8b73988503c29182,403,1
bwapp,xss_eval,3bf55fb4d4841b73,403,1
bwapp,xss_eval,37e15f9579c6cfb6,403,1
bwapp,xss_eval,5c1bc5dd3897dfac,403,1
bwapp,xss_eval,cc56869751254667,403,1
bwapp,xss_eval,97b88b1b3c5771f6,403,1
bwapp,xss_eval,86cd9a24049367c5,403,1
bwapp,xss_eval,4cb50b089147023f,403,1
bwapp,xss_eval,6501cc2ac725c4dc,403,1
bwapp,xss_eval,d7e3343deef9758c,403,1
bwapp,xss_eval,4fde904a7d102c61,403,1
bwapp,xss_eval,912ff5153b29d86b,403,1
bwapp,xss_eval,44fd736e68009499,403,1
bwapp,xss_eval,25ecc727fdc716bd,403,1
bwapp,xss_eval,12f35847b9e6eb5b,403,1
bwapp,xss_eval,ca1de9617a381534,403,1
bwapp,xss_eval,9606b4208485684c,403,1
bwapp,xss_eval,7c7e2db752a153ee,403,1
bwapp,xss_eval,83368d0502eb176b,403,1
bwapp,xss_eval,f7da8ae2dde37ad7,403,1
bwapp,xss_eval,2b24d386298a0b5f,403,1
bwapp,xss_eval,a396aff047ed6ec3,403,1
bwapp,xss_eval,f5d434bbd0515ec7,403,1
bwapp,xss_eval,afd23cb7d709c82c,403,1
bwapp,xss_eval,50e97d882f84a889,403,1
bwapp,xss_eval,2da10fb16f4063e2,403,1
bwapp,xss_eval,1f06ea0c3a9792fd,403,1
bwapp,xss_eval,56ef899cc4ea3794,403,1
bwapp,xss_eval,677157863f14c97d,403,1
bwapp,xss_eval,4b153ef1f95b718a,403,1
bwapp,xss_eval,9aed4e8559b9cf29,403,1
bwapp,xss_eval,b6fec786f554f766,403,1
bwapp,xss_eval,f63edc60503203e0,403,1
bwapp,xss_eval,5258f62c45d38a8a,403,1
bwapp,xss_eval,97a100ec086f590e,403,1
bwapp,xss_eval,b9d5c12decc7d076,403,1
bwapp,xss_eval,4680611da846ce84,403,1
bwapp,xss_eval,262d379b12074e8f,403,1
bwapp,xss_eval,f6e001bd3754353e,403,1
bwapp,xss_eval,0e5e8e3b61f27682,403,1
bwapp,xss_eval,963c1099d2fd6df4,403,1
bwapp,xss_eval,3421dc7708f1c2c7,403,1
bwapp,xss_eval,111e980647d35595,403,1
bwapp,xss_eval,3c9b1c114569b39a,403,1
bwapp,xss_eval,414cc4070de03941,403,1
bwapp,xss_eval,7680f77fc5f2d24d,403,1
bwapp,xss_eval,6077187faa4df998,403,1
bwapp,xss_eval,23ed66c9bc8b3094,403,1
bwapp,xss_eval,1d1c63543ac8056e,403,1
bwapp,xss_eval,53d06ea5f99224a2,403,1
bwapp,xss_eval,179c42a97f5017ee,403,1
bwapp,xss_eval,319681f368af7420,403,1
bwapp,xss_eval,1ae9a2fe5296b1f6,403,1
bwapp,xss_eval,6753067d987cd145,403,1
bwapp,xss_eval,f7501a4837675149,403,1
bwapp,xss_eval,d9a22a3e0876d593,403,1
bwapp,xss_eval,deb18d29fdbcefa7,403,1
bwapp,xss_eval,ebd1ac1cf7d0533d,403,1
bwapp,xss_eval,d9b36b51bfc31bf3,403,1
bwapp,xss_eval,27ae8b43f5dd3c88,403,1
bwapp,xss_eval,ac2236b2bf653de9,403,1
bwapp,xss_eval,edbb67e31e9d8b57,403,1
bwapp,xss_eval,9cb1752ccdebffbb,403,1
bwapp,xss_eval,71340a8c56d2ee44,403,1
bwapp,xss_eval,eaab3c6553d2c4f1,403,1
bwapp,xss_eval,79927c395f62d5f5,403,1
bwapp,xss_eval,5ede09e1ce8b355d,403,1
bwapp,xss_eval,1a8fca1a2457895c,403,1
bwapp,xss_eval,63244128045929e7,403,1
bwapp,xss_eval,d1ea93733a8ac6e7,403,1
bwapp,xss_eval,69e84d5251643121,403,1
bwapp,xss_eval,34e9c48747e0e83e,403,1
bwapp,xss_eval,339019767b4f0530,403,1
bwapp,xss_eval,263d7ca2160da471,403,1
bwapp,xss_eval,dba44cee1417033b,403,1
bwapp,xss_eval,7755608fdaf77250,403,1
bwapp,xss_eval,a393a0321f7518e6,403,1
bwapp,xss_eval,ed55cfd2a97bd4ca,403,1
bwapp,xss_eval,5d446ad3f38c6b05,403,1
bwapp,xss_eval,734c05b6848a9ae5,403,1
bwapp,xss_eval,89d68282488004ab,403,1
bwapp,xss_eval,c4b149ad3bcd7e1e,403,1
bwapp,xss_eval,a9dec20097976da6,403,1
bwapp,xss_eval,0d9abc11a7328c60,403,1
bwapp,xss_eval,bbe5641b1ff70f4d,403,1
bwapp,xss_eval,9c1f854a04fd88c1,403,1
bwapp,xss_eval,77c18e471130012b,403,1
bwapp,xss_eval,2531eeb5ededef73,403,1
bwapp,xss_eval,832a2ef34effb696,403,1
bwapp,xss_eval,12d393ec932f5f11,403,1
bwapp,xss_eval,75dc4ae3af4e3bdb,403,1
bwapp,xss_eval,04ae6fb7205c16dc,403,1
bwapp,xss_eval,a9912bc3c3e4d12e,403,1
bwapp,xss_eval,944a653df7a5008c,403,1
bwapp,xss_eval,3c1847922df7729e,403,1
bwapp,xss_eval,e50554dd14e914bf,403,1
bwapp,xss_eval,33db1c0aea1b4be8,403,1
bwapp,xss_eval,38da1744cbb4bc91,403,1
bwapp,xss_eval,093125f6ce5e735b,403,1
bwapp,xss_eval,42d171ff886173c9,403,1
bwapp,xss_eval,4b61c1aadc17b87f,403,1
bwapp,xss_eval,2ab3bb030d6778c5,403,1
bwapp,xss_eval,e2c42be62a57bd65,403,1
bwapp,xss_eval,edd57f1ccd9f8ea3,403,1
bwapp,xss_eval,044922b6ac94dc69,403,1
bwapp,xss_eval,9a3c0b19899d8765,403,1
bwapp,xss_eval,793110fe3fc0a924,403,1
bwapp,xss_eval,ab8bdb4cbb88a188,403,1
bwapp,xss_eval,7c4df7471c9b2f3e,403,1
bwapp,xss_eval,2cbe2e22f1ad93cc,403,1
bwapp,xss_eval,21abb937a4958d57,403,1
bwapp,xss_eval,bf2efea1997c9f15,403,1
bwapp,xss_eval,970403088e38630a,403,1
bwapp,xss_eval,20c1c0199f763d2d,403,1
bwapp,xss_eval,996afe7f3f034f5c,403,1
bwapp,xss_eval,2867c62c729dcfe0,403,1
bwapp,xss_eval,4a0caaf57362ef03,403,1
bwapp,xss_eval,6f86763a64ba02b4,403,1
bwapp,xss_eval,4387d9462d062f60,403,1
bwapp,xss_eval,61266903dd1e4afa,403,1
bwapp,xss_eval,38b259fbbbed74ff,403,1
bwapp,xss_eval,324dd83fc3c09863,403,1
bwapp,xss_eval,03a7b2833f1352ff,403,1
bwapp,xss_eval,cad170eaff562fe4,403,1
bwapp,xss_eval,abb78f1e011286d5,403,1
bwapp,xss_eval,9096c9e1f0f81687,403,1
bwapp,xss_eval,4baa5e02b177dafe,403,1
bwapp,xss_eval,8dcb748cf9770161,403,1
bwapp,xss_eval,b9959e9c0dc29b8e,403,1
bwapp,xss_eval,2776dfa4d663a08b,403,1
bwapp,xss_eval,b0ac6374dca8b669,403,1
bwapp,xss_eval,558f417ed7c19ee4,403,1
bwapp,xss_eval,1c5899adfb62f529,403,1
bwapp,xss_eval,8b3d0dfb1650e97c,403,1
bwapp,xss_eval,e192b0d6a6f2ec69,403,1
bwapp,xss_eval,ad968ee751a75ff3,403,1
bwapp,xss_eval,2c0002068787f178,403,1
bwapp,xss_eval,6af93eb1c9875328,403,1
bwapp,xss_eval,70fb3fb69df80a16,403,1
bwapp,xss_eval,495ec0633bb358e4,403,1
bwapp,xss_eval,b7a2b514831bbc69,403,1
bwapp,xss_eval,590e3e7ff9a594fe,403,1
bwapp,xss_eval,d0df1ebec7ee2804,403,1
bwapp,xss_eval,f37e11495d755ed7,403,1
bwapp,xss_eval,394f85050a7610cb,403,1
bwapp,xss_eval,11c55db93914f620,403,1
bwapp,xss_eval,bf5142f2530a3bde,403,1
bwapp,xss_eval,6738d08e4541e9e6,403,1
bwapp,xss_eval,916f0a36973e9668,403,1
bwapp,xss_eval,3e5036f31eddd18d,403,1
bwapp,xss_eval,3e499e08ab9ab31f,403,1
bwapp,xss_eval,c2288e8cea98d5cd,403,1
bwapp,xss_eval,6246c7a4fcd516cb,403,1
bwapp,xss_eval,d80d54e96f2037b3,403,1
bwapp,xss_eval,47dcb211655e3bfb,403,1
bwapp,xss_eval,8d4085de55b1b649,403,1
bwapp,xss_eval,121063dedd5744fd,403,1
bwapp,xss_eval,9933bcfe63d9d6e4,403,1
bwapp,xss_eval,26e3128bb05fd53a,403,1
bwapp,xss_eval,0a89120a0207236d,403,1
bwapp,xss_eval,fb5de2e55dd06d63,403,1
bwapp,xss_eval,d61b47e6234a6fbb,403,1
bwapp,xss_eval,6a5c48868da83121,403,1
bwapp,xss_eval,fec40912a2ff5568,403,1
bwapp,xss_eval,08fedd0a9afc21b1,403,1
bwapp,xss_eval,90c18bd967b9bbf2,403,1
bwapp,xss_eval,45d48d1929c50c20,403,1
bwapp,xss_eval,60716bfd0a7b9242,403,1
bwapp,xss_eval,e48b6931a39403cd,403,1
bwapp,xss_eval,a121a36781691bf7,403,1
bwapp,xss_eval,c564b1612d2e4d05,403,1
bwapp,xss_eval,9bdf30c7c367cb42,403,1
bwapp,xss_eval,4437cf6a41c32614,403,1
bwapp,xss_eval,d464d94f2a36d416,403,1
bwapp,xss_eval,725d599e4b5213ef,403,1
bwapp,xss_eval,38853f90f852d39b,403,1
bwapp,xss_eval,54f68703c1934e21,403,1
bwapp,xss_eval,80fee76a05216c8f,403,1
bwapp,xss_eval,c63be07378894466,403,1
bwapp,xss_eval,8c513b0f8bcaf1ee,403,1
bwapp,xss_eval,754288a37fb47897,403,1
bwapp,xss_eval,69296b4f51f5dbc0,403,1
bwapp,xss_eval,497235523e560092,403,1
bwapp,xss_eval,a30a023f06477635,403,1
bwapp,xss_eval,257253520c125290,403,1
bwapp,xss_eval,1d2b0ba071971dd8,403,1
bwapp,xss_eval,eff74ffbd07e8c14,403,1
bwapp,xss_eval,e771bb0dca554be0,403,1
bwapp,xss_eval,ab8d3d1242396ce2,403,1
bwapp,xss_eval,5b92a6b6cc4b0ec6,403,1
bwapp,xss_eval,d6b5aa7e92e265ea,403,1
bwapp,xss_eval,8f3b96de39ab5eff,403,1
bwapp,xss_eval,0201bad6e70b3962,403,1
bwapp,xss_eval,17e3e382aed5d348,403,1
bwapp,xss_eval,7657482dcef879fa,403,1
bwapp,xss_eval,44dd436bab6fad8e,403,1
bwapp,xss_eval,2c52c1c6473467aa,403,1
bwapp,xss_eval,cc23f7932b87353b,403,1
bwapp,xss_eval,71d3b1db9e861324,403,1
bwapp,xss_eval,3410fd633364e0bd,403,1
bwapp,xss_eval,2eaa07902ba732d8,403,1
bwapp,xss_eval,c18c898002684c48,403,1
bwapp,xss_eval,38c6eaa0b92960ba,403,1
bwapp,xss_eval,68b66fb558af6d21,403,1
bwapp,xss_eval,8b9e569ab905198d,403,1
bwapp,xss_eval,0d638f57b5a720d4,403,1
bwapp,xss_eval,4228fc048b9fa4e2,403,1
bwapp,xss_eval,0036a1b073b908b7,403,1
bwapp,xss_eval,6c9ce3368465a509,403,1
bwapp,xss_eval,91e8b960bf95a137,403,1
bwapp,xss_eval,1f0581597e88fd99,403,1
bwapp,xss_eval,c2d0306fe4fdc863,403,1
bwapp,xss_eval,a988d6f7d528e34e,403,1
bwapp,xss_eval,35e6320c7b27bf86,403,1
bwapp,xss_eval,6f23c99696da63df,403,1
bwapp,xss_eval,52ea2872bb78f29d,403,1
bwapp,xss_eval,4143fe72d792bd70,403,1
bwapp,xss_eval,cf36818da682fd6e,403,1
bwapp,xss_eval,87209daf02fcb6b2,403,1
bwapp,xss_eval,8ee8d4a820cf1719,403,1
bwapp,xss_eval,273842ed19c06e0e,403,1
bwapp,xss_eval,2c9aaf21f2777ed6,403,1
bwapp,xss_eval,089ebd958a19badf,403,1
bwapp,xss_eval,ae297c5734367ed3,403,1
bwapp,xss_eval,90528cd84289e5e2,403,1
bwapp,xss_eval,8d634c1ea6a9ff99,403,1
bwapp,xss_eval,4b6787d52247fb94,403,1
bwapp,xss_eval,c405ccbee729f1a9,403,1
bwapp,xss_eval,e639339c04c4cba0,403,1
bwapp,xss_eval,204324a507916401,403,1
bwapp,xss_eval,e8546441e8254b10,403,1
bwapp,xss_eval,cabf9f2fc3cf9764,403,1
bwapp,xss_eval,fdbd8ffb5444fcce,403,1
bwapp,xss_eval,8964c416f5405120,403,1
bwapp,xss_eval,9d8b82563593dd49,403,1
bwapp,xss_eval,f822cba6f4305b36,403,1
bwapp,xss_eval,33ad86f42cdaea72,403,1
bwapp,xss_eval,9e64506d4356e56c,403,1
bwapp,xss_eval,823b9d51a38d8f77,403,1
bwapp,xss_eval,5dfc0dd3bd6d4e97,403,1
bwapp,xss_eval,fdf7009483f575c9,403,1
bwapp,xss_eval,fb536d3f29907a11,403,1
bwapp,xss_eval,98032cd971911dbc,403,1
bwapp,xss_eval,495da830dd5edc11,403,1
bwapp,xss_eval,e03cee0332a332a9,403,1
bwapp,xss_eval,de1935360107f36d,403,1
bwapp,xss_eval,98d25f4a665a1ead,403,1
bwapp,xss_eval,5471ec38f57b6688,403,1
bwapp,xss_eval,d9b565eaffe6736f,403,1
bwapp,xss_eval,821400c4cad7b865,403,1
bwapp,xss_eval,e5ed6dc8c8bfedcb,403,1
bwapp,xss_eval,13034dd609e79ab6,403,1
bwapp,xss_eval,0c6fdc340cebec4a,403,1
bwapp,xss_eval,75510c98c0847ce4,403,1
bwapp,xss_eval,d7c1a19b053fdade,403,1
bwapp,xss_eval,0d0d51aed5a36d6c,403,1
bwapp,xss_eval,5cc30abfeee6e935,403,1
bwapp,xss_eval,ce24ac19e8135f0e,403,1
bwapp,xss_eval,e8f27be0994e456a,403,1
bwapp,xss_eval,d0e43af4bc0c694a,403,1
bwapp,xss_eval,a408e5dccc17af97,403,1
bwapp,xss_eval,5500ee6fc33df815,403,1
bwapp,xss_eval,614fcef421ae5732,403,1
bwapp,xss_eval,0023cd583b3d4dc2,403,1
bwapp,xss_eval,e458e8061c1f5ec3,403,1
bwapp,xss_eval,7773bd48785e05d1,403,1
bwapp,xss_eval,687ebaab1e87e271,403,1
bwapp,xss_eval,7908d6fc69d39cf2,403,1
bwapp,xss_eval,b1a8caa0bc093dfe,403,1
bwapp,xss_eval,5101931a6940a3a1,403,1
bwapp,xss_eval,2483c6ace70edb10,403,1
bwapp,xss_eval,17bce0905f5a4fe9,403,1
bwapp,xss_eval,159b64ca04943afa,403,1
bwapp,xss_eval,1f71dd75535340d1,403,1
bwapp,xss_eval,9d78bfec1d5b8edb,403,1
bwapp,xss_eval,ef6308751a35b713,403,1
bwapp,xss_eval,248495fd16584a77,403,1
bwapp,xss_eval,c734ab5fed47ebeb,403,1
bwapp,xss_eval,d58688971b46bb33,403,1
bwapp,xss_eval,d700ca1e2179a8c9,403,1
bwapp,xss_eval,e544711a816b3720,403,1
bwapp,xss_eval,ab07fcae4ddd7885,403,1
bwapp,xss_eval,853bca502cc157dc,403,1
bwapp,xss_eval,034faabcf0f01905,403,1
bwapp,xss_eval,19242b835829c72e,403,1
bwapp,xss_eval,864f2a85a81dadae,403,1
bwapp,xss_eval,c0159228cda31b3a,403,1
bwapp,xss_eval,92ed784cb8530a86,403,1
bwapp,xss_eval,0733324d91c3e51b,403,1
bwapp,xss_eval,acf1e65f3701e5c8,403,1
bwapp,xss_eval,d3ddaee8094c4354,403,1
bwapp,xss_eval,53450928d7c56c92,403,1
bwapp,xss_eval,4bc9ff477e4f57d8,403,1
bwapp,xss_eval,100fc39f19398f7e,403,1
bwapp,xss_eval,5b3de8da693e9a6d,403,1
bwapp,xss_eval,72d763e8b6365992,403,1
bwapp,xss_eval,b0205fe9de2fd509,403,1
bwapp,xss_eval,d4484d6a21afe443,403,1
bwapp,xss_eval,259c8216be5cacc2,403,1
bwapp,xss_eval,8307d1966851be1f,403,1
bwapp,xss_eval,f7db2857c3ff2e18,403,1
bwapp,xss_eval,7682c7987db5a3e6,403,1
bwapp,xss_eval,63f3575b74aaa49d,403,1
bwapp,xss_eval,65be6167c42c05a0,403,1
bwapp,xss_eval,db57df7ba281486a,403,1
bwapp,xss_eval,265ddfda7ff97f90,403,1
bwapp,xss_eval,cfe5ca70c802edef,403,1
bwapp,xss_eval,168231e559ef64e4,403,1
bwapp,xss_eval,387e509f171c4acf,403,1
bwapp,xss_eval,bb389de78de11553,403,1
bwapp,xss_eval,eae165c49d63fbb2,403,1
bwapp,xss_eval,6a9549521b7b5606,403,1
bwapp,xss_eval,c156cf45d4ed2b50,403,1
bwapp,xss_eval,d5b070f6cf5d070b,403,1
bwapp,xss_eval,8c14bca505cc3ec2,403,1
bwapp,xss_eval,4a0ce33e71650e40,403,1
bwapp,xss_eval,3ba0b9ee0eb01344,403,1
bwapp,xss_eval,00cdb6050585c5f9,403,1
bwapp,xss_eval,8ff1841798884f2a,403,1
bwapp,xss_eval,f75d3f6f9eb63a2c,403,1
bwapp,xss_eval,acc054ebe258a4a5,403,1
bwapp,xss_eval,aeb563b1e082c537,403,1
bwapp,xss_eval,4902579cff994750,403,1
bwapp,xss_eval,87df6cb0511cbe26,403,1
bwapp,xss_eval,b35a807e17f705a4,403,1
bwapp,xss_eval,668f6ac9ca98e7df,403,1
bwapp,xss_eval,2c2e00b90bd147ec,403,1
bwapp,xss_eval,8cb787f5d85ee597,403,1
bwapp,xss_eval,428d4ab110729551,403,1
bwapp,xss_eval,9771ff9000aa6475,403,1
bwapp,xss_eval,199a8412327fbe74,403,1
bwapp,xss_eval,705d2f643f4896a9,403,1
bwapp,xss_eval,3086fada958ca7eb,403,1
bwapp,xss_eval,14509e81daeaab3e,403,1
bwapp,xss_eval,92f59adde0f24dd8,403,1
bwapp,xss_eval,369be0caa4e71981,403,1
bwapp,xss_eval,521800a2b0664162,403,1
bwapp,xss_eval,5e13829b64bb49c1,403,1
bwapp,xss_eval,108043d8c1cf55b0,403,1
bwapp,xss_eval,89275cde1d1b45a1,403,1
bwapp,xss_eval,fa6ce4e929f0a104,403,1
bwapp,xss_eval,80158198b67058a1,403,1
bwapp,xss_eval,ed23e5cfc5451ba8,403,1
bwapp,xss_eval,6def9e35cb50f62f,403,1
bwapp,xss_eval,5ecaa5918f16b5c1,403,1
bwapp,xss_eval,3b00627ba024748d,403,1
bwapp,xss_eval,0525d10b2bc1a2bb,403,1
bwapp,xss_eval,d890e4b1b371e090,403,1
bwapp,xss_eval,4ebf2aa68a3b923b,403,1
bwapp,xss_eval,8fd67b660b3cd802,403,1
bwapp,xss_eval,8b27ad0957f519dc,403,1
bwapp,xss_eval,5bfa042814cc5d0a,403,1
bwapp,xss_eval,f5ed6f47cbd94e66,403,1
bwapp,xss_eval,692c3f97fc2e11bb,403,1
bwapp,xss_eval,b208fe51f38c9566,403,1
bwapp,xss_eval,8bb35417d905846c,403,1
bwapp,xss_eval,2f26680f0418d579,403,1
bwapp,xss_eval,ffcfec0b6f8271bf,403,1
bwapp,xss_eval,54c026af4cdcd804,403,1
bwapp,xss_eval,0a2e2633c646ab47,403,1
bwapp,xss_eval,e89228ef17dc05f9,403,1
bwapp,xss_eval,5334807f2dfe89f1,403,1
bwapp,xss_eval,fe3a5d3adf0dbcb9,403,1
bwapp,xss_eval,1379caac3c1403f8,403,1
bwapp,xss_eval,dba9b87b9b851dfc,403,1
bwapp,xss_eval,b0b1b15a2ea98733,403,1
bwapp,xss_eval,0408ba7d76720436,403,1
bwapp,xss_eval,4c282c84ec74ba8a,403,1
bwapp,xss_eval,35dcd1259ae1cd09,403,1
bwapp,xss_eval,03692153ec4d168c,403,1
bwapp,xss_eval,2b6fa702378e719b,403,1
bwapp,xss_eval,4de4b78245dad3f0,403,1
bwapp,xss_eval,71bc9353bed9a830,403,1
bwapp,xss_eval,81429b5aa380c5bf,403,1
bwapp,xss_eval,4148c81f297f44c6,403,1
bwapp,xss_eval,a87f16f2c2e9220e,403,1
bwapp,xss_eval,4db3379e16794a1b,403,1
bwapp,xss_eval,fcdb5d65c1cb9768,403,1
bwapp,xss_eval,24580d5cfc76a997,403,1
bwapp,xss_eval,684c19d280249105,403,1
bwapp,xss_eval,6d09670e858ddcd3,403,1
bwapp,xss_eval,d15a181eb5ada1f5,403,1
bwapp,xss_eval,07708a28af374477,403,1
bwapp,xss_eval,e78ed263e6a5ab5f,403,1
bwapp,xss_eval,b27d5a3faf8f07f4,403,1
bwapp,xss_eval,1cf5309d4aa6f4db,403,1
bwapp,xss_eval,a4644c47f98ae73e,403,1
bwapp,xss_eval,e5589bb47d378403,403,1
bwapp,xss_eval,c350d078740a0ecd,403,1
bwapp,xss_eval,311f30d548205009,403,1
bwapp,xss_eval,75c34f8a01cc6b9e,403,1
bwapp,xss_eval,821d076cbc14882c,403,1
bwapp,xss_eval,27745b810ea29e47,403,1
bwapp,xss_eval,4468828ac30d32a5,403,1
bwapp,xss_eval,7a1be8628e7d0b09,403,1
bwapp,xss_eval,4ec888df8faea4b0,403,1
bwapp,xss_eval,fd0b92981a0c6be5,403,1
bwapp,xss_eval,65177396a30e025e,403,1
bwapp,xss_eval,f2b36c93adbef382,403,1
bwapp,xss_eval,01b4fa32ed1da5d7,403,1
bwapp,xss_eval,717e22569b9ba156,403,1
bwapp,xss_eval,9c61a953c410290b,403,1
bwapp,xss_eval,e0303a5caf676ced,403,1
bwapp,xss_eval,693407db6787037a,403,1
bwapp,xss_eval,eb66a7c75331702e,403,1
bwapp,xss_eval,2d36e0e085809190,403,1
bwapp,xss_eval,bdcb87663a900b5c,403,1
bwapp,xss_eval,7dcd98603b7a2bf7,403,1
bwapp,xss_eval,7f47ac4fd155f0b4,403,1
bwapp,xss_eval,5a27c327f741ca2c,403,1
bwapp,xss_eval,ae37df8242ff62ce,403,1
bwapp,xss_eval,698792b46d0f8c35,403,1
bwapp,xss_eval,f4e7e85e3dfc4fa5,403,1
bwapp,xss_eval,6101d232feeae6c2,403,1
bwapp,xss_eval,1cfba0d30b1ae09b,403,1
bwapp,xss_eval,0c69d71452ecc5a6,403,1
bwapp,xss_eval,ebc97d9e61ecc213,403,1
bwapp,xss_eval,23e6bc822930fe82,403,1
bwapp,xss_eval,0d744240c49013ab,403,1
bwapp,xss_eval,e0eb343ce098553b,403,1
bwapp,xss_eval,0c39e8ed10e89118,403,1
bwapp,xss_eval,92e44160603b9d44,403,1
bwapp,xss_eval,af3fa7a6270c878c,403,1
bwapp,xss_eval,c32a4f13d8a4ab51,403,1
bwapp,xss_eval,3a7278db98f26b0d,403,1
bwapp,xss_eval,e85490899b61b3a0,403,1
bwapp,xss_eval,2b217821cd1f51be,403,1
bwapp,xss_eval,dc9fbc1aabb7c238,403,1
bwapp,xss_eval,bc331e6528f6e0b5,403,1
bwapp,xss_eval,5502729f06bcd2d3,403,1
bwapp,xss_eval,b7f25dfe5348aa38,403,1
bwapp,xss_eval,7b05498e1f687fdc,403,1
bwapp,xss_eval,4e10801dd7ec985f,403,1
bwapp,xss_eval,491b01f14d16592a,403,1
bwapp,xss_eval,e5855eb8c550be13,403,1
bwapp,xss_eval,851c6c711c7782a2,403,1
bwapp,xss_eval,0614922ad5a9d1ff,403,1
bwapp,xss_eval,54e37cbe1f37d9f5,403,1
bwapp,xss_eval,3e77e9394bdf8377,403,1
bwapp,xss_eval,b8754388095b58bf,403,1
bwapp,xss_eval,165b23cc5e53c85a,403,1
bwapp,xss_eval,41d01e6b47c431d0,403,1
bwapp,xss_eval,d87369dfebf30ace,403,1
bwapp,xss_eval,8bced9f773b5f310,403,1
bwapp,xss_eval,3fccf9dc01125a88,403,1
bwapp,xss_eval,058c1709b63545c5,403,1
bwapp,xss_eval,6ea6c04429957774,403,1
bwapp,xss_eval,f5bcb1bf7f751a8b,403,1
bwapp,xss_eval,a36c0f8408be0791,403,1
bwapp,xss_eval,104127fd45abd24f,403,1
bwapp,xss_eval,719292fb0e655594,403,1
bwapp,xss_eval,a8ce84772ba6999d,403,1
bwapp,xss_eval,55dc0ebd7a40d4fd,403,1
bwapp,xss_eval,3e53b934983b3b07,403,1
bwapp,xss_eval,c1601049bae5ecee,403,1
bwapp,xss_eval,32b393aa2923b68c,403,1
bwapp,xss_eval,0430b342ea422f9a,403,1
bwapp,xss_eval,5dc146938149fc67,403,1
bwapp,xss_eval,3771e922cd8a653b,403,1
bwapp,xss_eval,b9e971264a2bcf77,403,1
bwapp,xss_eval,bd0d9d1d8b3bde03,403,1
bwapp,xss_eval,b0f11ca0b32d7b88,403,1
bwapp,xss_eval,6d87731b9ae82ae8,403,1
bwapp,xss_eval,097c71bd2998770d,403,1
bwapp,xss_eval,5a2fa6ec98b24035,403,1
bwapp,xss_eval,c42b3121f2ef72f0,403,1
bwapp,xss_eval,d51c84635eb18b28,403,1
bwapp,xss_eval,9aee01632b0bb4d4,403,1
bwapp,xss_eval,bd17fc4bb4c8de81,403,1
bwapp,xss_eval,7737b2ba23d04f59,403,1
bwapp,xss_eval,a212a34c7f6946ec,403,1
bwapp,xss_eval,2a30f1f477df638d,403,1
bwapp,xss_eval,849cf2c4b21e488c,403,1
bwapp,xss_eval,12a0d0f02a73f4c6,403,1
bwapp,xss_eval,cbc81d1bc009f9b6,403,1
bwapp,xss_eval,2729854bd03e2722,403,1
bwapp,xss_eval,e3c70c7e29c0f7e5,403,1
bwapp,xss_eval,5a1e87f0bb0ae462,403,1
bwapp,xss_eval,75c01792f08a00ad,403,1
bwapp,xss_eval,cbc31e5dbdea7c44,403,1
bwapp,xss_eval,d8808bb1d036dcd0,403,1
bwapp,xss_eval,6ef6e56d02b2fa8f,403,1
bwapp,xss_eval,3d5bb1f8d486a1ee,403,1
bwapp,xss_eval,b4c375bdb96702ab,403,1
bwapp,xss_eval,bfdcef552b887a8c,403,1
bwapp,xss_eval,fe0aafc497f2508b,403,1
bwapp,xss_eval,0b979ebb1982cbec,403,1
bwapp,xss_eval,08fc27928533c7ae,403,1
bwapp,xss_eval,e1db41b4d5cecabe,403,1
bwapp,xss_eval,1e05f010d900c016,403,1
bwapp,xss_eval,7ddef462993a4fc1,403,1
bwapp,xss_eval,500075e574d7cc38,403,1
bwapp,xss_eval,722487eb2a82bb95,403,1
bwapp,xss_eval,96d0fb54bdb90893,403,1
bwapp,xss_eval,809e21dbac199d26,403,1
bwapp,xss_eval,31316a0759141e94,403,1
bwapp,xss_eval,12331ada047a76a6,403,1
bwapp,xss_eval,ac8ed1ab04c5f280,403,1
bwapp,xss_eval,52e9400469144f8a,403,1
bwapp,xss_eval,635a78a2b68e559b,403,1
bwapp,xss_eval,c14fc199521b359c,403,1
bwapp,xss_eval,947f2177c784be4d,403,1
bwapp,xss_eval,505e378f3bfa6ef2,403,1
bwapp,xss_eval,968376b1bbca2871,403,1
bwapp,xss_eval,8d5efd1c19e49d87,403,1
bwapp,xss_eval,0e069b37b4511241,403,1
bwapp,xss_eval,28e15e1f1f156ffd,403,1
bwapp,xss_eval,c37eb4c176d4b480,403,1
bwapp,xss_eval,be4ddf3a539898b0,403,1
bwapp,xss_eval,7b8aac647af8d32e,403,1
bwapp,xss_eval,9660b6f518886a04,403,1
bwapp,xss_eval,253e2db5902958a4,403,1
bwapp,xss_eval,078a43f9f592a4ba,403,1
bwapp,xss_eval,a0477f688fb8c6ce,403,1
bwapp,xss_eval,4df7c4c9fcc6729c,403,1
bwapp,xss_eval,dc3a58a578886984,403,1
bwapp,xss_eval,86e95322ccc7d975,403,1
bwapp,xss_eval,75b718844541ae2a,403,1
bwapp,xss_eval,ce426f2e191139c1,403,1
bwapp,xss_eval,bad5953a920e3a5e,403,1
bwapp,xss_eval,4b3b8bb522cf6548,403,1
bwapp,xss_eval,6f0deb1b4289cac5,403,1
bwapp,xss_eval,348394282cd85300,403,1
bwapp,xss_eval,f6f4dd731f2bd18f,403,1
bwapp,xss_eval,7add89824fecb105,403,1
bwapp,xss_eval,b31eb5cbc706bbc2,403,1
bwapp,xss_eval,fdd096b6d2620a9b,403,1
bwapp,xss_eval,f872d0067d5e9ee0,403,1
bwapp,xss_eval,57e9d356f1f19924,403,1
bwapp,xss_eval,c1c68d2c8efacd45,403,1
bwapp,xss_eval,dd8811ae41177bae,403,1
bwapp,xss_eval,1c83cf95446157c7,403,1
bwapp,xss_eval,0f6c746ab99502e2,403,1
bwapp,xss_eval,758169d839778e55,403,1
bwapp,xss_eval,3edacc9e68415bc2,403,1
bwapp,xss_eval,2be027586a9c88e4,403,1
bwapp,xss_eval,772c450199ea7166,403,1
bwapp,xss_eval,c3ed315be814e455,403,1
bwapp,xss_eval,13349fddf179b218,403,1
bwapp,xss_eval,8f8a63c6cf09a2a7,403,1
bwapp,xss_eval,ecee38e7c9a3924d,403,1
bwapp,xss_eval,a8880cded32c8782,403,1
bwapp,xss_eval,8477f6d2944856fe,403,1
bwapp,xss_eval,61556c751fdeb518,403,1
bwapp,xss_eval,440624290fec5bd0,403,1
bwapp,xss_eval,b195a27a2b4eaff0,403,1
bwapp,xss_eval,eeb0c1da05015f35,403,1
bwapp,xss_eval,494ce97ae62127a1,403,1
bwapp,xss_eval,74601b5ec27b4542,403,1
bwapp,xss_eval,06c8dcb7006093b6,403,1
bwapp,xss_eval,c0045758a2161dc5,403,1
bwapp,xss_eval,eccfc7f9ba7c4a20,403,1
bwapp,xss_eval,193576564cac1d8d,403,1
bwapp,xss_eval,f3d7faf962720d6a,403,1
bwapp,xss_eval,fd3f17f9904ce0bd,403,1
bwapp,xss_eval,3f1cb429a74dbeb2,403,1
bwapp,xss_eval,9f1c74d063e8e0bb,403,1
bwapp,xss_eval,d8d7353d5fba83be,403,1
bwapp,xss_eval,71913d11f2c96930,403,1
bwapp,xss_eval,652bf8977c7d3bd6,403,1
bwapp,xss_eval,ff39bc3190d76c5d,403,1
bwapp,xss_eval,99006d40917a3620,403,1
bwapp,xss_eval,38849171974eebec,403,1
bwapp,xss_eval,623f84257b2af017,403,1
bwapp,xss_eval,a0d5a841954f2571,403,1
bwapp,xss_eval,49f19f0e9ce1acc8,403,1
bwapp,xss_eval,d94fe51901125127,403,1
bwapp,xss_eval,18cbd4a4e0332afb,403,1
bwapp,xss_eval,3133446e2a85fc1f,403,1
bwapp,xss_eval,4684b590910c1a63,403,1
bwapp,xss_eval,853dc087744eeb82,403,1
bwapp,xss_eval,395843e82cec7db2,403,1
bwapp,xss_eval,327b331f8be95b17,403,1
bwapp,xss_eval,b34b2325b69d8088,403,1
bwapp,xss_eval,57df884e339b2385,403,1
bwapp,xss_eval,ecf31600d5330cb0,403,1
bwapp,xss_eval,24f3c12ff7be2804,403,1
bwapp,xss_eval,7364846e44465d44,403,1
bwapp,xss_eval,6e120167a9964d84,403,1
bwapp,xss_eval,a24f47c1b4ac7842,403,1
bwapp,xss_eval,b52f116b22c466c6,403,1
bwapp,xss_eval,f02a655a27d372b2,403,1
bwapp,xss_eval,93fad6d736107c2f,403,1
bwapp,xss_eval,510496f59c8fe434,403,1
bwapp,xss_eval,89b28820844377fe,403,1
bwapp,xss_eval,b489f9497fc2b457,403,1
bwapp,xss_eval,6352bf181c065ef4,403,1
bwapp,xss_eval,4e958d334ffb7690,403,1
bwapp,xss_eval,a27d48282cf22013,403,1
bwapp,xss_eval,cc2a74d62d938037,403,1
bwapp,xss_eval,0eb49af638145f7b,403,1
bwapp,xss_eval,b7f87ba341c2227b,403,1
bwapp,xss_eval,8daedd41b82f160e,403,1
bwapp,xss_eval,819c7fb180595565,403,1
bwapp,xss_eval,1150c580bd72dcf8,403,1
bwapp,xss_eval,e411797c3b30abef,403,1
bwapp,xss_eval,caca35aee960414d,403,1
bwapp,xss_eval,7842f80de5c2b005,403,1
bwapp,xss_eval,55fd9b9799cdee3e,403,1
bwapp,xss_eval,eb308baa9fc1c584,403,1
bwapp,xss_eval,73fab53805cf5717,403,1
bwapp,xss_eval,5e63e3ea66971547,403,1
bwapp,xss_eval,dbb211999529763f,403,1
bwapp,xss_eval,dcc2db296635e57c,403,1
bwapp,xss_eval,03d96e273ce4541c,403,1
bwapp,xss_eval,3d9f1a7f5aab1219,403,1
bwapp,xss_eval,27116e07c2daf7ae,403,1
bwapp,xss_eval,a6162b06c1f3d137,403,1
bwapp,xss_eval,5ff3a024ea360533,403,1
bwapp,xss_eval,688a1460d8f043a1,403,1
bwapp,xss_eval,47c37939aada3312,403,1
bwapp,xss_eval,e5916b19bb3f31b8,403,1
bwapp,xss_eval,cf9eb11781ed807a,403,1
bwapp,xss_eval,d6e099a59378d1da,403,1
bwapp,xss_eval,ac162f44dcf8f8a0,403,1
bwapp,xss_eval,4affbbcae757a30a,403,1
bwapp,xss_eval,0ec6c5b87bb8eda1,403,1
bwapp,xss_eval,8dea55a87912f5a7,403,1
bwapp,xss_eval,05425e58f8d6e380,403,1
bwapp,xss_eval,378ef533cb180a1e,403,1
bwapp,xss_eval,73dc42b0895ee270,403,1
bwapp,xss_eval,38b82da001e651c0,403,1
bwapp,xss_eval,b38bd097e3c9b72a,403,1
bwapp,xss_eval,edc2c8c01761208b,403,1
bwapp,xss_eval,7af45cc49305ad99,403,1
bwapp,xss_eval,358f54864bad02ba,403,1
bwapp,xss_eval,600b347ae666f362,403,1
bwapp,xss_eval,7b37075a3451a08c,403,1
bwapp,xss_eval,4de144afe3023a91,403,1
bwapp,xss_eval,01362269497e2524,403,1
bwapp,xss_eval,f78b20353accc736,403,1
bwapp,xss_eval,7f6a7ba1eb621fde,403,1
bwapp,xss_eval,226c52aa13b97ef0,403,1
bwapp,xss_eval,bf88760c63bea326,403,1
bwapp,xss_eval,f5e0a8024e8a8c25,403,1
bwapp,xss_eval,7bb5f8d3ddbfbbfa,403,1
bwapp,xss_eval,c3441253f71e4c38,403,1
bwapp,xss_eval,70b65c980ab50768,403,1
bwapp,xss_eval,6d50e392bfbdfd24,403,1
bwapp,xss_eval,a5a3de758532203e,403,1
bwapp,xss_eval,45a02ba45a32ffdc,403,1
bwapp,xss_eval,77cc94d9c8aa303b,403,1
bwapp,xss_eval,47b6bfb5066ebeff,403,1
bwapp,xss_eval,8c849558aec75ec8,403,1
bwapp,xss_eval,ace542b3b2a699d1,403,1
bwapp,xss_eval,4194c82e89fa5312,403,1
bwapp,xss_eval,ed854d9c2f974ce5,403,1
bwapp,xss_eval,ef044349f07f0cca,403,1
bwapp,xss_eval,698478852d9b988c,403,1
bwapp,xss_eval,7b43edf561a26919,403,1
bwapp,xss_eval,8b0670343e9b2cf4,403,1
bwapp,xss_eval,0ca4b6bc564d821c,403,1
bwapp,xss_eval,3d7643a5a6513438,403,1
bwapp,xss_eval,440d80daf11e2bea,403,1
bwapp,xss_eval,a9b38c50606553e4,403,1
bwapp,xss_eval,0a58230aee7f6943,403,1
bwapp,xss_eval,96317935d2cbf3c7,403,1
bwapp,xss_eval,400e000b5d28c4f6,403,1
bwapp,xss_eval,4ebe5ec76ce28361,403,1
bwapp,xss_eval,2cebb72bf5af6326,403,1
bwapp,xss_eval,7df597cfba90b923,403,1
bwapp,xss_eval,170e21866ebdc29a,403,1
bwapp,xss_eval,244436f1cce4343e,403,1
bwapp,xss_eval,a67ea27d3cf66f34,403,1
bwapp,xss_eval,b993cf4838cf1d4f,403,1
bwapp,xss_eval,42570430a7525dbc,403,1
bwapp,xss_eval,103464abaf1a7b30,403,1
bwapp,xss_eval,b7d2a9b2eac4e0cd,403,1
bwapp,xss_eval,1f359421c9dd50aa,403,1
bwapp,xss_eval,8ff387f151419f16,403,1
bwapp,xss_eval,2500f974858a14b5,403,1
bwapp,xss_eval,1ba1c65678464570,403,1
bwapp,xss_eval,5ad0a04ac5051180,403,1
bwapp,xss_eval,840746a86ea12efa,403,1
bwapp,xss_eval,ee0184d2ec2bc4c3,403,1
bwapp,xss_eval,af68125a516fb251,403,1
bwapp,xss_eval,23213d89fba33bfa,403,1
bwapp,xss_eval,a449ad1fd7a0e791,403,1
bwapp,xss_eval,c5b9847f475bf87f,403,1
bwapp,xss_eval,05383052e0b70f71,403,1
bwapp,xss_eval,094c70f24c9a6961,403,1
bwapp,xss_eval,00c1535569972bea,403,1
bwapp,xss_eval,ce29090b7b6c69f9,403,1
bwapp,xss_eval,9c5af05c4abe7c4c,403,1
bwapp,xss_eval,1b0023d63ad0a9b0,403,1
bwapp,xss_eval,4e84c718d9914b54,403,1
bwapp,xss_eval,5832b732a810b757,403,1
bwapp,xss_eval,4853d0f6be7e6931,403,1
bwapp,xss_eval,a8cdef3db3385398,403,1
bwapp,xss_eval,ecf27acf9767de6d,403,1
bwapp,xss_eval,fd69cf76c022f7f0,403,1
bwapp,xss_eval,2a3e090164be6212,403,1
bwapp,xss_eval,d7a7ce894c31bff6,403,1
bwapp,xss_eval,f98615d7e3094985,403,1
bwapp,xss_eval,db272c053b80c507,403,1
bwapp,xss_eval,0db4e649e77652d0,403,1
bwapp,xss_eval,06298932f69fdf0b,403,1
bwapp,xss_eval,685ca54f344893c5,403,1
bwapp,xss_eval,b6a616c33bd94dba,403,1
bwapp,xss_eval,efa666e59da8ce2d,403,1
bwapp,xss_eval,276aa096eb45e586,403,1
bwapp,xss_eval,8bb0c4c59427a6de,403,1
bwapp,xss_eval,1c9b5bc6a5f9abc9,403,1
bwapp,xss_eval,6ae199626b29a46b,403,1
bwapp,xss_eval,5ee3e550eceacc93,403,1
bwapp,xss_eval,b994df2da81f6eb7,403,1
bwapp,xss_eval,3958075db3bb11f0,403,1
bwapp,xss_eval,e6d6e2b6bb095010,403,1
bwapp,xss_eval,48ffc3145701d05b,403,1
bwapp,xss_eval,b8e29b20eef821b5,403,1
