strategy,page,seed,n_valid_checked,n_rules,log_valid,log_crsbyp,log_blocked,log_resid,log_block%,reA_valid_confirmed,rep_crsbyp,rep_blocked,rep_resid,rep_block%,resid_exploit_confirmed,false_bypass,ver_block%,faithful_funnel
CG,calc,1,93,2,93,39,39,0,100.0,93,39,39,0,100.0,0,0,100.0,1
CG,calc,2,99,3,99,70,70,0,100.0,99,70,70,0,100.0,0,0,100.0,1
CG,calc,3,130,3,130,85,85,0,100.0,130,85,85,0,100.0,0,0,100.0,1
CG,calc,4,96,2,96,62,62,0,100.0,96,62,62,0,100.0,0,0,100.0,1
CG,calc,5,87,2,87,58,58,0,100.0,87,58,58,0,100.0,0,0,100.0,1
CG,calc,6,83,1,83,49,49,0,100.0,83,49,49,0,100.0,0,0,100.0,1
CG,calc,7,117,1,117,73,73,0,100.0,117,73,73,0,100.0,0,0,100.0,1
CG,calc,8,226,4,226,125,125,0,100.0,226,125,125,0,100.0,0,0,100.0,1
CG,calc,9,162,2,162,81,81,0,100.0,162,81,81,0,100.0,0,0,100.0,1
CG,calc,10,119,2,119,54,54,0,100.0,119,54,54,0,100.0,0,0,100.0,1
CG,search,1,162,1,162,90,90,0,100.0,162,90,90,0,100.0,0,0,100.0,1
CG,search,2,143,2,143,69,69,0,100.0,143,69,69,0,100.0,0,0,100.0,1
CG,search,3,147,2,147,83,83,0,100.0,147,83,83,0,100.0,0,0,100.0,1
CG,search,4,165,2,165,95,95,0,100.0,165,95,95,0,100.0,0,0,100.0,1
CG,search,5,151,1,151,80,80,0,100.0,151,80,80,0,100.0,0,0,100.0,1
CG,search,6,126,2,126,57,57,0,100.0,126,57,57,0,100.0,0,0,100.0,1
CG,search,7,211,2,211,99,99,0,100.0,211,99,99,0,100.0,0,0,100.0,1
CG,search,8,198,2,198,98,98,0,100.0,198,98,98,0,100.0,0,0,100.0,1
CG,search,9,150,1,150,69,69,0,100.0,150,69,69,0,100.0,0,0,100.0,1
CG,search,10,158,2,158,94,94,0,100.0,158,94,94,0,100.0,0,0,100.0,1
PP,calc,1,99,8,99,62,62,0,100.0,99,63,63,0,100.0,0,0,100.0,0
PP,calc,2,102,7,102,71,71,0,100.0,102,71,71,0,100.0,0,0,100.0,1
PP,calc,3,76,12,76,45,45,0,100.0,76,45,45,0,100.0,0,0,100.0,1
PP,calc,4,98,7,98,48,48,0,100.0,98,48,48,0,100.0,0,0,100.0,1
PP,calc,5,111,5,111,70,70,0,100.0,111,70,70,0,100.0,0,0,100.0,1
PP,calc,6,100,9,100,59,59,0,100.0,100,59,59,0,100.0,0,0,100.0,1
PP,calc,7,100,8,100,59,59,0,100.0,100,59,59,0,100.0,0,0,100.0,1
PP,calc,8,86,7,86,56,56,0,100.0,86,56,56,0,100.0,0,0,100.0,1
PP,calc,9,88,3,88,59,59,0,100.0,88,59,59,0,100.0,0,0,100.0,1
PP,calc,10,111,4,111,77,77,0,100.0,111,77,77,0,100.0,0,0,100.0,1
PP,search,1,143,16,143,72,72,0,100.0,143,72,72,0,100.0,0,0,100.0,1
PP,search,2,177,15,177,97,97,0,100.0,177,97,97,0,100.0,0,0,100.0,1
PP,search,3,167,8,167,73,73,0,100.0,167,73,73,0,100.0,0,0,100.0,1
PP,search,4,164,17,164,86,86,0,100.0,164,86,86,0,100.0,0,0,100.0,1
PP,search,5,162,13,162,78,78,0,100.0,162,78,78,0,100.0,0,0,100.0,1
PP,search,6,178,10,178,98,98,0,100.0,178,98,98,0,100.0,0,0,100.0,1
PP,search,7,164,7,164,84,84,0,100.0,164,84,84,0,100.0,0,0,100.0,1
PP,search,8,133,17,133,60,60,0,100.0,133,60,60,0,100.0,0,0,100.0,1
PP,search,9,141,13,141,81,81,0,100.0,141,81,81,0,100.0,0,0,100.0,1
PP,search,10,169,18,169,83,83,0,100.0,169,83,83,0,100.0,0,0,100.0,1
